	D:\visual3d_file\Theia data practical\sidestep\files\pp10 sidestep 001 pose_filt_0.c3d	D:\visual3d_file\Theia data practical\sidestep\files\pp10 sidestep 001 pose_filt_0.c3d	D:\visual3d_file\Theia data practical\sidestep\files\pp10 sidestep 001 pose_filt_0.c3d	D:\visual3d_file\Theia data practical\sidestep\files\pp10 sidestep 001 pose_filt_0.c3d	D:\visual3d_file\Theia data practical\sidestep\files\pp10 sidestep 001 pose_filt_0.c3d	D:\visual3d_file\Theia data practical\sidestep\files\pp10 sidestep 001 pose_filt_0.c3d	D:\visual3d_file\Theia data practical\sidestep\files\pp10 sidestep 001 pose_filt_0.c3d	D:\visual3d_file\Theia data practical\sidestep\files\pp10 sidestep 001 pose_filt_0.c3d	D:\visual3d_file\Theia data practical\sidestep\files\pp10 sidestep 001 pose_filt_0.c3d	D:\visual3d_file\Theia data practical\sidestep\files\pp10 sidestep 001 pose_filt_0.c3d	D:\visual3d_file\Theia data practical\sidestep\files\pp10 sidestep 001 pose_filt_0.c3d	D:\visual3d_file\Theia data practical\sidestep\files\pp10 sidestep 001 pose_filt_0.c3d	D:\visual3d_file\Theia data practical\sidestep\files\pp10 sidestep 001 pose_filt_0.c3d	D:\visual3d_file\Theia data practical\sidestep\files\pp10 sidestep 001 pose_filt_0.c3d	D:\visual3d_file\Theia data practical\sidestep\files\pp10 sidestep 001 pose_filt_0.c3d	D:\visual3d_file\Theia data practical\sidestep\files\pp10 sidestep 001 pose_filt_0.c3d	D:\visual3d_file\Theia data practical\sidestep\files\pp10 sidestep 001 pose_filt_0.c3d	D:\visual3d_file\Theia data practical\sidestep\files\pp10 sidestep 001 pose_filt_0.c3d	D:\visual3d_file\Theia data practical\sidestep\files\pp10 sidestep 001 pose_filt_0.c3d	D:\visual3d_file\Theia data practical\sidestep\files\pp10 sidestep 001 pose_filt_0.c3d	D:\visual3d_file\Theia data practical\sidestep\files\pp10 sidestep 001 pose_filt_0.c3d	D:\visual3d_file\Theia data practical\sidestep\files\pp10 sidestep 001 pose_filt_0.c3d	D:\visual3d_file\Theia data practical\sidestep\files\pp10 sidestep 001 pose_filt_0.c3d	D:\visual3d_file\Theia data practical\sidestep\files\pp10 sidestep 001 pose_filt_0.c3d	D:\visual3d_file\Theia data practical\sidestep\files\pp10 sidestep 001 pose_filt_0.c3d	D:\visual3d_file\Theia data practical\sidestep\files\pp10 sidestep 001 pose_filt_0.c3d	D:\visual3d_file\Theia data practical\sidestep\files\pp10 sidestep 001 pose_filt_0.c3d	D:\visual3d_file\Theia data practical\sidestep\files\pp10 sidestep 001 pose_filt_0.c3d	D:\visual3d_file\Theia data practical\sidestep\files\pp10 sidestep 001 pose_filt_0.c3d	D:\visual3d_file\Theia data practical\sidestep\files\pp10 sidestep 001 pose_filt_0.c3d	D:\visual3d_file\Theia data practical\sidestep\files\pp10 sidestep 001 pose_filt_0.c3d	D:\visual3d_file\Theia data practical\sidestep\files\pp10 sidestep 001 pose_filt_0.c3d	D:\visual3d_file\Theia data practical\sidestep\files\pp10 sidestep 001 pose_filt_0.c3d	D:\visual3d_file\Theia data practical\sidestep\files\pp10 sidestep 001 pose_filt_0.c3d	D:\visual3d_file\Theia data practical\sidestep\files\pp10 sidestep 001 pose_filt_0.c3d	D:\visual3d_file\Theia data practical\sidestep\files\pp10 sidestep 001 pose_filt_0.c3d	D:\visual3d_file\Theia data practical\sidestep\files\pp10 sidestep 001 pose_filt_0.c3d	D:\visual3d_file\Theia data practical\sidestep\files\pp10 sidestep 001 pose_filt_0.c3d	D:\visual3d_file\Theia data practical\sidestep\files\pp10 sidestep 001 pose_filt_0.c3d	D:\visual3d_file\Theia data practical\sidestep\files\pp10 sidestep 001 pose_filt_0.c3d	D:\visual3d_file\Theia data practical\sidestep\files\pp10 sidestep 001 pose_filt_0.c3d	D:\visual3d_file\Theia data practical\sidestep\files\pp10 sidestep 001 pose_filt_0.c3d	D:\visual3d_file\Theia data practical\sidestep\files\pp10 sidestep 001 pose_filt_0.c3d	D:\visual3d_file\Theia data practical\sidestep\files\pp10 sidestep 001 pose_filt_0.c3d	D:\visual3d_file\Theia data practical\sidestep\files\pp10 sidestep 001 pose_filt_0.c3d	D:\visual3d_file\Theia data practical\sidestep\files\pp10 sidestep 001 pose_filt_0.c3d	D:\visual3d_file\Theia data practical\sidestep\files\pp10 sidestep 001 pose_filt_0.c3d	D:\visual3d_file\Theia data practical\sidestep\files\pp10 sidestep 001 pose_filt_0.c3d	D:\visual3d_file\Theia data practical\sidestep\files\pp10 sidestep 001 pose_filt_0.c3d	D:\visual3d_file\Theia data practical\sidestep\files\pp10 sidestep 001 pose_filt_0.c3d	D:\visual3d_file\Theia data practical\sidestep\files\pp10 sidestep 001 pose_filt_0.c3d	D:\visual3d_file\Theia data practical\sidestep\files\pp10 sidestep 001 pose_filt_0.c3d	D:\visual3d_file\Theia data practical\sidestep\files\pp10 sidestep 001 pose_filt_0.c3d	D:\visual3d_file\Theia data practical\sidestep\files\pp10 sidestep 001 pose_filt_0.c3d
	NORMALIZED_WBAM	NORMALIZED_WBAM	NORMALIZED_WBAM	Normalized_LAR	Normalized_LAR	Normalized_LAR	Normalized_LFA	Normalized_LFA	Normalized_LFA	Normalized_LFT	Normalized_LFT	Normalized_LFT	Normalized_LHA	Normalized_LHA	Normalized_LHA	Normalized_LSK	Normalized_LSK	Normalized_LSK	Normalized_LTH	Normalized_LTH	Normalized_LTH	Normalized_LTO	Normalized_LTO	Normalized_LTO	Normalized_RAR	Normalized_RAR	Normalized_RAR	Normalized_RFA	Normalized_RFA	Normalized_RFA	Normalized_RFT	Normalized_RFT	Normalized_RFT	Normalized_RHA	Normalized_RHA	Normalized_RHA	Normalized_RHE	Normalized_RHE	Normalized_RHE	Normalized_RPV	Normalized_RPV	Normalized_RPV	Normalized_RSK	Normalized_RSK	Normalized_RSK	Normalized_RTH	Normalized_RTH	Normalized_RTH	Normalized_RTO	Normalized_RTO	Normalized_RTO	Normalized_RTX	Normalized_RTX	Normalized_RTX
	DERIVED	DERIVED	DERIVED	DERIVED	DERIVED	DERIVED	DERIVED	DERIVED	DERIVED	DERIVED	DERIVED	DERIVED	DERIVED	DERIVED	DERIVED	DERIVED	DERIVED	DERIVED	DERIVED	DERIVED	DERIVED	DERIVED	DERIVED	DERIVED	DERIVED	DERIVED	DERIVED	DERIVED	DERIVED	DERIVED	DERIVED	DERIVED	DERIVED	DERIVED	DERIVED	DERIVED	DERIVED	DERIVED	DERIVED	DERIVED	DERIVED	DERIVED	DERIVED	DERIVED	DERIVED	DERIVED	DERIVED	DERIVED	DERIVED	DERIVED	DERIVED	DERIVED	DERIVED	DERIVED
	PROCESSED	PROCESSED	PROCESSED	Normalized_MC	Normalized_MC	Normalized_MC	Normalized_MC	Normalized_MC	Normalized_MC	Normalized_MC	Normalized_MC	Normalized_MC	Normalized_MC	Normalized_MC	Normalized_MC	Normalized_MC	Normalized_MC	Normalized_MC	Normalized_MC	Normalized_MC	Normalized_MC	Normalized_MC	Normalized_MC	Normalized_MC	Normalized_MC	Normalized_MC	Normalized_MC	Normalized_MC	Normalized_MC	Normalized_MC	Normalized_MC	Normalized_MC	Normalized_MC	Normalized_MC	Normalized_MC	Normalized_MC	Normalized_MC	Normalized_MC	Normalized_MC	Normalized_MC	Normalized_MC	Normalized_MC	Normalized_MC	Normalized_MC	Normalized_MC	Normalized_MC	Normalized_MC	Normalized_MC	Normalized_MC	Normalized_MC	Normalized_MC	Normalized_MC	Normalized_MC	Normalized_MC
ITEM	X	Y	Z	X	Y	Z	X	Y	Z	X	Y	Z	X	Y	Z	X	Y	Z	X	Y	Z	X	Y	Z	X	Y	Z	X	Y	Z	X	Y	Z	X	Y	Z	X	Y	Z	X	Y	Z	X	Y	Z	X	Y	Z	X	Y	Z	X	Y	Z
1																																																						
2																																																						
3	-0.00301	0.00212	-0.00090	-0.00018	-0.00024	-0.00016	-0.00009	-0.00005	-0.00020	-0.00012	0.00025	-0.00003	-0.00001	0.00006	-0.00015	-0.00032	0.00098	-0.00016	-0.00019	0.00066	-0.00008	-0.00001	0.00001	0.00000	-0.00004	0.00004	-0.00004	-0.00007	0.00005	-0.00019	-0.00028	0.00006	-0.00000	-0.00005	-0.00007	-0.00016	-0.00044	-0.00025	0.00002	-0.00003	0.00008	0.00009	-0.00054	0.00028	-0.00000	-0.00026	0.00014	0.00001	-0.00001	0.00000	0.00000	-0.00037	0.00013	0.00015
4	-0.00388	0.00068	-0.00059	-0.00014	-0.00014	-0.00012	-0.00007	-0.00005	-0.00019	-0.00026	0.00026	-0.00002	-0.00000	0.00005	-0.00014	-0.00060	0.00068	-0.00010	-0.00028	0.00029	0.00002	-0.00001	0.00001	0.00000	-0.00009	-0.00004	0.00000	-0.00006	0.00005	-0.00020	-0.00036	0.00005	-0.00000	-0.00004	-0.00007	-0.00017	-0.00067	-0.00061	0.00004	-0.00004	0.00002	0.00013	-0.00063	0.00011	-0.00003	-0.00026	0.00001	-0.00004	-0.00001	0.00000	0.00000	-0.00037	0.00005	0.00022
5	-0.00351	-0.00181	-0.00050	-0.00007	0.00004	-0.00000	-0.00006	-0.00004	-0.00017	-0.00034	0.00014	0.00001	0.00000	0.00005	-0.00014	-0.00052	0.00057	-0.00008	-0.00016	0.00027	-0.00001	-0.00001	0.00001	0.00000	-0.00005	-0.00016	0.00008	-0.00005	0.00005	-0.00018	-0.00027	0.00004	-0.00000	-0.00004	-0.00007	-0.00018	-0.00090	-0.00103	0.00006	0.00001	0.00003	0.00006	-0.00042	-0.00009	-0.00004	-0.00014	-0.00035	-0.00014	-0.00001	0.00000	0.00000	-0.00048	-0.00124	0.00024
6	-0.00358	-0.00112	-0.00118	-0.00007	0.00008	0.00001	-0.00007	-0.00007	-0.00024	-0.00039	0.00005	0.00003	0.00001	0.00006	-0.00017	-0.00059	0.00103	-0.00014	-0.00022	0.00096	-0.00016	-0.00001	0.00000	0.00000	-0.00008	-0.00007	0.00004	-0.00007	0.00004	-0.00018	-0.00025	0.00004	-0.00000	-0.00005	-0.00008	-0.00018	-0.00084	-0.00136	0.00006	0.00005	0.00010	-0.00003	-0.00044	-0.00019	-0.00005	-0.00012	-0.00060	-0.00026	-0.00001	0.00000	0.00000	-0.00043	-0.00112	0.00010
7	-0.00339	0.00166	-0.00143	-0.00012	-0.00001	-0.00003	-0.00007	-0.00006	-0.00022	-0.00044	0.00007	0.00003	0.00001	0.00006	-0.00017	-0.00072	0.00139	-0.00021	-0.00018	0.00144	-0.00030	-0.00001	0.00000	0.00000	-0.00009	0.00008	-0.00004	-0.00005	0.00004	-0.00015	-0.00033	0.00014	0.00001	-0.00003	-0.00006	-0.00014	-0.00060	-0.00078	0.00004	0.00006	0.00011	0.00002	-0.00054	-0.00017	-0.00005	-0.00014	-0.00062	-0.00026	-0.00001	0.00001	0.00000	-0.00013	0.00004	0.00004
8	-0.00331	0.00313	-0.00105	-0.00018	-0.00012	-0.00008	-0.00008	-0.00002	-0.00012	-0.00039	0.00014	0.00001	-0.00000	0.00005	-0.00014	-0.00060	0.00127	-0.00019	-0.00002	0.00123	-0.00030	-0.00001	0.00000	0.00000	-0.00013	0.00006	-0.00003	-0.00005	0.00003	-0.00011	-0.00039	0.00017	0.00001	-0.00002	-0.00005	-0.00011	-0.00062	0.00031	0.00001	0.00008	0.00010	0.00007	-0.00057	-0.00008	-0.00006	-0.00011	-0.00043	-0.00018	-0.00001	0.00001	0.00000	-0.00021	0.00046	0.00018
9	-0.00366	0.00349	-0.00096	-0.00017	-0.00011	-0.00009	-0.00008	-0.00005	-0.00019	-0.00026	0.00026	-0.00002	-0.00000	0.00006	-0.00016	-0.00052	0.00106	-0.00017	-0.00024	0.00085	-0.00023	-0.00001	0.00001	0.00000	-0.00019	0.00000	-0.00001	-0.00008	0.00003	-0.00011	-0.00035	0.00009	0.00000	-0.00004	-0.00005	-0.00011	-0.00078	0.00053	0.00001	0.00006	0.00013	0.00005	-0.00049	0.00006	-0.00005	-0.00003	-0.00011	-0.00009	-0.00001	0.00000	0.00000	-0.00046	0.00072	0.00020
10	-0.00379	0.00420	-0.00103	-0.00017	0.00009	0.00002	-0.00010	-0.00005	-0.00024	-0.00029	0.00033	-0.00003	0.00000	0.00007	-0.00019	-0.00069	0.00149	-0.00024	-0.00046	0.00120	-0.00024	-0.00001	0.00001	0.00000	-0.00015	0.00001	-0.00002	-0.00008	0.00004	-0.00013	-0.00029	0.00009	0.00000	-0.00003	-0.00004	-0.00009	-0.00076	-0.00062	0.00005	0.00003	0.00014	0.00004	-0.00035	0.00018	-0.00001	-0.00003	-0.00003	-0.00010	-0.00001	0.00000	0.00000	-0.00040	0.00128	0.00015
11	-0.00373	0.00308	-0.00047	-0.00021	0.00017	0.00010	-0.00011	0.00001	-0.00011	-0.00034	0.00034	-0.00002	-0.00002	0.00006	-0.00013	-0.00069	0.00176	-0.00028	-0.00033	0.00135	-0.00015	-0.00001	0.00001	0.00000	-0.00014	-0.00009	0.00007	-0.00008	0.00001	-0.00007	-0.00026	0.00017	0.00001	-0.00002	-0.00003	-0.00007	-0.00077	-0.00161	0.00008	0.00005	0.00006	0.00010	-0.00032	0.00020	-0.00000	-0.00011	-0.00019	-0.00018	-0.00001	0.00001	0.00000	-0.00035	0.00086	0.00018
12	-0.00393	0.00132	0.00033	-0.00016	0.00019	0.00011	-0.00009	0.00002	-0.00005	-0.00026	0.00035	-0.00003	-0.00002	0.00005	-0.00010	-0.00049	0.00120	-0.00019	-0.00029	0.00054	0.00009	-0.00001	0.00001	0.00000	-0.00023	-0.00023	0.00016	-0.00011	-0.00002	0.00000	-0.00028	0.00024	0.00002	-0.00004	-0.00003	-0.00005	-0.00102	-0.00104	0.00007	0.00002	-0.00000	0.00023	-0.00045	0.00031	0.00001	-0.00019	-0.00009	-0.00011	-0.00001	0.00000	0.00000	-0.00029	-0.00017	0.00017
13	-0.00396	0.00174	0.00037	-0.00013	0.00035	0.00016	-0.00010	-0.00001	-0.00013	-0.00027	0.00022	-0.00001	0.00000	0.00003	-0.00011	-0.00058	0.00067	-0.00008	-0.00047	0.00026	0.00008	-0.00001	0.00000	0.00000	-0.00020	-0.00020	0.00012	-0.00008	-0.00000	-0.00002	-0.00030	0.00024	0.00002	-0.00004	-0.00003	-0.00005	-0.00102	-0.00005	0.00003	-0.00002	0.00003	0.00019	-0.00046	0.00033	0.00001	-0.00012	0.00004	-0.00001	-0.00001	0.00001	0.00000	-0.00015	-0.00016	0.00017
14	-0.00372	0.00242	-0.00037	-0.00023	0.00023	0.00010	-0.00013	-0.00001	-0.00014	-0.00034	0.00007	0.00002	-0.00000	0.00004	-0.00010	-0.00086	0.00071	-0.00004	-0.00055	0.00082	-0.00018	-0.00001	0.00000	0.00000	-0.00009	-0.00011	0.00007	-0.00006	0.00001	-0.00005	-0.00025	0.00017	0.00001	-0.00002	-0.00003	-0.00006	-0.00052	0.00023	0.00001	0.00002	0.00008	-0.00003	-0.00031	-0.00003	-0.00005	0.00002	-0.00032	-0.00007	-0.00001	0.00001	0.00000	-0.00036	0.00055	0.00015
15	-0.00358	0.00284	-0.00072	-0.00021	-0.00007	-0.00002	-0.00010	0.00001	-0.00009	-0.00032	0.00023	-0.00001	-0.00002	0.00006	-0.00010	-0.00082	0.00103	-0.00010	-0.00049	0.00096	-0.00022	-0.00001	0.00001	0.00000	-0.00011	-0.00003	0.00006	-0.00007	-0.00001	-0.00000	-0.00018	0.00012	0.00001	-0.00004	-0.00002	-0.00005	-0.00025	0.00034	-0.00001	0.00003	0.00006	-0.00006	-0.00026	-0.00017	-0.00006	-0.00006	-0.00047	-0.00013	-0.00001	0.00001	0.00000	-0.00065	0.00081	0.00006
16	-0.00362	0.00242	-0.00007	-0.00010	0.00006	0.00004	-0.00007	0.00002	-0.00005	-0.00026	0.00033	-0.00003	-0.00002	0.00006	-0.00011	-0.00068	0.00096	-0.00012	-0.00045	0.00056	0.00001	-0.00001	0.00001	-0.00000	-0.00014	-0.00001	0.00004	-0.00006	-0.00002	0.00004	-0.00012	0.00008	0.00001	-0.00003	-0.00001	-0.00000	-0.00049	0.00010	0.00001	-0.00001	0.00004	0.00010	-0.00030	0.00005	-0.00001	-0.00023	-0.00012	-0.00008	-0.00001	0.00000	0.00000	-0.00065	0.00033	0.00009
17	-0.00380	0.00109	0.00015	-0.00011	0.00023	0.00011	-0.00007	0.00002	-0.00004	-0.00026	0.00005	0.00002	-0.00000	0.00003	-0.00008	-0.00064	0.00046	-0.00004	-0.00036	0.00040	0.00007	-0.00001	0.00000	0.00000	-0.00008	0.00000	0.00000	-0.00001	-0.00001	0.00002	-0.00017	0.00001	-0.00000	-0.00001	0.00001	0.00002	-0.00072	-0.00033	0.00004	0.00001	0.00004	0.00007	-0.00041	0.00006	-0.00001	-0.00027	0.00002	-0.00007	-0.00001	-0.00000	0.00000	-0.00068	0.00009	0.00004
18	-0.00356	0.00270	-0.00048	-0.00017	0.00013	0.00007	-0.00008	0.00004	0.00001	-0.00024	-0.00002	0.00002	-0.00001	0.00001	-0.00002	-0.00053	0.00056	-0.00005	-0.00012	0.00076	-0.00023	-0.00000	-0.00000	0.00000	-0.00008	0.00005	-0.00001	-0.00001	-0.00000	0.00001	-0.00026	-0.00000	-0.00000	0.00001	0.00001	0.00002	-0.00082	0.00026	0.00001	0.00006	0.00001	-0.00013	-0.00048	0.00012	-0.00003	-0.00022	0.00002	-0.00007	-0.00000	-0.00000	0.00000	-0.00061	0.00075	-0.00008
19	-0.00287	0.00405	-0.00034	-0.00014	0.00016	0.00012	-0.00007	0.00007	0.00005	-0.00020	0.00018	-0.00002	-0.00002	0.00002	-0.00000	-0.00046	0.00070	-0.00008	-0.00005	0.00068	-0.00035	0.00000	0.00000	-0.00000	-0.00009	-0.00004	0.00005	-0.00004	-0.00002	0.00008	-0.00013	0.00002	0.00000	-0.00001	0.00002	0.00004	-0.00084	0.00088	-0.00001	0.00004	-0.00003	-0.00018	-0.00031	0.00032	0.00002	-0.00020	0.00020	-0.00006	-0.00000	-0.00000	0.00000	-0.00033	0.00090	0.00002
20	-0.00326	0.00152	0.00041	-0.00007	0.00030	0.00018	-0.00005	0.00006	0.00004	-0.00019	0.00013	-0.00001	-0.00001	0.00001	-0.00002	-0.00054	-0.00001	0.00006	-0.00032	-0.00009	-0.00004	0.00000	0.00000	-0.00000	-0.00001	-0.00015	0.00011	-0.00002	-0.00003	0.00012	-0.00005	0.00003	0.00000	-0.00001	0.00003	0.00007	-0.00090	0.00018	0.00002	-0.00007	-0.00003	-0.00008	-0.00022	0.00029	0.00003	-0.00027	0.00026	-0.00007	-0.00000	0.00000	0.00000	-0.00053	0.00053	-0.00002
21	-0.00384	0.00101	0.00035	-0.00005	0.00022	0.00013	-0.00003	0.00004	0.00003	-0.00016	-0.00001	0.00001	-0.00000	0.00000	0.00000	-0.00055	-0.00036	0.00011	-0.00048	-0.00023	0.00009	-0.00000	0.00000	-0.00000	-0.00003	-0.00002	0.00002	0.00002	-0.00002	0.00012	-0.00009	0.00017	0.00001	0.00001	0.00005	0.00010	-0.00092	-0.00022	0.00004	-0.00010	0.00001	-0.00006	-0.00024	0.00030	0.00001	-0.00027	0.00015	-0.00002	-0.00000	0.00001	0.00000	-0.00094	0.00093	-0.00026
22	-0.00255	0.00243	-0.00013	-0.00001	0.00004	0.00003	0.00001	0.00003	0.00005	-0.00022	-0.00016	0.00005	0.00000	-0.00001	0.00001	-0.00049	-0.00015	0.00004	-0.00028	0.00025	-0.00015	-0.00000	-0.00000	0.00000	-0.00017	0.00025	-0.00013	0.00000	-0.00002	0.00012	-0.00001	0.00023	0.00002	0.00001	0.00007	0.00016	-0.00042	0.00047	-0.00001	-0.00001	0.00001	-0.00013	-0.00008	0.00033	0.00002	-0.00011	0.00006	0.00004	-0.00000	0.00001	0.00000	-0.00078	0.00103	-0.00024
23	-0.00120	0.00139	0.00006	0.00002	0.00001	0.00001	0.00003	0.00002	0.00005	-0.00038	-0.00045	0.00012	0.00001	-0.00001	0.00001	-0.00052	-0.00048	0.00010	-0.00003	0.00024	-0.00015	-0.00001	-0.00001	0.00000	-0.00014	0.00026	-0.00013	-0.00002	-0.00002	0.00012	0.00004	0.00008	0.00001	0.00000	0.00007	0.00015	0.00011	0.00078	-0.00005	0.00002	-0.00003	-0.00013	0.00003	0.00021	0.00000	0.00002	0.00013	0.00005	-0.00000	0.00000	0.00000	-0.00038	0.00059	-0.00013
24	-0.00153	0.00059	0.00092	-0.00006	0.00003	0.00001	0.00001	0.00000	0.00003	-0.00036	-0.00061	0.00015	0.00001	-0.00002	0.00003	-0.00053	-0.00097	0.00026	-0.00008	-0.00015	0.00010	-0.00001	-0.00002	0.00001	-0.00002	0.00006	-0.00001	0.00001	-0.00003	0.00014	-0.00002	0.00007	0.00001	0.00000	0.00005	0.00011	-0.00008	0.00059	-0.00003	-0.00001	-0.00002	-0.00002	-0.00001	0.00031	0.00002	0.00001	0.00042	0.00018	-0.00000	0.00000	0.00000	-0.00041	0.00088	-0.00007
25	-0.00247	-0.00016	0.00121	-0.00011	-0.00007	-0.00006	0.00002	-0.00002	0.00001	-0.00024	-0.00062	0.00014	0.00002	-0.00004	0.00006	-0.00054	-0.00128	0.00036	-0.00039	-0.00054	0.00014	-0.00001	-0.00002	0.00001	-0.00001	0.00001	0.00001	0.00005	-0.00002	0.00015	-0.00002	0.00020	0.00002	0.00002	0.00006	0.00013	-0.00049	0.00048	-0.00001	-0.00005	0.00000	0.00001	0.00001	0.00047	0.00006	-0.00001	0.00047	0.00024	-0.00000	0.00001	0.00000	-0.00073	0.00076	-0.00004
26	-0.00267	-0.00253	0.00078	-0.00001	-0.00018	-0.00012	0.00007	-0.00005	-0.00001	-0.00033	-0.00080	0.00019	0.00003	-0.00005	0.00006	-0.00066	-0.00175	0.00045	-0.00054	-0.00082	0.00008	-0.00002	-0.00003	0.00001	-0.00002	0.00014	-0.00009	0.00005	-0.00001	0.00011	-0.00001	0.00021	0.00002	0.00004	0.00008	0.00016	-0.00063	0.00016	0.00002	-0.00009	-0.00004	-0.00005	0.00008	0.00031	0.00004	0.00006	0.00025	0.00011	-0.00000	0.00001	0.00000	-0.00070	0.00004	-0.00018
27	-0.00183	-0.00284	0.00115	0.00005	-0.00020	-0.00011	0.00009	-0.00004	0.00002	-0.00045	-0.00105	0.00025	0.00003	-0.00004	0.00006	-0.00064	-0.00205	0.00049	-0.00032	-0.00086	0.00024	-0.00002	-0.00003	0.00001	0.00003	0.00011	-0.00007	0.00003	-0.00001	0.00010	0.00006	0.00018	0.00001	0.00004	0.00009	0.00018	-0.00046	0.00016	0.00001	-0.00008	-0.00007	0.00001	0.00012	0.00040	0.00004	0.00006	0.00041	0.00013	-0.00000	0.00001	0.00000	-0.00038	0.00016	-0.00022
28	-0.00113	-0.00174	0.00187	0.00002	-0.00024	-0.00013	0.00007	-0.00002	0.00004	-0.00043	-0.00113	0.00027	0.00001	-0.00004	0.00008	-0.00041	-0.00190	0.00045	-0.00004	-0.00075	0.00034	-0.00002	-0.00004	0.00001	-0.00002	0.00002	-0.00002	0.00003	-0.00002	0.00017	0.00017	0.00024	0.00002	0.00003	0.00008	0.00018	-0.00019	0.00088	-0.00004	-0.00003	-0.00005	0.00012	0.00013	0.00066	0.00006	-0.00007	0.00062	0.00030	0.00000	0.00001	0.00000	-0.00040	-0.00005	0.00004
29	-0.00084	-0.00244	0.00153	0.00006	-0.00023	-0.00012	0.00007	-0.00002	0.00005	-0.00037	-0.00125	0.00028	0.00001	-0.00006	0.00012	-0.00034	-0.00179	0.00039	0.00000	-0.00044	0.00006	-0.00002	-0.00005	0.00001	-0.00012	0.00007	-0.00005	0.00003	-0.00003	0.00022	0.00012	0.00026	0.00002	0.00004	0.00008	0.00018	-0.00030	0.00098	-0.00004	0.00001	-0.00007	0.00005	0.00021	0.00045	0.00007	0.00011	0.00027	0.00019	0.00000	0.00001	0.00000	-0.00036	-0.00062	0.00011
30	-0.00016	-0.00284	0.00116	0.00008	-0.00011	-0.00007	0.00008	-0.00000	0.00010	-0.00026	-0.00145	0.00031	0.00001	-0.00006	0.00014	-0.00036	-0.00188	0.00041	-0.00005	-0.00011	-0.00008	-0.00002	-0.00006	0.00001	-0.00007	-0.00003	0.00004	0.00003	-0.00004	0.00020	-0.00000	0.00021	0.00002	0.00003	0.00007	0.00015	-0.00042	0.00060	-0.00002	0.00003	-0.00007	-0.00005	0.00031	0.00020	0.00005	0.00041	0.00005	0.00005	0.00000	0.00001	0.00000	0.00005	-0.00015	-0.00011
31	-0.00002	-0.00215	0.00148	-0.00008	-0.00013	-0.00011	0.00006	0.00000	0.00012	-0.00017	-0.00151	0.00032	0.00000	-0.00006	0.00017	-0.00028	-0.00204	0.00046	-0.00008	-0.00019	0.00012	-0.00002	-0.00005	0.00001	0.00006	-0.00013	0.00010	0.00006	-0.00002	0.00013	0.00001	0.00022	0.00002	0.00004	0.00006	0.00012	-0.00006	0.00089	-0.00005	0.00002	-0.00001	0.00001	0.00018	0.00037	0.00004	0.00025	0.00033	0.00018	0.00000	0.00001	0.00000	-0.00002	0.00011	-0.00016
32	-0.00045	-0.00195	0.00144	-0.00009	-0.00027	-0.00017	0.00007	-0.00001	0.00009	-0.00030	-0.00151	0.00033	0.00001	-0.00008	0.00018	-0.00037	-0.00213	0.00047	-0.00004	-0.00035	0.00015	-0.00001	-0.00005	0.00001	0.00008	0.00004	-0.00003	0.00009	0.00001	0.00008	0.00008	0.00022	0.00002	0.00006	0.00007	0.00011	0.00016	0.00092	-0.00006	0.00002	0.00001	0.00002	0.00005	0.00063	0.00005	0.00003	0.00063	0.00030	0.00000	0.00001	0.00000	-0.00031	-0.00008	-0.00011
33	-0.00029	-0.00267	0.00130	0.00014	-0.00021	-0.00010	0.00011	-0.00001	0.00010	-0.00035	-0.00156	0.00034	0.00003	-0.00007	0.00015	-0.00042	-0.00225	0.00047	0.00004	-0.00043	0.00004	-0.00001	-0.00006	0.00001	0.00005	0.00010	-0.00008	0.00005	-0.00000	0.00009	0.00005	0.00017	0.00001	0.00005	0.00006	0.00012	-0.00021	0.00009	0.00001	0.00002	-0.00008	-0.00004	0.00009	0.00070	0.00007	0.00012	0.00074	0.00028	0.00000	0.00000	-0.00000	-0.00007	0.00012	-0.00017
34	0.00020	-0.00411	0.00159	0.00022	0.00001	0.00001	0.00010	0.00001	0.00013	-0.00010	-0.00147	0.00032	0.00001	-0.00004	0.00011	-0.00010	-0.00238	0.00050	0.00008	-0.00074	0.00008	-0.00000	-0.00006	0.00001	0.00005	-0.00003	0.00004	0.00002	-0.00003	0.00013	0.00000	0.00016	0.00002	0.00002	0.00005	0.00010	-0.00053	-0.00066	0.00007	0.00002	-0.00011	-0.00002	0.00015	0.00054	0.00007	0.00020	0.00059	0.00019	0.00000	0.00000	-0.00000	0.00007	0.00005	-0.00015
35	0.00100	-0.00373	0.00149	0.00014	0.00000	-0.00002	0.00007	0.00001	0.00010	0.00006	-0.00123	0.00026	-0.00001	-0.00003	0.00010	0.00011	-0.00220	0.00048	0.00008	-0.00081	0.00016	-0.00000	-0.00004	0.00001	0.00004	-0.00004	0.00005	0.00003	-0.00004	0.00014	0.00011	0.00020	0.00002	0.00002	0.00004	0.00009	-0.00012	-0.00014	0.00001	0.00001	-0.00003	-0.00002	0.00029	0.00043	0.00007	0.00021	0.00040	0.00015	0.00000	0.00000	-0.00000	-0.00004	-0.00025	-0.00012
36	0.00175	-0.00296	0.00136	0.00008	-0.00020	-0.00013	0.00006	-0.00002	0.00004	0.00004	-0.00120	0.00025	0.00000	-0.00004	0.00011	0.00003	-0.00205	0.00045	0.00009	-0.00068	0.00025	0.00000	-0.00004	0.00001	0.00002	-0.00002	0.00003	0.00003	-0.00003	0.00013	0.00028	0.00021	0.00001	0.00002	0.00004	0.00010	0.00037	0.00073	-0.00006	-0.00000	-0.00001	0.00002	0.00042	0.00050	0.00008	0.00017	0.00044	0.00022	0.00001	0.00001	-0.00000	0.00013	-0.00060	-0.00015
37	0.00153	-0.00515	0.00161	0.00005	-0.00021	-0.00013	0.00004	-0.00001	0.00004	0.00009	-0.00129	0.00028	0.00001	-0.00005	0.00011	0.00016	-0.00221	0.00047	0.00011	-0.00089	0.00031	0.00001	-0.00005	0.00001	-0.00001	-0.00009	0.00008	0.00000	-0.00003	0.00010	0.00032	0.00014	0.00000	0.00001	0.00003	0.00007	-0.00004	-0.00028	0.00002	-0.00001	-0.00008	0.00007	0.00040	0.00039	0.00006	0.00005	0.00038	0.00015	0.00001	0.00001	-0.00000	0.00034	-0.00089	-0.00002
38	0.00169	-0.00525	0.00143	0.00011	-0.00009	-0.00003	0.00004	0.00001	0.00007	0.00016	-0.00112	0.00025	-0.00001	-0.00003	0.00008	0.00039	-0.00195	0.00044	0.00015	-0.00084	0.00022	0.00000	-0.00004	0.00001	-0.00000	-0.00005	0.00003	0.00000	-0.00000	0.00003	0.00023	0.00009	0.00000	0.00000	0.00001	0.00001	-0.00039	-0.00107	0.00008	-0.00001	-0.00011	0.00002	0.00041	0.00023	0.00003	0.00011	0.00026	0.00001	0.00001	0.00000	-0.00000	0.00048	-0.00057	0.00017
39	0.00254	-0.00249	0.00153	0.00015	-0.00003	0.00006	0.00005	0.00004	0.00011	0.00019	-0.00096	0.00022	-0.00002	-0.00001	0.00004	0.00035	-0.00159	0.00040	0.00011	-0.00056	0.00023	0.00000	-0.00004	0.00001	0.00011	-0.00000	-0.00003	0.00002	0.00002	-0.00002	0.00015	0.00021	0.00002	0.00000	0.00000	0.00000	0.00008	-0.00000	-0.00000	-0.00001	-0.00004	0.00007	0.00043	0.00036	0.00005	0.00026	0.00036	0.00015	0.00001	0.00001	-0.00000	0.00065	-0.00027	0.00022
40	0.00307	-0.00398	0.00219	0.00014	0.00018	0.00018	0.00004	0.00006	0.00015	0.00027	-0.00112	0.00025	-0.00002	-0.00000	0.00003	0.00039	-0.00206	0.00048	0.00011	-0.00086	0.00037	0.00001	-0.00004	0.00001	0.00014	-0.00014	0.00008	0.00001	-0.00000	0.00001	0.00016	0.00027	0.00002	-0.00001	-0.00000	0.00001	0.00053	-0.00008	-0.00002	-0.00002	-0.00001	0.00012	0.00039	0.00041	0.00006	0.00025	0.00038	0.00026	0.00001	0.00001	-0.00000	0.00066	-0.00096	0.00018
41	0.00384	-0.00732	0.00192	0.00013	0.00032	0.00020	0.00002	0.00005	0.00010	0.00036	-0.00124	0.00028	-0.00003	0.00000	0.00002	0.00069	-0.00247	0.00053	0.00033	-0.00121	0.00036	0.00001	-0.00004	0.00001	0.00006	-0.00028	0.00018	0.00000	-0.00002	0.00005	0.00024	0.00018	0.00001	-0.00002	-0.00002	-0.00002	0.00068	-0.00100	0.00003	0.00003	-0.00006	-0.00004	0.00047	0.00034	0.00007	0.00022	0.00023	0.00011	0.00001	0.00001	-0.00000	0.00062	-0.00210	0.00004
42	0.00418	-0.00640	0.00137	0.00008	0.00010	0.00005	-0.00000	0.00002	0.00004	0.00026	-0.00116	0.00026	-0.00003	0.00000	0.00003	0.00072	-0.00217	0.00049	0.00050	-0.00106	0.00026	0.00001	-0.00004	0.00001	0.00011	-0.00021	0.00012	0.00003	-0.00000	-0.00000	0.00025	0.00019	0.00001	-0.00001	-0.00002	-0.00005	0.00067	-0.00066	0.00001	0.00007	-0.00004	-0.00008	0.00055	0.00044	0.00008	0.00027	0.00027	0.00012	0.00001	0.00001	-0.00000	0.00068	-0.00205	0.00002
43	0.00384	-0.00456	0.00201	0.00004	-0.00008	-0.00001	0.00000	0.00003	0.00005	0.00029	-0.00099	0.00023	-0.00001	-0.00001	0.00003	0.00077	-0.00214	0.00052	0.00039	-0.00130	0.00045	0.00001	-0.00003	0.00001	0.00016	-0.00009	0.00004	0.00002	0.00001	-0.00002	0.00023	0.00025	0.00002	-0.00001	-0.00002	-0.00003	0.00056	-0.00048	0.00000	0.00002	-0.00000	0.00012	0.00048	0.00060	0.00009	0.00023	0.00062	0.00033	0.00001	0.00001	-0.00000	0.00064	-0.00091	0.00019
44	0.00456	-0.00502	0.00292	0.00014	0.00003	0.00009	0.00003	0.00004	0.00009	0.00071	-0.00063	0.00020	0.00000	0.00000	-0.00000	0.00126	-0.00223	0.00059	0.00030	-0.00197	0.00075	0.00001	-0.00002	0.00000	0.00000	-0.00017	0.00011	-0.00003	-0.00002	0.00004	0.00031	0.00022	0.00001	-0.00003	-0.00002	-0.00001	0.00062	-0.00124	0.00004	-0.00000	-0.00004	0.00024	0.00041	0.00066	0.00007	0.00007	0.00084	0.00041	0.00001	0.00001	-0.00000	0.00072	-0.00049	0.00031
45	0.00554	-0.00559	0.00259	0.00021	0.00013	0.00010	0.00003	0.00003	0.00005	0.00082	-0.00029	0.00014	-0.00001	0.00001	-0.00002	0.00139	-0.00187	0.00055	0.00041	-0.00204	0.00074	0.00001	-0.00001	0.00000	-0.00004	-0.00022	0.00014	-0.00003	-0.00002	0.00001	0.00035	0.00026	0.00001	-0.00003	-0.00003	-0.00004	0.00061	-0.00147	0.00006	0.00005	-0.00007	0.00019	0.00049	0.00048	0.00005	0.00015	0.00048	0.00032	0.00001	0.00001	-0.00000	0.00111	-0.00099	0.00030
46	0.00488	-0.00553	0.00169	0.00015	0.00002	-0.00002	0.00001	-0.00002	-0.00003	0.00042	-0.00022	0.00009	-0.00001	0.00001	-0.00001	0.00089	-0.00177	0.00048	0.00042	-0.00193	0.00074	0.00001	0.00000	-0.00000	0.00014	-0.00004	0.00003	-0.00000	0.00000	-0.00005	0.00032	0.00030	0.00002	-0.00003	-0.00004	-0.00006	0.00043	-0.00045	0.00001	0.00010	-0.00006	0.00008	0.00066	0.00027	0.00004	0.00040	0.00014	0.00023	0.00001	0.00001	0.00000	0.00095	-0.00175	0.00013
47	0.00417	-0.00417	0.00160	0.00014	-0.00011	-0.00008	0.00003	-0.00002	-0.00002	0.00029	-0.00017	0.00007	-0.00001	0.00001	-0.00002	0.00076	-0.00179	0.00044	0.00036	-0.00202	0.00088	0.00001	0.00000	-0.00000	0.00016	0.00001	0.00001	-0.00001	-0.00001	0.00000	0.00038	0.00029	0.00002	-0.00003	-0.00003	-0.00004	0.00060	0.00069	-0.00005	0.00008	-0.00003	0.00008	0.00075	0.00052	0.00008	0.00034	0.00047	0.00026	0.00001	0.00001	0.00000	0.00031	-0.00198	-0.00004
48	0.00477	-0.00217	0.00172	0.00014	-0.00019	-0.00005	0.00002	0.00001	0.00001	0.00050	-0.00001	0.00006	-0.00001	0.00002	-0.00004	0.00104	-0.00125	0.00035	0.00044	-0.00168	0.00069	0.00001	0.00000	-0.00000	0.00006	-0.00015	0.00011	-0.00004	-0.00002	0.00001	0.00040	0.00033	0.00002	-0.00003	-0.00003	-0.00004	0.00085	0.00055	-0.00006	0.00005	-0.00001	0.00015	0.00064	0.00079	0.00012	0.00017	0.00069	0.00029	0.00001	0.00001	-0.00000	0.00052	-0.00122	0.00010
49	0.00499	-0.00291	0.00166	0.00006	-0.00018	-0.00007	-0.00001	-0.00000	-0.00003	0.00059	0.00004	0.00005	-0.00000	0.00001	-0.00003	0.00109	-0.00093	0.00032	0.00044	-0.00144	0.00050	0.00001	0.00001	-0.00000	0.00009	-0.00020	0.00013	-0.00004	-0.00001	-0.00006	0.00028	0.00037	0.00003	-0.00003	-0.00004	-0.00007	0.00062	-0.00093	0.00002	0.00005	-0.00004	0.00017	0.00054	0.00069	0.00013	0.00025	0.00040	0.00026	0.00001	0.00001	-0.00000	0.00106	-0.00067	0.00029
50	0.00405	-0.00472	0.00204	0.00001	0.00004	0.00001	-0.00000	-0.00000	0.00001	0.00047	0.00008	0.00004	0.00001	-0.00001	0.00001	0.00090	-0.00119	0.00036	0.00029	-0.00183	0.00076	0.00001	0.00001	-0.00000	0.00013	-0.00012	0.00009	-0.00003	-0.00002	-0.00004	0.00028	0.00042	0.00004	-0.00004	-0.00005	-0.00008	0.00038	-0.00207	0.00008	0.00004	-0.00005	0.00017	0.00053	0.00068	0.00013	0.00020	0.00034	0.00031	0.00001	0.00001	-0.00000	0.00085	-0.00096	0.00016
51	0.00382	-0.00473	0.00220	0.00006	0.00022	0.00011	0.00001	0.00002	0.00007	0.00037	0.00010	0.00002	0.00000	0.00000	0.00000	0.00087	-0.00129	0.00035	0.00039	-0.00196	0.00084	0.00001	0.00001	-0.00000	0.00008	-0.00015	0.00012	-0.00003	-0.00002	-0.00003	0.00039	0.00032	0.00002	-0.00004	-0.00005	-0.00009	0.00044	-0.00172	0.00006	0.00002	-0.00003	0.00018	0.00052	0.00065	0.00011	-0.00001	0.00050	0.00036	0.00001	0.00001	-0.00000	0.00072	-0.00133	0.00007
52	0.00426	-0.00467	0.00172	0.00005	0.00005	0.00003	0.00001	0.00000	0.00001	0.00043	0.00001	0.00004	0.00001	0.00002	-0.00005	0.00101	-0.00112	0.00034	0.00055	-0.00160	0.00055	0.00001	0.00000	-0.00000	0.00001	-0.00034	0.00020	-0.00003	-0.00001	-0.00004	0.00038	0.00009	-0.00001	-0.00003	-0.00004	-0.00007	0.00036	-0.00145	0.00005	0.00004	-0.00001	0.00014	0.00050	0.00042	0.00007	0.00002	0.00048	0.00025	0.00001	0.00000	-0.00000	0.00093	-0.00119	0.00021
53	0.00366	-0.00427	0.00129	-0.00001	-0.00010	-0.00004	-0.00001	-0.00001	-0.00004	0.00046	-0.00000	0.00005	0.00001	0.00001	-0.00004	0.00087	-0.00093	0.00030	0.00033	-0.00137	0.00045	0.00001	0.00000	-0.00000	-0.00000	-0.00033	0.00017	-0.00002	-0.00002	0.00002	0.00036	0.00005	-0.00001	-0.00004	-0.00003	-0.00004	0.00046	-0.00149	0.00005	0.00002	-0.00001	0.00009	0.00053	0.00047	0.00007	0.00009	0.00047	0.00013	0.00001	-0.00000	-0.00000	0.00060	-0.00096	0.00015
54	0.00315	-0.00196	0.00102	0.00000	-0.00001	0.00000	-0.00003	0.00000	-0.00003	0.00034	0.00011	0.00002	-0.00000	-0.00000	-0.00000	0.00057	-0.00076	0.00022	0.00010	-0.00127	0.00050	0.00001	0.00001	-0.00000	0.00002	-0.00004	0.00005	-0.00003	-0.00003	0.00005	0.00047	0.00023	0.00000	-0.00004	-0.00004	-0.00004	0.00087	-0.00060	0.00001	-0.00004	-0.00001	0.00006	0.00056	0.00067	0.00009	-0.00004	0.00045	0.00014	0.00001	0.00001	-0.00000	0.00038	-0.00067	-0.00006
55	0.00376	-0.00089	0.00081	0.00001	0.00002	-0.00002	-0.00003	-0.00002	-0.00005	0.00033	0.00016	0.00001	-0.00000	0.00000	-0.00000	0.00063	-0.00074	0.00022	0.00030	-0.00118	0.00043	0.00002	0.00001	-0.00000	0.00008	0.00002	0.00007	-0.00001	-0.00003	0.00001	0.00047	0.00030	0.00001	-0.00002	-0.00004	-0.00007	0.00068	-0.00050	0.00001	0.00000	0.00000	0.00002	0.00053	0.00065	0.00010	-0.00003	0.00041	0.00017	0.00001	0.00001	-0.00000	0.00081	0.00004	-0.00009
56	0.00385	-0.00254	0.00070	-0.00001	-0.00001	-0.00005	-0.00001	-0.00003	-0.00007	0.00048	0.00010	0.00003	0.00001	0.00001	-0.00002	0.00080	-0.00074	0.00024	0.00031	-0.00114	0.00033	0.00001	0.00000	-0.00000	0.00011	-0.00023	0.00015	0.00001	-0.00001	0.00000	0.00033	0.00016	0.00000	-0.00001	-0.00003	-0.00006	0.00037	-0.00141	0.00005	0.00007	0.00001	-0.00002	0.00048	0.00053	0.00009	0.00015	0.00040	0.00015	0.00001	0.00001	-0.00000	0.00072	-0.00014	-0.00013
57	0.00302	-0.00247	0.00062	0.00004	-0.00008	-0.00006	0.00000	-0.00003	-0.00007	0.00047	0.00011	0.00003	0.00001	0.00001	-0.00003	0.00063	-0.00047	0.00017	0.00002	-0.00096	0.00031	0.00001	0.00000	-0.00000	0.00006	-0.00023	0.00008	0.00002	0.00001	-0.00000	0.00023	0.00010	0.00000	0.00000	0.00000	0.00001	0.00075	-0.00111	0.00003	0.00001	0.00003	0.00003	0.00043	0.00053	0.00009	0.00018	0.00043	0.00017	0.00001	0.00000	-0.00000	0.00015	-0.00080	-0.00014
58	0.00282	-0.00128	0.00094	0.00010	-0.00019	-0.00011	0.00002	-0.00003	-0.00005	0.00034	0.00023	0.00000	0.00000	0.00001	-0.00002	0.00043	-0.00023	0.00013	-0.00007	-0.00094	0.00043	0.00001	0.00001	-0.00000	-0.00001	-0.00002	-0.00002	-0.00000	0.00002	-0.00001	0.00022	0.00024	0.00002	0.00000	0.00001	0.00003	0.00091	-0.00066	0.00002	-0.00004	0.00004	0.00013	0.00042	0.00077	0.00013	0.00018	0.00052	0.00018	0.00001	0.00001	-0.00000	0.00028	-0.00106	0.00009
59	0.00359	-0.00263	0.00134	0.00009	-0.00005	-0.00004	0.00003	-0.00002	-0.00002	0.00036	0.00024	-0.00000	0.00001	0.00000	-0.00001	0.00043	-0.00045	0.00017	-0.00004	-0.00122	0.00060	0.00001	0.00001	-0.00000	0.00005	-0.00001	0.00001	0.00000	-0.00000	0.00003	0.00032	0.00024	0.00001	-0.00001	0.00000	0.00001	0.00063	-0.00107	0.00003	-0.00002	0.00006	0.00009	0.00062	0.00088	0.00014	0.00032	0.00061	0.00009	0.00001	0.00001	-0.00000	0.00077	-0.00186	0.00022
60	0.00344	-0.00307	0.00082	0.00005	0.00008	0.00002	0.00001	-0.00002	-0.00004	0.00037	0.00002	0.00003	0.00001	0.00000	-0.00003	0.00047	-0.00058	0.00017	0.00001	-0.00096	0.00052	0.00001	0.00000	-0.00000	0.00015	-0.00003	0.00003	0.00004	-0.00001	0.00005	0.00048	0.00006	-0.00002	-0.00001	0.00001	0.00002	0.00021	-0.00139	0.00004	0.00002	0.00009	-0.00006	0.00075	0.00075	0.00012	0.00024	0.00059	0.00001	0.00002	0.00000	-0.00000	0.00060	-0.00171	-0.00003
61	0.00204	-0.00176	0.00008	0.00006	-0.00009	-0.00005	0.00002	-0.00001	-0.00003	0.00030	-0.00010	0.00004	0.00000	0.00001	-0.00003	0.00054	-0.00019	0.00011	0.00016	-0.00026	0.00025	0.00001	0.00000	-0.00000	0.00010	0.00007	-0.00005	0.00003	0.00002	-0.00002	0.00047	0.00002	-0.00003	0.00001	0.00002	0.00003	-0.00022	-0.00172	0.00005	0.00001	0.00008	-0.00014	0.00052	0.00069	0.00012	-0.00008	0.00048	-0.00001	0.00002	-0.00000	-0.00000	0.00009	-0.00077	-0.00014
62	0.00275	-0.00165	0.00041	0.00014	-0.00010	-0.00002	0.00004	0.00002	0.00006	0.00034	0.00001	0.00003	0.00000	-0.00000	0.00002	0.00055	-0.00004	0.00010	0.00014	-0.00021	0.00012	0.00001	0.00000	-0.00000	0.00000	0.00016	-0.00010	0.00000	0.00003	-0.00008	0.00034	0.00003	-0.00002	0.00001	0.00002	0.00002	0.00051	-0.00178	0.00006	-0.00003	0.00006	-0.00009	0.00041	0.00060	0.00011	-0.00002	0.00043	0.00003	0.00001	-0.00000	-0.00000	0.00029	-0.00087	0.00015
63	0.00470	-0.00086	0.00115	0.00014	0.00006	0.00007	0.00003	0.00003	0.00009	0.00033	0.00003	0.00003	0.00001	-0.00002	0.00004	0.00049	-0.00028	0.00013	0.00010	-0.00048	0.00024	0.00001	-0.00000	-0.00000	0.00001	0.00010	-0.00006	0.00003	0.00002	-0.00002	0.00029	0.00001	-0.00001	0.00001	0.00002	0.00004	0.00159	-0.00141	0.00006	-0.00006	0.00009	0.00001	0.00053	0.00059	0.00010	0.00023	0.00066	0.00018	0.00001	-0.00000	-0.00000	0.00095	-0.00028	0.00026
64	0.00352	-0.00001	0.00103	0.00004	-0.00007	-0.00002	0.00001	0.00002	0.00004	0.00023	-0.00010	0.00004	0.00001	-0.00001	0.00002	0.00056	-0.00026	0.00014	0.00023	-0.00042	0.00033	0.00001	-0.00000	0.00000	0.00003	-0.00004	-0.00001	0.00005	0.00001	0.00004	0.00032	0.00005	-0.00001	0.00002	0.00003	0.00006	0.00077	-0.00139	0.00004	-0.00007	0.00009	0.00003	0.00045	0.00092	0.00013	0.00002	0.00094	0.00022	0.00001	0.00000	-0.00000	0.00082	0.00022	-0.00003
65	0.00195	-0.00207	0.00014	0.00009	-0.00023	-0.00014	0.00003	-0.00003	-0.00004	0.00028	-0.00008	0.00004	0.00002	-0.00001	0.00000	0.00062	-0.00019	0.00013	0.00019	-0.00051	0.00026	0.00001	0.00000	-0.00000	0.00006	0.00001	-0.00006	0.00006	0.00004	-0.00003	0.00035	0.00004	-0.00002	0.00003	0.00004	0.00005	-0.00024	-0.00167	0.00003	-0.00004	0.00005	-0.00006	0.00042	0.00104	0.00016	-0.00009	0.00084	0.00006	0.00001	-0.00000	-0.00000	0.00015	-0.00141	-0.00025
66	0.00312	-0.00316	-0.00014	0.00022	-0.00019	-0.00013	0.00008	-0.00005	-0.00005	0.00043	0.00000	0.00004	0.00003	-0.00003	0.00003	0.00052	-0.00038	0.00011	-0.00001	-0.00073	0.00021	0.00001	0.00000	-0.00000	0.00012	0.00021	-0.00015	0.00007	0.00005	-0.00008	0.00030	0.00006	-0.00001	0.00004	0.00003	0.00003	0.00061	-0.00155	0.00005	0.00002	0.00006	-0.00009	0.00048	0.00091	0.00017	0.00021	0.00068	0.00002	0.00001	-0.00000	-0.00000	-0.00002	-0.00224	-0.00028
67	0.00358	-0.00046	0.00042	0.00019	-0.00012	-0.00006	0.00008	-0.00001	0.00003	0.00037	-0.00004	0.00004	0.00004	-0.00003	0.00003	0.00043	-0.00026	0.00010	-0.00001	-0.00043	0.00024	0.00001	-0.00000	-0.00000	0.00011	0.00017	-0.00010	0.00006	0.00003	-0.00003	0.00023	0.00022	0.00002	0.00003	0.00003	0.00003	0.00129	-0.00108	0.00006	-0.00002	0.00010	-0.00003	0.00039	0.00103	0.00018	0.00021	0.00075	0.00009	0.00001	0.00000	-0.00000	0.00016	-0.00082	-0.00018
68	0.00246	0.00118	0.00062	0.00007	-0.00010	-0.00004	0.00004	-0.00000	0.00002	0.00020	-0.00007	0.00003	0.00002	-0.00000	-0.00001	0.00037	0.00009	0.00008	0.00005	-0.00000	0.00020	0.00001	-0.00000	-0.00000	0.00007	0.00000	-0.00000	0.00006	0.00001	0.00001	0.00026	0.00029	0.00003	0.00003	0.00003	0.00003	0.00056	-0.00129	0.00004	-0.00008	0.00007	-0.00005	0.00043	0.00112	0.00017	0.00007	0.00070	0.00005	0.00001	0.00001	0.00000	0.00028	0.00033	0.00007
69	0.00209	-0.00071	0.00006	0.00007	-0.00028	-0.00017	0.00004	-0.00004	-0.00007	0.00021	-0.00008	0.00003	0.00003	-0.00001	-0.00001	0.00030	-0.00011	0.00008	-0.00008	-0.00022	0.00014	0.00001	0.00000	-0.00000	0.00001	0.00008	-0.00005	0.00005	0.00002	-0.00001	0.00025	0.00020	0.00001	0.00003	0.00003	0.00003	0.00020	-0.00172	0.00003	-0.00004	0.00004	-0.00015	0.00054	0.00096	0.00015	0.00022	0.00055	0.00001	0.00001	0.00001	-0.00000	0.00023	-0.00014	0.00005
70	0.00221	-0.00287	-0.00068	0.00013	-0.00060	-0.00037	0.00010	-0.00008	-0.00010	0.00025	-0.00011	0.00004	0.00005	-0.00003	0.00002	0.00028	-0.00052	0.00011	-0.00020	-0.00063	0.00018	0.00001	-0.00000	-0.00000	-0.00005	0.00023	-0.00015	0.00003	0.00003	-0.00002	0.00019	0.00005	-0.00001	0.00003	0.00003	0.00003	0.00067	-0.00123	0.00005	-0.00004	0.00002	-0.00022	0.00048	0.00071	0.00011	0.00025	0.00045	-0.00005	0.00001	-0.00000	-0.00000	0.00000	-0.00117	-0.00031
71	0.00251	-0.00307	-0.00098	0.00011	-0.00058	-0.00040	0.00011	-0.00009	-0.00011	0.00028	-0.00008	0.00004	0.00006	-0.00003	0.00000	0.00031	-0.00043	0.00010	-0.00018	-0.00050	0.00018	0.00001	-0.00000	-0.00000	-0.00000	0.00022	-0.00015	0.00004	0.00004	-0.00003	0.00028	-0.00011	-0.00004	0.00005	0.00004	0.00004	0.00060	-0.00074	0.00003	-0.00005	-0.00002	-0.00021	0.00052	0.00032	0.00003	0.00017	0.00023	-0.00017	0.00001	-0.00001	-0.00000	0.00019	-0.00134	-0.00027
72	0.00290	-0.00210	-0.00065	-0.00001	-0.00033	-0.00026	0.00005	-0.00008	-0.00012	0.00034	0.00001	0.00003	0.00005	-0.00001	-0.00002	0.00039	-0.00008	0.00005	-0.00005	-0.00021	0.00010	0.00001	0.00000	-0.00000	0.00015	0.00022	-0.00014	0.00007	0.00004	-0.00004	0.00036	-0.00013	-0.00005	0.00005	0.00004	0.00003	0.00008	-0.00092	0.00001	-0.00001	0.00002	-0.00011	0.00058	0.00014	-0.00001	0.00016	0.00012	-0.00015	0.00001	-0.00000	-0.00000	0.00066	-0.00093	0.00003
73	0.00234	-0.00213	-0.00070	-0.00003	-0.00035	-0.00024	0.00005	-0.00005	-0.00009	0.00022	0.00005	0.00001	0.00005	-0.00003	0.00001	0.00034	-0.00007	0.00005	0.00005	-0.00028	0.00006	0.00001	0.00000	-0.00000	0.00021	0.00027	-0.00015	0.00007	0.00004	-0.00007	0.00030	-0.00008	-0.00003	0.00002	0.00000	-0.00002	-0.00006	-0.00142	0.00001	-0.00003	0.00008	-0.00004	0.00048	0.00019	0.00000	0.00007	0.00020	-0.00008	0.00001	-0.00000	-0.00000	0.00056	-0.00068	-0.00013
74	0.00164	-0.00375	-0.00122	0.00008	-0.00051	-0.00034	0.00010	-0.00007	-0.00009	0.00008	-0.00004	0.00001	0.00005	-0.00004	0.00003	0.00015	-0.00026	0.00005	-0.00007	-0.00043	0.00006	0.00001	0.00000	-0.00000	0.00012	0.00019	-0.00013	0.00005	0.00006	-0.00011	0.00027	-0.00001	-0.00002	0.00002	-0.00001	-0.00004	0.00000	-0.00203	0.00002	-0.00004	0.00003	-0.00003	0.00046	0.00012	-0.00001	0.00008	0.00002	-0.00015	0.00001	0.00000	-0.00000	0.00025	-0.00076	-0.00046
75	0.00222	-0.00470	-0.00115	0.00009	-0.00050	-0.00036	0.00007	-0.00010	-0.00018	0.00022	-0.00012	0.00003	0.00005	-0.00004	0.00002	0.00019	-0.00018	0.00006	-0.00017	-0.00028	0.00004	0.00001	-0.00000	-0.00000	0.00009	0.00006	-0.00007	0.00003	0.00005	-0.00010	0.00027	0.00011	0.00000	0.00003	0.00001	-0.00002	0.00028	-0.00188	0.00004	0.00004	-0.00004	-0.00002	0.00056	-0.00002	-0.00003	0.00031	-0.00040	-0.00021	0.00001	0.00000	-0.00000	0.00015	-0.00138	-0.00036
76	0.00295	-0.00397	-0.00080	-0.00002	-0.00040	-0.00030	0.00001	-0.00008	-0.00020	0.00037	-0.00004	0.00004	0.00003	-0.00001	-0.00002	0.00040	-0.00000	0.00009	-0.00006	-0.00011	0.00003	0.00001	-0.00000	-0.00000	0.00011	0.00002	-0.00003	0.00002	0.00002	-0.00005	0.00026	0.00001	-0.00002	0.00001	-0.00000	-0.00002	0.00077	-0.00113	0.00006	0.00003	-0.00002	-0.00005	0.00056	-0.00020	-0.00007	0.00031	-0.00049	-0.00018	0.00001	0.00000	-0.00000	0.00012	-0.00153	-0.00009
77	0.00235	-0.00259	-0.00076	-0.00005	-0.00041	-0.00028	0.00000	-0.00006	-0.00015	0.00031	0.00006	0.00002	0.00002	0.00001	-0.00005	0.00040	-0.00001	0.00009	-0.00001	-0.00014	0.00008	0.00001	0.00000	-0.00000	0.00004	0.00001	-0.00003	0.00002	0.00003	-0.00008	0.00028	-0.00027	-0.00007	-0.00000	-0.00002	-0.00007	0.00064	-0.00101	0.00005	-0.00006	0.00005	-0.00006	0.00044	-0.00028	-0.00008	0.00002	-0.00007	-0.00009	0.00001	-0.00001	-0.00000	0.00030	-0.00048	-0.00004
78	0.00135	-0.00137	-0.00068	-0.00003	-0.00044	-0.00029	0.00001	-0.00005	-0.00013	0.00021	0.00010	0.00001	0.00003	0.00001	-0.00005	0.00026	0.00009	0.00005	-0.00006	-0.00015	0.00009	0.00001	0.00000	-0.00000	-0.00000	0.00004	-0.00005	0.00000	0.00005	-0.00012	0.00022	-0.00023	-0.00006	-0.00001	-0.00003	-0.00008	-0.00016	-0.00111	-0.00000	-0.00005	0.00008	0.00003	0.00039	-0.00006	-0.00003	0.00003	0.00023	0.00002	0.00001	-0.00001	-0.00000	0.00049	0.00011	-0.00006
79	0.00159	-0.00105	-0.00046	0.00003	-0.00024	-0.00018	0.00003	-0.00005	-0.00011	0.00022	0.00004	0.00002	0.00003	-0.00000	-0.00003	0.00026	0.00009	0.00003	0.00001	-0.00005	0.00001	0.00000	0.00000	-0.00000	0.00009	0.00014	-0.00008	-0.00002	0.00003	-0.00010	0.00018	0.00000	-0.00001	-0.00002	-0.00003	-0.00007	-0.00042	-0.00064	-0.00002	0.00006	0.00002	0.00004	0.00038	0.00003	-0.00000	0.00025	-0.00002	0.00001	0.00000	0.00000	-0.00000	0.00050	-0.00036	0.00004
80	0.00160	-0.00217	-0.00044	0.00013	0.00004	-0.00002	0.00003	-0.00005	-0.00010	0.00015	-0.00025	0.00004	0.00003	-0.00001	-0.00002	0.00019	-0.00038	0.00006	0.00007	-0.00006	0.00006	0.00000	-0.00001	0.00000	0.00015	0.00014	-0.00008	0.00000	0.00003	-0.00010	0.00019	-0.00013	-0.00004	-0.00001	-0.00004	-0.00008	-0.00005	-0.00027	-0.00000	0.00008	-0.00003	-0.00005	0.00019	-0.00022	-0.00004	0.00010	-0.00012	-0.00003	0.00000	-0.00000	-0.00000	0.00035	-0.00082	-0.00003
81	0.00021	-0.00346	-0.00060	0.00010	0.00008	0.00000	0.00000	-0.00004	-0.00014	-0.00002	-0.00046	0.00004	0.00002	0.00003	-0.00007	-0.00002	-0.00082	0.00007	-0.00002	-0.00027	0.00018	0.00000	-0.00001	0.00000	0.00009	0.00003	-0.00003	-0.00001	0.00004	-0.00012	0.00008	-0.00063	-0.00013	-0.00002	-0.00004	-0.00009	0.00006	-0.00017	0.00001	-0.00003	0.00002	-0.00006	-0.00006	-0.00047	-0.00007	-0.00017	0.00033	0.00006	0.00000	-0.00002	-0.00001	0.00020	-0.00104	-0.00024
82	-0.00003	-0.00317	-0.00073	0.00000	-0.00012	-0.00008	-0.00002	-0.00003	-0.00014	0.00003	-0.00032	0.00003	0.00002	0.00006	-0.00013	0.00003	-0.00057	0.00007	-0.00005	-0.00021	0.00008	0.00001	-0.00001	0.00000	0.00001	-0.00002	0.00000	-0.00005	0.00003	-0.00014	-0.00007	-0.00098	-0.00018	-0.00003	-0.00005	-0.00010	0.00009	0.00029	0.00000	-0.00010	0.00006	-0.00004	-0.00011	-0.00064	-0.00010	-0.00013	0.00060	0.00018	0.00000	-0.00003	-0.00001	0.00034	-0.00123	-0.00018
83	0.00087	-0.00291	-0.00078	-0.00002	-0.00032	-0.00018	-0.00001	-0.00004	-0.00017	0.00015	-0.00022	0.00004	0.00002	0.00006	-0.00014	0.00024	-0.00006	0.00006	0.00017	0.00021	-0.00004	0.00000	-0.00001	0.00000	-0.00003	-0.00003	-0.00000	-0.00005	0.00004	-0.00015	-0.00013	-0.00109	-0.00019	-0.00005	-0.00006	-0.00012	0.00029	0.00023	0.00002	-0.00001	-0.00001	0.00002	-0.00021	-0.00093	-0.00016	-0.00009	0.00037	0.00018	-0.00000	-0.00004	-0.00001	0.00059	-0.00102	0.00006
84	0.00000	-0.00438	-0.00084	0.00001	-0.00027	-0.00016	-0.00002	-0.00005	-0.00019	0.00005	-0.00030	0.00003	0.00001	0.00005	-0.00011	0.00014	-0.00024	0.00003	0.00028	0.00012	-0.00003	-0.00000	-0.00001	0.00000	-0.00009	0.00003	-0.00003	-0.00007	0.00003	-0.00014	-0.00017	-0.00127	-0.00023	-0.00004	-0.00006	-0.00012	0.00002	-0.00082	0.00001	0.00006	-0.00005	0.00005	-0.00049	-0.00120	-0.00019	-0.00021	0.00030	0.00014	-0.00000	-0.00005	-0.00001	0.00052	-0.00060	0.00010
85	-0.00190	-0.00611	-0.00083	0.00003	-0.00003	-0.00001	-0.00003	-0.00001	-0.00011	-0.00005	-0.00043	0.00004	-0.00000	0.00004	-0.00007	-0.00007	-0.00096	0.00006	0.00004	-0.00043	0.00002	-0.00000	-0.00001	0.00000	-0.00007	0.00011	-0.00006	-0.00007	0.00002	-0.00011	-0.00024	-0.00151	-0.00028	-0.00002	-0.00006	-0.00013	-0.00057	-0.00138	-0.00003	-0.00000	0.00001	-0.00006	-0.00059	-0.00128	-0.00020	-0.00028	0.00056	0.00019	-0.00000	-0.00006	-0.00001	0.00004	-0.00069	-0.00005
86	-0.00160	-0.00689	-0.00065	0.00007	0.00004	0.00006	-0.00002	0.00001	-0.00005	-0.00003	-0.00053	0.00005	-0.00000	0.00004	-0.00008	-0.00002	-0.00114	0.00012	0.00000	-0.00047	0.00015	0.00000	-0.00002	0.00000	0.00003	-0.00001	-0.00001	-0.00003	0.00003	-0.00012	-0.00028	-0.00172	-0.00031	-0.00001	-0.00006	-0.00015	-0.00023	-0.00109	-0.00001	-0.00004	0.00001	-0.00006	-0.00046	-0.00146	-0.00024	-0.00019	0.00069	0.00022	-0.00001	-0.00007	-0.00001	-0.00039	-0.00113	-0.00021
87	-0.00011	-0.00692	-0.00069	0.00006	-0.00007	-0.00004	0.00001	-0.00003	-0.00010	0.00003	-0.00045	0.00004	0.00001	0.00007	-0.00013	0.00012	-0.00066	0.00011	0.00018	-0.00013	0.00018	0.00000	-0.00002	0.00000	0.00000	-0.00015	0.00005	-0.00004	0.00004	-0.00014	-0.00033	-0.00193	-0.00035	-0.00002	-0.00005	-0.00013	0.00062	-0.00080	0.00006	-0.00001	-0.00008	0.00008	-0.00044	-0.00188	-0.00033	-0.00007	0.00049	0.00018	-0.00001	-0.00008	-0.00001	-0.00022	-0.00120	-0.00016
88	-0.00072	-0.00775	-0.00102	-0.00003	-0.00022	-0.00018	-0.00001	-0.00005	-0.00015	0.00005	-0.00040	0.00004	0.00000	0.00008	-0.00014	0.00007	-0.00064	0.00008	0.00011	-0.00017	0.00006	-0.00000	-0.00001	0.00000	-0.00011	-0.00001	-0.00002	-0.00007	0.00004	-0.00014	-0.00039	-0.00207	-0.00037	-0.00003	-0.00004	-0.00009	0.00043	-0.00115	0.00004	-0.00001	-0.00010	0.00010	-0.00061	-0.00221	-0.00037	-0.00016	0.00027	0.00018	-0.00002	-0.00008	-0.00001	0.00004	-0.00099	-0.00006
89	-0.00199	-0.00951	-0.00110	-0.00006	-0.00029	-0.00018	-0.00005	-0.00000	-0.00010	-0.00004	-0.00053	0.00004	-0.00002	0.00007	-0.00011	0.00000	-0.00117	0.00014	0.00016	-0.00050	0.00011	-0.00000	-0.00002	0.00000	-0.00007	0.00010	-0.00008	-0.00003	0.00004	-0.00012	-0.00049	-0.00210	-0.00038	0.00001	-0.00003	-0.00007	-0.00019	-0.00172	-0.00000	-0.00001	-0.00003	-0.00002	-0.00073	-0.00227	-0.00038	-0.00026	0.00020	0.00024	-0.00002	-0.00009	-0.00001	-0.00019	-0.00118	-0.00018
90	-0.00189	-0.01063	-0.00088	0.00006	-0.00019	-0.00003	-0.00003	0.00003	-0.00004	-0.00011	-0.00058	0.00004	-0.00002	0.00006	-0.00010	0.00009	-0.00122	0.00017	0.00042	-0.00048	0.00021	-0.00000	-0.00002	0.00000	-0.00001	0.00010	-0.00009	0.00003	0.00004	-0.00011	-0.00070	-0.00206	-0.00038	0.00004	-0.00002	-0.00007	-0.00034	-0.00168	-0.00002	0.00005	-0.00004	-0.00002	-0.00086	-0.00243	-0.00043	-0.00014	-0.00002	0.00015	-0.00003	-0.00009	-0.00001	-0.00035	-0.00204	-0.00017
91	-0.00248	-0.01213	-0.00095	0.00013	-0.00008	0.00002	-0.00001	-0.00000	-0.00010	-0.00015	-0.00074	0.00005	-0.00000	0.00005	-0.00010	0.00001	-0.00110	0.00012	0.00036	-0.00021	0.00023	-0.00000	-0.00002	0.00000	-0.00005	0.00007	-0.00008	0.00002	0.00004	-0.00011	-0.00074	-0.00210	-0.00039	0.00002	-0.00002	-0.00006	-0.00052	-0.00151	-0.00004	0.00010	-0.00010	0.00011	-0.00100	-0.00286	-0.00051	-0.00018	-0.00050	-0.00007	-0.00003	-0.00009	-0.00001	-0.00043	-0.00295	-0.00000
92	-0.00383	-0.01312	-0.00129	0.00007	-0.00001	-0.00003	-0.00002	-0.00003	-0.00016	-0.00020	-0.00100	0.00007	-0.00000	0.00004	-0.00008	-0.00014	-0.00130	0.00011	0.00018	-0.00007	0.00014	-0.00001	-0.00003	0.00000	-0.00013	-0.00007	0.00000	-0.00001	0.00003	-0.00006	-0.00065	-0.00221	-0.00040	0.00001	-0.00000	-0.00001	-0.00073	-0.00130	-0.00006	0.00005	-0.00008	0.00010	-0.00108	-0.00318	-0.00056	-0.00043	-0.00080	-0.00016	-0.00003	-0.00009	-0.00001	-0.00070	-0.00301	-0.00018
93	-0.00351	-0.01200	-0.00132	0.00002	0.00009	0.00005	-0.00004	0.00002	-0.00002	-0.00017	-0.00083	0.00006	-0.00002	0.00004	-0.00004	-0.00015	-0.00113	0.00008	0.00012	0.00008	-0.00009	-0.00001	-0.00003	0.00000	-0.00019	-0.00011	0.00003	0.00002	0.00002	-0.00002	-0.00060	-0.00229	-0.00041	0.00004	0.00003	0.00005	-0.00054	-0.00116	-0.00004	0.00000	-0.00007	0.00003	-0.00094	-0.00339	-0.00059	-0.00032	-0.00093	-0.00011	-0.00002	-0.00009	-0.00001	-0.00070	-0.00225	-0.00026
94	-0.00269	-0.01177	-0.00139	-0.00000	0.00007	0.00009	-0.00006	0.00007	0.00006	-0.00014	-0.00065	0.00004	-0.00005	0.00006	-0.00004	-0.00027	-0.00083	0.00000	-0.00002	0.00028	-0.00031	-0.00000	-0.00002	0.00000	-0.00013	0.00002	-0.00003	0.00006	0.00002	-0.00002	-0.00051	-0.00233	-0.00041	0.00005	0.00003	0.00006	-0.00018	-0.00159	0.00000	-0.00000	-0.00011	0.00001	-0.00067	-0.00373	-0.00063	-0.00009	-0.00122	-0.00018	-0.00002	-0.00009	-0.00001	-0.00065	-0.00177	-0.00003
95	-0.00334	-0.01227	-0.00177	-0.00012	0.00008	0.00007	-0.00009	0.00008	0.00003	-0.00013	-0.00077	0.00005	-0.00007	0.00009	-0.00006	-0.00022	-0.00059	-0.00002	0.00006	0.00076	-0.00040	-0.00000	-0.00003	0.00000	-0.00002	0.00004	-0.00002	0.00007	0.00000	0.00003	-0.00051	-0.00237	-0.00041	0.00004	0.00004	0.00008	-0.00032	-0.00164	-0.00001	0.00002	-0.00009	-0.00002	-0.00083	-0.00404	-0.00069	-0.00033	-0.00166	-0.00040	-0.00002	-0.00009	-0.00001	-0.00087	-0.00207	0.00002
96	-0.00394	-0.01151	-0.00131	-0.00013	0.00028	0.00021	-0.00010	0.00013	0.00013	-0.00002	-0.00088	0.00008	-0.00008	0.00008	-0.00001	0.00014	0.00001	-0.00001	0.00034	0.00154	-0.00040	-0.00001	-0.00003	0.00000	-0.00011	-0.00021	0.00012	0.00006	-0.00003	0.00010	-0.00060	-0.00236	-0.00043	0.00005	0.00006	0.00013	-0.00089	-0.00142	-0.00008	0.00003	-0.00005	0.00003	-0.00113	-0.00420	-0.00076	-0.00061	-0.00203	-0.00051	-0.00002	-0.00009	-0.00002	-0.00087	-0.00230	0.00008
97	-0.00378	-0.01203	-0.00077	-0.00001	0.00029	0.00027	-0.00008	0.00014	0.00019	0.00000	-0.00088	0.00009	-0.00007	0.00006	0.00001	0.00022	0.00031	-0.00003	0.00033	0.00179	-0.00048	-0.00001	-0.00003	0.00000	-0.00026	-0.00063	0.00035	0.00007	-0.00004	0.00015	-0.00060	-0.00226	-0.00041	0.00007	0.00008	0.00016	-0.00103	-0.00171	-0.00009	-0.00001	-0.00008	0.00011	-0.00102	-0.00433	-0.00078	-0.00051	-0.00236	-0.00055	-0.00002	-0.00009	-0.00001	-0.00087	-0.00230	0.00026
98	-0.00440	-0.01304	-0.00175	0.00001	0.00009	0.00011	-0.00008	0.00010	0.00011	-0.00021	-0.00091	0.00005	-0.00007	0.00007	-0.00001	-0.00010	0.00033	-0.00012	0.00018	0.00195	-0.00077	-0.00001	-0.00004	0.00000	-0.00021	-0.00075	0.00042	0.00010	-0.00006	0.00017	-0.00048	-0.00217	-0.00037	0.00006	0.00006	0.00014	-0.00092	-0.00147	-0.00008	-0.00003	-0.00005	0.00001	-0.00080	-0.00453	-0.00077	-0.00048	-0.00277	-0.00075	-0.00002	-0.00008	-0.00001	-0.00135	-0.00281	0.00012
99	-0.00547	-0.01095	-0.00269	-0.00012	0.00021	0.00016	-0.00009	0.00014	0.00022	-0.00045	-0.00102	0.00002	-0.00009	0.00006	0.00005	-0.00049	0.00111	-0.00030	0.00010	0.00318	-0.00107	-0.00001	-0.00004	0.00000	-0.00011	-0.00046	0.00027	0.00008	-0.00006	0.00019	-0.00040	-0.00211	-0.00035	0.00003	0.00005	0.00012	-0.00103	-0.00095	-0.00011	-0.00002	0.00002	-0.00005	-0.00071	-0.00475	-0.00077	-0.00055	-0.00323	-0.00097	-0.00002	-0.00008	-0.00001	-0.00158	-0.00302	-0.00009
100	-0.00623	-0.00872	-0.00274	-0.00021	0.00049	0.00033	-0.00011	0.00021	0.00037	-0.00050	-0.00097	0.00000	-0.00010	0.00004	0.00013	-0.00077	0.00225	-0.00050	-0.00016	0.00449	-0.00126	-0.00001	-0.00004	0.00000	-0.00019	-0.00030	0.00020	0.00004	-0.00006	0.00019	-0.00044	-0.00203	-0.00035	0.00003	0.00006	0.00016	-0.00104	-0.00189	-0.00009	-0.00008	0.00001	0.00006	-0.00075	-0.00510	-0.00084	-0.00057	-0.00380	-0.00110	-0.00002	-0.00008	-0.00001	-0.00135	-0.00199	-0.00005
101	-0.00766	-0.00928	-0.00365	-0.00016	0.00037	0.00026	-0.00010	0.00017	0.00026	-0.00045	-0.00065	-0.00003	-0.00010	0.00006	0.00008	-0.00102	0.00316	-0.00068	-0.00057	0.00499	-0.00151	-0.00001	-0.00004	0.00000	-0.00033	-0.00042	0.00026	0.00004	-0.00007	0.00023	-0.00045	-0.00210	-0.00036	0.00005	0.00008	0.00020	-0.00128	-0.00348	-0.00008	-0.00016	-0.00004	0.00011	-0.00094	-0.00552	-0.00095	-0.00070	-0.00433	-0.00128	-0.00001	-0.00007	-0.00001	-0.00146	-0.00139	-0.00016
102	-0.00845	-0.00854	-0.00452	-0.00007	0.00011	0.00013	-0.00008	0.00012	0.00017	-0.00061	-0.00035	-0.00010	-0.00008	0.00005	0.00004	-0.00140	0.00403	-0.00087	-0.00067	0.00553	-0.00168	-0.00001	-0.00003	0.00000	-0.00034	-0.00047	0.00030	0.00003	-0.00009	0.00029	-0.00027	-0.00230	-0.00033	0.00005	0.00009	0.00023	-0.00162	-0.00347	-0.00012	-0.00013	0.00005	0.00004	-0.00084	-0.00564	-0.00094	-0.00078	-0.00429	-0.00144	-0.00000	-0.00006	-0.00001	-0.00162	-0.00181	-0.00022
103	-0.00782	-0.00682	-0.00374	-0.00002	0.00021	0.00023	-0.00006	0.00017	0.00031	-0.00088	-0.00015	-0.00018	-0.00007	0.00001	0.00015	-0.00185	0.00457	-0.00102	-0.00070	0.00586	-0.00150	-0.00001	-0.00003	0.00000	-0.00040	-0.00045	0.00030	-0.00006	-0.00011	0.00031	-0.00012	-0.00246	-0.00030	0.00002	0.00008	0.00023	-0.00115	-0.00297	-0.00007	-0.00009	0.00015	0.00002	-0.00048	-0.00562	-0.00084	-0.00059	-0.00396	-0.00143	-0.00001	-0.00006	-0.00001	-0.00136	-0.00207	0.00007
104	-0.00778	-0.00687	-0.00300	0.00001	0.00055	0.00044	-0.00001	0.00021	0.00045	-0.00093	-0.00003	-0.00021	-0.00007	-0.00000	0.00021	-0.00204	0.00474	-0.00107	-0.00086	0.00568	-0.00131	-0.00001	-0.00004	0.00000	-0.00061	-0.00039	0.00026	-0.00018	-0.00012	0.00030	-0.00020	-0.00253	-0.00033	-0.00001	0.00007	0.00024	-0.00066	-0.00367	0.00004	-0.00008	0.00013	-0.00001	-0.00050	-0.00545	-0.00082	-0.00040	-0.00373	-0.00136	-0.00001	-0.00007	-0.00001	-0.00122	-0.00222	0.00019
105	-0.00746	-0.00367	-0.00332	0.00005	0.00070	0.00052	0.00007	0.00019	0.00045	-0.00081	0.00008	-0.00020	-0.00006	-0.00000	0.00018	-0.00174	0.00530	-0.00112	-0.00060	0.00593	-0.00146	-0.00002	-0.00004	0.00000	-0.00075	-0.00031	0.00020	-0.00024	-0.00013	0.00031	-0.00036	-0.00232	-0.00037	-0.00002	0.00006	0.00025	-0.00111	-0.00349	-0.00005	0.00008	0.00013	-0.00009	-0.00074	-0.00451	-0.00078	-0.00024	-0.00319	-0.00121	-0.00000	-0.00007	-0.00001	-0.00097	-0.00199	0.00004
106	-0.00645	0.00009	-0.00329	0.00015	0.00062	0.00049	0.00015	0.00016	0.00047	-0.00072	0.00039	-0.00022	-0.00002	-0.00003	0.00019	-0.00134	0.00595	-0.00116	-0.00022	0.00617	-0.00155	-0.00002	-0.00002	0.00000	-0.00081	-0.00036	0.00023	-0.00029	-0.00015	0.00036	-0.00036	-0.00202	-0.00034	-0.00004	0.00006	0.00027	-0.00165	-0.00238	-0.00020	0.00029	0.00021	-0.00011	-0.00069	-0.00363	-0.00067	-0.00014	-0.00270	-0.00106	-0.00001	-0.00007	-0.00001	-0.00074	-0.00212	0.00002
107	-0.00651	-0.00285	-0.00260	0.00027	0.00052	0.00046	0.00020	0.00016	0.00050	-0.00069	0.00081	-0.00027	0.00003	-0.00008	0.00028	-0.00119	0.00586	-0.00112	-0.00047	0.00553	-0.00134	-0.00003	0.00001	-0.00000	-0.00090	-0.00051	0.00034	-0.00035	-0.00019	0.00045	-0.00022	-0.00224	-0.00030	-0.00006	0.00005	0.00032	-0.00142	-0.00236	-0.00015	0.00024	0.00023	-0.00003	-0.00049	-0.00415	-0.00064	-0.00021	-0.00291	-0.00114	-0.00000	-0.00007	-0.00001	-0.00121	-0.00352	0.00006
108	-0.00637	-0.00782	-0.00165	0.00015	0.00016	0.00019	0.00023	0.00011	0.00044	-0.00057	0.00104	-0.00028	0.00008	-0.00014	0.00040	-0.00109	0.00495	-0.00094	-0.00094	0.00427	-0.00094	-0.00003	0.00003	-0.00001	-0.00086	-0.00059	0.00044	-0.00035	-0.00024	0.00061	-0.00010	-0.00264	-0.00029	-0.00008	0.00007	0.00039	-0.00108	-0.00257	-0.00008	0.00002	0.00014	0.00012	-0.00015	-0.00501	-0.00061	-0.00008	-0.00316	-0.00117	-0.00000	-0.00008	-0.00001	-0.00151	-0.00415	0.00008
109	-0.00544	-0.01114	-0.00092	-0.00005	-0.00022	-0.00007	0.00020	0.00009	0.00045	-0.00034	0.00147	-0.00031	0.00009	-0.00017	0.00047	-0.00090	0.00411	-0.00074	-0.00121	0.00319	-0.00053	-0.00001	0.00007	-0.00001	-0.00058	-0.00066	0.00054	-0.00022	-0.00023	0.00069	-0.00002	-0.00270	-0.00026	-0.00004	0.00012	0.00045	-0.00137	-0.00328	-0.00009	-0.00015	0.00003	0.00023	0.00019	-0.00553	-0.00055	0.00013	-0.00349	-0.00115	0.00000	-0.00009	-0.00001	-0.00118	-0.00386	-0.00002
110	-0.00502	-0.01099	-0.00180	-0.00001	0.00012	0.00016	0.00014	0.00017	0.00060	-0.00012	0.00264	-0.00048	0.00005	-0.00015	0.00047	-0.00073	0.00521	-0.00091	-0.00134	0.00373	-0.00067	0.00000	0.00015	-0.00002	-0.00031	-0.00067	0.00053	-0.00003	-0.00013	0.00057	0.00002	-0.00279	-0.00025	0.00003	0.00019	0.00043	-0.00139	-0.00429	-0.00003	-0.00018	0.00011	0.00015	0.00003	-0.00664	-0.00074	-0.00016	-0.00481	-0.00149	0.00000	-0.00009	-0.00001	-0.00101	-0.00373	-0.00010
111	-0.00411	-0.00891	-0.00246	0.00010	0.00062	0.00050	0.00005	0.00022	0.00067	0.00012	0.00333	-0.00056	-0.00003	-0.00011	0.00042	-0.00045	0.00627	-0.00109	-0.00130	0.00432	-0.00093	0.00000	0.00017	-0.00003	-0.00027	-0.00056	0.00041	0.00010	-0.00003	0.00046	-0.00004	-0.00288	-0.00029	0.00010	0.00025	0.00041	-0.00073	-0.00311	0.00004	-0.00020	0.00016	0.00008	-0.00031	-0.00773	-0.00101	-0.00047	-0.00602	-0.00167	-0.00000	-0.00010	-0.00001	-0.00079	-0.00372	0.00015
112	-0.00239	-0.01296	-0.00044	-0.00003	0.00049	0.00044	-0.00013	0.00021	0.00057	0.00019	0.00248	-0.00040	-0.00010	-0.00006	0.00031	-0.00032	0.00432	-0.00071	-0.00106	0.00265	-0.00039	-0.00000	0.00011	-0.00002	-0.00019	-0.00059	0.00046	0.00022	0.00000	0.00056	-0.00001	-0.00267	-0.00025	0.00015	0.00032	0.00048	-0.00029	-0.00183	0.00006	-0.00029	-0.00003	0.00024	-0.00001	-0.00774	-0.00087	-0.00015	-0.00598	-0.00137	-0.00000	-0.00010	-0.00001	-0.00035	-0.00456	0.00046
113	-0.00097	-0.01737	0.00094	-0.00030	0.00027	0.00029	-0.00033	0.00017	0.00048	0.00004	0.00186	-0.00031	-0.00014	-0.00002	0.00020	-0.00053	0.00294	-0.00043	-0.00073	0.00147	0.00002	-0.00000	0.00007	-0.00001	0.00001	-0.00070	0.00063	0.00035	0.00004	0.00065	0.00010	-0.00253	-0.00017	0.00020	0.00041	0.00054	0.00018	-0.00299	0.00025	-0.00022	-0.00004	0.00020	0.00039	-0.00741	-0.00063	0.00020	-0.00577	-0.00126	0.00000	-0.00009	-0.00001	-0.00020	-0.00503	0.00052
114	0.00136	-0.01572	0.00089	-0.00039	0.00037	0.00033	-0.00041	0.00017	0.00048	0.00000	0.00226	-0.00038	-0.00014	-0.00002	0.00018	-0.00054	0.00353	-0.00055	-0.00045	0.00170	-0.00018	0.00001	0.00009	-0.00001	0.00013	-0.00067	0.00063	0.00042	0.00009	0.00062	0.00023	-0.00244	-0.00008	0.00025	0.00047	0.00050	0.00140	-0.00410	0.00064	-0.00009	0.00014	0.00003	0.00059	-0.00719	-0.00050	0.00036	-0.00583	-0.00131	0.00000	-0.00010	-0.00001	-0.00001	-0.00421	0.00052
115	0.00536	-0.01542	0.00284	-0.00025	0.00040	0.00036	-0.00039	0.00015	0.00038	0.00013	0.00204	-0.00034	-0.00014	-0.00000	0.00010	-0.00011	0.00221	-0.00034	-0.00019	0.00033	0.00010	0.00001	0.00009	-0.00001	0.00022	-0.00059	0.00060	0.00044	0.00011	0.00058	0.00046	-0.00210	0.00010	0.00023	0.00044	0.00043	0.00261	-0.00353	0.00093	-0.00017	0.00005	0.00024	0.00112	-0.00625	-0.00005	0.00073	-0.00490	-0.00090	0.00001	-0.00010	-0.00001	0.00066	-0.00377	0.00070
116	0.00897	-0.01827	0.00521	-0.00010	0.00011	0.00014	-0.00028	0.00006	0.00015	0.00031	0.00111	-0.00019	-0.00009	0.00002	-0.00003	0.00051	-0.00056	0.00012	0.00015	-0.00203	0.00075	0.00001	0.00006	-0.00001	0.00038	-0.00052	0.00057	0.00043	0.00014	0.00045	0.00060	-0.00186	0.00022	0.00018	0.00034	0.00033	0.00300	-0.00286	0.00100	-0.00030	-0.00017	0.00054	0.00162	-0.00483	0.00046	0.00099	-0.00317	-0.00020	0.00000	-0.00011	-0.00001	0.00156	-0.00399	0.00093
117	0.01166	-0.02098	0.00540	0.00002	-0.00026	-0.00013	-0.00016	-0.00002	-0.00001	0.00042	0.00030	-0.00005	-0.00005	0.00002	-0.00005	0.00112	-0.00245	0.00037	0.00059	-0.00327	0.00085	0.00000	0.00003	-0.00000	0.00053	-0.00026	0.00039	0.00037	0.00020	0.00019	0.00053	-0.00208	0.00015	0.00012	0.00024	0.00021	0.00351	-0.00329	0.00116	-0.00033	-0.00023	0.00040	0.00168	-0.00389	0.00063	0.00101	-0.00186	0.00032	-0.00000	-0.00012	-0.00002	0.00229	-0.00402	0.00099
118	0.01389	-0.02153	0.00416	0.00026	-0.00043	-0.00022	-0.00011	-0.00008	-0.00017	0.00042	-0.00067	0.00010	-0.00007	0.00004	-0.00016	0.00147	-0.00385	0.00051	0.00111	-0.00352	0.00050	0.00000	-0.00002	0.00000	0.00065	0.00001	0.00020	0.00031	0.00025	-0.00003	0.00038	-0.00250	-0.00001	0.00008	0.00017	0.00012	0.00457	-0.00315	0.00148	-0.00018	-0.00019	-0.00002	0.00136	-0.00307	0.00053	0.00106	-0.00086	0.00051	0.00000	-0.00015	-0.00002	0.00259	-0.00350	0.00084
119	0.01484	-0.01866	0.00391	0.00056	-0.00050	-0.00027	-0.00000	-0.00020	-0.00051	0.00049	-0.00179	0.00027	-0.00006	0.00008	-0.00045	0.00159	-0.00515	0.00070	0.00156	-0.00380	0.00056	0.00001	-0.00007	0.00001	0.00072	-0.00002	0.00024	0.00026	0.00022	-0.00007	0.00022	-0.00259	-0.00015	0.00004	0.00008	0.00008	0.00488	-0.00123	0.00155	0.00012	-0.00021	-0.00007	0.00068	-0.00156	0.00028	0.00095	0.00074	0.00077	0.00000	-0.00016	-0.00002	0.00283	-0.00251	0.00099
120	0.01483	-0.01728	0.00651	0.00070	-0.00053	-0.00036	0.00019	-0.00028	-0.00069	0.00063	-0.00294	0.00044	-0.00000	0.00008	-0.00055	0.00176	-0.00714	0.00106	0.00178	-0.00506	0.00130	0.00001	-0.00011	0.00002	0.00070	-0.00017	0.00036	0.00021	0.00014	-0.00002	0.00017	-0.00242	-0.00017	-0.00001	-0.00003	0.00002	0.00454	-0.00042	0.00142	0.00023	-0.00024	0.00043	0.00008	0.00028	0.00020	0.00057	0.00331	0.00161	0.00001	-0.00014	-0.00001	0.00326	-0.00164	0.00145
121	0.01494	-0.01941	0.00884	0.00073	-0.00060	-0.00043	0.00029	-0.00025	-0.00059	0.00067	-0.00418	0.00062	0.00005	0.00005	-0.00040	0.00204	-0.00953	0.00142	0.00182	-0.00639	0.00180	0.00000	-0.00013	0.00002	0.00061	-0.00007	0.00025	0.00012	0.00011	-0.00010	0.00038	-0.00237	-0.00002	-0.00004	-0.00009	-0.00008	0.00467	-0.00195	0.00144	0.00013	-0.00018	0.00066	0.00002	0.00192	0.00047	0.00018	0.00596	0.00239	0.00002	-0.00011	-0.00000	0.00325	-0.00159	0.00137
122	0.01358	-0.01900	0.00651	0.00083	-0.00092	-0.00068	0.00041	-0.00032	-0.00069	0.00043	-0.00469	0.00067	0.00011	0.00001	-0.00038	0.00192	-0.00988	0.00142	0.00185	-0.00609	0.00151	-0.00000	-0.00015	0.00002	0.00042	0.00012	0.00002	-0.00001	0.00013	-0.00029	0.00038	-0.00213	0.00000	-0.00008	-0.00014	-0.00019	0.00443	-0.00271	0.00135	0.00021	-0.00019	0.00022	-0.00005	0.00325	0.00061	0.00008	0.00691	0.00223	0.00003	-0.00010	0.00001	0.00261	-0.00211	0.00068
123	0.01092	-0.01356	0.00278	0.00088	-0.00132	-0.00102	0.00054	-0.00046	-0.00097	0.00016	-0.00432	0.00058	0.00020	-0.00002	-0.00047	0.00145	-0.00839	0.00117	0.00177	-0.00486	0.00110	-0.00000	-0.00015	0.00002	0.00023	0.00029	-0.00018	-0.00015	0.00016	-0.00049	0.00016	-0.00126	-0.00005	-0.00012	-0.00022	-0.00030	0.00336	-0.00175	0.00104	0.00040	-0.00024	-0.00021	-0.00022	0.00439	0.00062	0.00014	0.00654	0.00171	0.00002	-0.00007	0.00000	0.00209	-0.00187	0.00021
124	0.00842	-0.00716	0.00281	0.00085	-0.00124	-0.00096	0.00055	-0.00044	-0.00091	0.00002	-0.00411	0.00053	0.00022	-0.00003	-0.00048	0.00086	-0.00799	0.00109	0.00128	-0.00469	0.00116	0.00000	-0.00014	0.00002	0.00012	0.00046	-0.00035	-0.00026	0.00016	-0.00063	0.00021	0.00017	0.00019	-0.00016	-0.00028	-0.00043	0.00249	-0.00087	0.00079	0.00034	-0.00017	-0.00025	0.00004	0.00616	0.00106	0.00015	0.00703	0.00182	0.00001	-0.00001	0.00001	0.00170	-0.00118	0.00015
125	0.00616	-0.00457	0.00400	0.00089	-0.00104	-0.00076	0.00050	-0.00036	-0.00076	-0.00015	-0.00436	0.00052	0.00018	-0.00001	-0.00045	0.00038	-0.00897	0.00118	0.00079	-0.00559	0.00152	-0.00000	-0.00015	0.00002	0.00004	0.00055	-0.00044	-0.00037	0.00013	-0.00069	0.00026	0.00167	0.00045	-0.00019	-0.00032	-0.00053	0.00173	-0.00074	0.00054	0.00025	-0.00013	-0.00031	0.00027	0.00814	0.00151	0.00027	0.00791	0.00217	0.00001	0.00006	0.00002	0.00130	-0.00137	0.00001
126	0.00495	-0.00492	0.00302	0.00087	-0.00135	-0.00104	0.00049	-0.00042	-0.00097	-0.00018	-0.00457	0.00056	0.00019	0.00002	-0.00055	0.00035	-0.00974	0.00131	0.00070	-0.00636	0.00180	-0.00001	-0.00016	0.00002	0.00004	0.00065	-0.00050	-0.00040	0.00012	-0.00072	0.00017	0.00285	0.00054	-0.00020	-0.00034	-0.00057	0.00088	-0.00138	0.00021	0.00040	-0.00011	-0.00051	0.00018	0.00922	0.00160	0.00046	0.00787	0.00215	0.00000	0.00013	0.00002	0.00100	-0.00135	-0.00031
127	0.00332	-0.00281	0.00153	0.00071	-0.00164	-0.00139	0.00040	-0.00046	-0.00128	-0.00012	-0.00447	0.00056	0.00018	0.00010	-0.00073	0.00013	-0.00992	0.00131	0.00040	-0.00676	0.00192	-0.00001	-0.00017	0.00002	0.00015	0.00085	-0.00060	-0.00030	0.00019	-0.00079	-0.00002	0.00407	0.00058	-0.00014	-0.00028	-0.00060	0.00031	-0.00206	-0.00004	0.00046	0.00003	-0.00060	0.00007	0.01011	0.00163	0.00064	0.00777	0.00213	-0.00000	0.00018	0.00003	0.00045	-0.00034	-0.00062
128	0.00139	0.00214	0.00117	0.00058	-0.00144	-0.00126	0.00023	-0.00037	-0.00137	-0.00020	-0.00421	0.00048	0.00008	0.00026	-0.00083	-0.00032	-0.00989	0.00118	-0.00000	-0.00706	0.00192	-0.00000	-0.00016	0.00002	0.00026	0.00101	-0.00071	-0.00007	0.00030	-0.00082	-0.00029	0.00534	0.00058	-0.00000	-0.00015	-0.00055	-0.00021	-0.00138	-0.00018	0.00034	0.00014	-0.00052	0.00000	0.01125	0.00170	0.00099	0.00798	0.00225	-0.00001	0.00023	0.00003	0.00003	0.00030	-0.00075
129	0.00048	0.00468	0.00170	0.00039	-0.00105	-0.00096	0.00002	-0.00019	-0.00119	-0.00035	-0.00430	0.00044	-0.00000	0.00034	-0.00074	-0.00049	-0.01049	0.00119	0.00004	-0.00750	0.00189	-0.00001	-0.00016	0.00002	0.00032	0.00117	-0.00087	0.00025	0.00041	-0.00079	-0.00037	0.00635	0.00065	0.00016	0.00001	-0.00040	-0.00092	-0.00055	-0.00037	0.00031	0.00020	-0.00049	-0.00007	0.01206	0.00176	0.00124	0.00802	0.00233	-0.00001	0.00028	0.00004	-0.00005	0.00008	-0.00082
130	-0.00141	0.00328	0.00180	0.00001	-0.00076	-0.00083	-0.00012	-0.00004	-0.00083	-0.00054	-0.00459	0.00040	-0.00000	0.00025	-0.00056	-0.00094	-0.01150	0.00116	-0.00008	-0.00798	0.00187	-0.00001	-0.00016	0.00002	0.00034	0.00137	-0.00102	0.00047	0.00048	-0.00076	-0.00025	0.00706	0.00080	0.00028	0.00012	-0.00027	-0.00174	-0.00123	-0.00071	0.00038	0.00030	-0.00056	-0.00005	0.01222	0.00178	0.00127	0.00762	0.00229	-0.00000	0.00032	0.00004	-0.00042	-0.00021	-0.00102
131	-0.00345	0.00164	0.00081	-0.00021	-0.00062	-0.00079	-0.00020	0.00005	-0.00066	-0.00067	-0.00444	0.00031	-0.00002	0.00026	-0.00049	-0.00165	-0.01160	0.00091	-0.00063	-0.00803	0.00166	-0.00001	-0.00017	0.00002	0.00042	0.00132	-0.00096	0.00050	0.00045	-0.00071	-0.00018	0.00755	0.00090	0.00025	0.00011	-0.00022	-0.00258	-0.00202	-0.00106	0.00049	0.00032	-0.00061	0.00024	0.01177	0.00171	0.00155	0.00648	0.00187	-0.00000	0.00035	0.00005	-0.00075	-0.00015	-0.00113
132	-0.00407	0.00216	-0.00063	-0.00016	-0.00049	-0.00062	-0.00023	0.00010	-0.00063	-0.00072	-0.00386	0.00019	-0.00006	0.00037	-0.00046	-0.00219	-0.01064	0.00052	-0.00119	-0.00763	0.00118	-0.00001	-0.00017	0.00002	0.00049	0.00103	-0.00073	0.00042	0.00037	-0.00060	-0.00017	0.00813	0.00097	0.00017	0.00007	-0.00020	-0.00293	-0.00177	-0.00118	0.00059	0.00026	-0.00074	0.00072	0.01131	0.00159	0.00198	0.00475	0.00109	-0.00000	0.00037	0.00005	-0.00077	-0.00004	-0.00110
133	-0.00576	0.00311	-0.00214	-0.00025	-0.00032	-0.00051	-0.00022	0.00014	-0.00039	-0.00091	-0.00345	0.00001	-0.00005	0.00026	-0.00035	-0.00293	-0.00948	-0.00008	-0.00185	-0.00692	0.00067	-0.00001	-0.00019	0.00003	0.00038	0.00090	-0.00063	0.00033	0.00032	-0.00052	0.00012	0.00860	0.00107	0.00014	0.00006	-0.00016	-0.00284	-0.00092	-0.00112	0.00053	0.00022	-0.00090	0.00117	0.01084	0.00147	0.00186	0.00295	0.00039	0.00000	0.00038	0.00005	-0.00126	-0.00027	-0.00119
134	-0.00895	0.00184	-0.00344	-0.00048	-0.00024	-0.00052	-0.00023	0.00019	-0.00017	-0.00109	-0.00357	-0.00009	-0.00001	0.00013	-0.00026	-0.00346	-0.00853	-0.00056	-0.00226	-0.00598	0.00034	-0.00001	-0.00020	0.00003	0.00023	0.00085	-0.00061	0.00028	0.00028	-0.00045	0.00048	0.00813	0.00102	0.00013	0.00006	-0.00010	-0.00299	0.00004	-0.00114	0.00030	0.00019	-0.00078	0.00120	0.00953	0.00128	0.00108	0.00130	-0.00006	0.00002	0.00035	0.00005	-0.00214	-0.00071	-0.00142
135	-0.01117	0.00019	-0.00405	-0.00052	-0.00010	-0.00043	-0.00025	0.00019	-0.00021	-0.00117	-0.00371	-0.00011	-0.00002	0.00013	-0.00024	-0.00328	-0.00762	-0.00061	-0.00208	-0.00493	-0.00003	-0.00001	-0.00019	0.00003	0.00011	0.00063	-0.00046	0.00022	0.00018	-0.00027	0.00056	0.00702	0.00087	0.00007	0.00003	-0.00003	-0.00334	0.00067	-0.00126	0.00007	0.00014	-0.00049	0.00085	0.00762	0.00102	0.00011	0.00001	-0.00036	0.00002	0.00028	0.00004	-0.00253	-0.00016	-0.00149
136	-0.01195	0.00154	-0.00457	-0.00046	0.00009	-0.00025	-0.00017	0.00013	-0.00013	-0.00125	-0.00355	-0.00018	-0.00000	0.00005	-0.00018	-0.00264	-0.00610	-0.00052	-0.00154	-0.00299	-0.00060	-0.00003	-0.00017	0.00001	-0.00009	0.00042	-0.00028	0.00005	0.00006	-0.00007	0.00052	0.00580	0.00072	-0.00001	-0.00001	0.00004	-0.00349	0.00120	-0.00131	-0.00003	0.00009	-0.00051	0.00052	0.00568	0.00075	-0.00071	-0.00082	-0.00060	0.00002	0.00022	0.00003	-0.00263	0.00144	-0.00149
137	-0.01183	0.00377	-0.00525	-0.00048	0.00016	-0.00015	-0.00011	0.00015	0.00012	-0.00116	-0.00350	-0.00011	0.00001	-0.00005	-0.00004	-0.00166	-0.00366	-0.00045	-0.00064	0.00033	-0.00118	-0.00003	-0.00017	0.00001	-0.00038	0.00039	-0.00023	-0.00011	0.00005	-0.00004	0.00029	0.00406	0.00052	-0.00004	-0.00002	0.00008	-0.00346	0.00176	-0.00130	-0.00003	0.00007	-0.00072	0.00002	0.00343	0.00048	-0.00111	-0.00136	-0.00074	0.00001	0.00015	0.00002	-0.00293	0.00197	-0.00153
138	-0.01181	0.00442	-0.00503	-0.00057	0.00039	0.00004	-0.00013	0.00021	0.00024	-0.00104	-0.00359	-0.00000	0.00001	-0.00008	0.00005	-0.00091	-0.00123	-0.00055	0.00029	0.00347	-0.00159	-0.00003	-0.00017	0.00001	-0.00058	0.00040	-0.00024	-0.00020	0.00006	-0.00003	-0.00021	0.00170	0.00029	-0.00004	-0.00001	0.00014	-0.00330	0.00209	-0.00125	-0.00009	0.00010	-0.00054	-0.00076	0.00089	0.00027	-0.00124	-0.00133	-0.00055	-0.00000	0.00006	0.00001	-0.00301	0.00146	-0.00132
139	-0.01248	0.00508	-0.00411	-0.00064	0.00083	0.00034	-0.00008	0.00020	0.00038	-0.00105	-0.00322	-0.00009	0.00002	-0.00017	0.00015	-0.00061	0.00107	-0.00086	0.00061	0.00573	-0.00187	-0.00005	-0.00016	-0.00000	-0.00062	0.00025	-0.00013	-0.00029	-0.00002	0.00011	-0.00081	-0.00109	0.00004	-0.00007	-0.00003	0.00020	-0.00305	0.00280	-0.00118	-0.00021	0.00007	-0.00007	-0.00154	-0.00233	-0.00004	-0.00147	-0.00112	-0.00014	-0.00004	-0.00005	0.00001	-0.00259	0.00231	-0.00095
140	-0.01252	0.00573	-0.00383	-0.00058	0.00107	0.00054	0.00000	0.00020	0.00059	-0.00073	-0.00212	-0.00007	0.00003	-0.00025	0.00027	-0.00008	0.00397	-0.00108	0.00051	0.00788	-0.00223	-0.00004	-0.00012	-0.00001	-0.00063	0.00004	0.00005	-0.00034	-0.00013	0.00030	-0.00134	-0.00417	-0.00026	-0.00011	-0.00006	0.00024	-0.00278	0.00392	-0.00112	-0.00023	-0.00005	0.00019	-0.00234	-0.00658	-0.00054	-0.00168	-0.00178	-0.00006	-0.00006	-0.00016	-0.00000	-0.00211	0.00408	-0.00064
141	-0.01148	0.00677	-0.00418	-0.00044	0.00114	0.00069	0.00007	0.00021	0.00075	-0.00030	-0.00051	-0.00010	0.00003	-0.00029	0.00036	0.00042	0.00680	-0.00134	0.00048	0.00938	-0.00256	-0.00003	-0.00006	-0.00001	-0.00073	-0.00013	0.00020	-0.00036	-0.00021	0.00046	-0.00134	-0.00615	-0.00051	-0.00012	-0.00006	0.00029	-0.00245	0.00435	-0.00103	-0.00013	-0.00012	0.00024	-0.00291	-0.00950	-0.00088	-0.00180	-0.00275	-0.00031	-0.00004	-0.00022	-0.00002	-0.00181	0.00490	-0.00041
142	-0.00922	0.01021	-0.00404	-0.00039	0.00138	0.00091	0.00013	0.00025	0.00099	-0.00008	0.00141	-0.00040	0.00002	-0.00037	0.00053	0.00059	0.00884	-0.00170	0.00052	0.00980	-0.00267	-0.00002	0.00004	-0.00003	-0.00075	-0.00028	0.00031	-0.00036	-0.00025	0.00052	-0.00088	-0.00615	-0.00057	-0.00011	-0.00005	0.00033	-0.00192	0.00371	-0.00082	-0.00002	-0.00009	0.00021	-0.00268	-0.00949	-0.00089	-0.00173	-0.00299	-0.00051	-0.00001	-0.00021	-0.00002	-0.00153	0.00464	-0.00022
143	-0.00617	0.01415	-0.00323	-0.00044	0.00165	0.00113	0.00010	0.00036	0.00127	0.00024	0.00342	-0.00066	-0.00001	-0.00041	0.00069	0.00078	0.01080	-0.00206	0.00035	0.01002	-0.00268	0.00000	0.00016	-0.00004	-0.00058	-0.00046	0.00042	-0.00026	-0.00024	0.00052	-0.00064	-0.00569	-0.00054	-0.00007	-0.00001	0.00035	-0.00111	0.00282	-0.00052	-0.00010	0.00003	0.00030	-0.00191	-0.00893	-0.00088	-0.00131	-0.00306	-0.00067	-0.00001	-0.00019	-0.00002	-0.00119	0.00389	0.00015
144	-0.00374	0.01580	-0.00279	-0.00038	0.00175	0.00125	0.00001	0.00042	0.00128	0.00059	0.00520	-0.00085	-0.00010	-0.00031	0.00069	0.00085	0.01283	-0.00247	-0.00004	0.01028	-0.00272	0.00002	0.00024	-0.00004	-0.00044	-0.00080	0.00066	-0.00009	-0.00027	0.00064	-0.00054	-0.00578	-0.00054	0.00000	0.00007	0.00042	-0.00059	0.00260	-0.00035	-0.00027	0.00018	0.00056	-0.00126	-0.00961	-0.00100	-0.00086	-0.00389	-0.00102	-0.00001	-0.00020	-0.00002	-0.00064	0.00309	0.00070
145	-0.00126	0.01519	-0.00294	-0.00023	0.00182	0.00134	-0.00007	0.00043	0.00114	0.00099	0.00659	-0.00092	-0.00019	-0.00017	0.00059	0.00119	0.01401	-0.00255	-0.00024	0.01024	-0.00279	0.00003	0.00030	-0.00005	-0.00039	-0.00111	0.00091	0.00005	-0.00029	0.00077	-0.00040	-0.00585	-0.00054	0.00008	0.00016	0.00045	-0.00030	0.00279	-0.00028	-0.00026	0.00017	0.00061	-0.00099	-0.01092	-0.00118	-0.00076	-0.00546	-0.00153	-0.00001	-0.00021	-0.00002	0.00023	0.00269	0.00110
146	0.00194	0.01475	-0.00290	-0.00021	0.00204	0.00150	-0.00019	0.00047	0.00114	0.00139	0.00767	-0.00092	-0.00026	-0.00009	0.00053	0.00184	0.01450	-0.00237	-0.00019	0.00998	-0.00287	0.00005	0.00035	-0.00005	-0.00030	-0.00100	0.00086	0.00015	-0.00023	0.00073	-0.00036	-0.00589	-0.00054	0.00013	0.00023	0.00044	0.00088	0.00269	0.00006	-0.00023	-0.00000	0.00055	-0.00092	-0.01221	-0.00137	-0.00083	-0.00678	-0.00188	-0.00001	-0.00021	-0.00002	0.00100	0.00323	0.00132
147	0.00483	0.01495	-0.00224	-0.00032	0.00209	0.00154	-0.00035	0.00051	0.00122	0.00157	0.00851	-0.00100	-0.00028	-0.00008	0.00054	0.00213	0.01469	-0.00231	-0.00006	0.00932	-0.00274	0.00006	0.00038	-0.00005	-0.00015	-0.00065	0.00061	0.00021	-0.00012	0.00056	-0.00024	-0.00603	-0.00052	0.00016	0.00029	0.00040	0.00241	0.00197	0.00053	-0.00033	0.00008	0.00077	-0.00064	-0.01294	-0.00143	-0.00092	-0.00701	-0.00184	-0.00001	-0.00021	-0.00002	0.00158	0.00413	0.00150
148	0.00717	0.01372	-0.00126	-0.00038	0.00191	0.00141	-0.00044	0.00047	0.00114	0.00182	0.00927	-0.00107	-0.00029	-0.00007	0.00050	0.00235	0.01437	-0.00222	0.00005	0.00786	-0.00222	0.00007	0.00042	-0.00006	0.00001	-0.00057	0.00056	0.00025	-0.00006	0.00046	-0.00010	-0.00594	-0.00047	0.00017	0.00032	0.00035	0.00281	0.00146	0.00067	-0.00039	0.00036	0.00099	-0.00031	-0.01287	-0.00132	-0.00087	-0.00674	-0.00157	-0.00002	-0.00022	-0.00002	0.00243	0.00375	0.00162
149	0.01027	0.01314	-0.00029	-0.00039	0.00186	0.00135	-0.00046	0.00042	0.00100	0.00212	0.00974	-0.00106	-0.00030	-0.00005	0.00040	0.00274	0.01354	-0.00200	0.00011	0.00587	-0.00162	0.00008	0.00044	-0.00006	0.00025	-0.00056	0.00060	0.00028	-0.00004	0.00043	0.00008	-0.00546	-0.00037	0.00016	0.00031	0.00030	0.00269	0.00224	0.00061	-0.00034	0.00039	0.00085	0.00039	-0.01193	-0.00102	-0.00032	-0.00629	-0.00125	-0.00002	-0.00022	-0.00002	0.00318	0.00287	0.00159
150	0.01401	0.01412	0.00055	-0.00037	0.00165	0.00120	-0.00046	0.00036	0.00085	0.00201	0.00932	-0.00100	-0.00027	-0.00003	0.00031	0.00277	0.01172	-0.00168	0.00039	0.00357	-0.00115	0.00008	0.00041	-0.00006	0.00048	-0.00027	0.00040	0.00031	0.00007	0.00026	0.00043	-0.00487	-0.00020	0.00014	0.00028	0.00023	0.00319	0.00325	0.00069	-0.00021	0.00024	0.00042	0.00162	-0.00989	-0.00046	0.00060	-0.00489	-0.00078	-0.00002	-0.00023	-0.00002	0.00330	0.00344	0.00154
151	0.01695	0.01389	0.00136	-0.00015	0.00119	0.00086	-0.00033	0.00026	0.00059	0.00166	0.00861	-0.00092	-0.00018	-0.00003	0.00022	0.00254	0.00968	-0.00139	0.00098	0.00125	-0.00064	0.00007	0.00036	-0.00005	0.00056	-0.00004	0.00018	0.00033	0.00021	0.00003	0.00065	-0.00456	-0.00010	0.00011	0.00024	0.00016	0.00373	0.00317	0.00082	-0.00006	0.00015	0.00023	0.00246	-0.00765	0.00007	0.00126	-0.00295	-0.00014	-0.00002	-0.00023	-0.00003	0.00335	0.00422	0.00146
152	0.01934	0.01487	0.00217	0.00022	0.00098	0.00064	-0.00010	0.00019	0.00037	0.00154	0.00825	-0.00088	-0.00010	-0.00002	0.00015	0.00267	0.00860	-0.00130	0.00149	-0.00045	-0.00020	0.00006	0.00033	-0.00004	0.00056	0.00007	0.00008	0.00030	0.00023	-0.00003	0.00080	-0.00410	0.00001	0.00010	0.00020	0.00014	0.00377	0.00321	0.00083	0.00014	0.00016	0.00027	0.00272	-0.00537	0.00047	0.00150	-0.00114	0.00042	-0.00001	-0.00021	-0.00002	0.00369	0.00393	0.00125
153	0.02062	0.01768	0.00293	0.00044	0.00083	0.00047	0.00005	0.00014	0.00019	0.00152	0.00703	-0.00077	-0.00007	-0.00001	0.00005	0.00296	0.00648	-0.00113	0.00187	-0.00186	0.00006	0.00005	0.00028	-0.00004	0.00056	0.00040	-0.00015	0.00024	0.00022	-0.00008	0.00105	-0.00315	0.00021	0.00007	0.00016	0.00010	0.00376	0.00420	0.00083	0.00029	0.00019	0.00015	0.00271	-0.00212	0.00092	0.00137	0.00128	0.00097	0.00001	-0.00019	-0.00001	0.00375	0.00377	0.00117
154	0.02047	0.01701	0.00365	0.00054	0.00057	0.00027	0.00013	0.00006	0.00001	0.00147	0.00450	-0.00061	-0.00004	0.00001	-0.00008	0.00307	0.00274	-0.00085	0.00216	-0.00302	0.00023	0.00005	0.00018	-0.00003	0.00052	0.00065	-0.00036	0.00016	0.00024	-0.00020	0.00140	-0.00210	0.00047	0.00003	0.00012	0.00002	0.00364	0.00409	0.00080	0.00029	0.00017	0.00000	0.00251	0.00100	0.00130	0.00100	0.00373	0.00155	0.00004	-0.00014	0.00001	0.00350	0.00421	0.00112
155	0.02001	0.01381	0.00320	0.00073	0.00030	0.00005	0.00021	0.00000	-0.00016	0.00151	0.00163	-0.00049	0.00001	0.00001	-0.00016	0.00313	-0.00028	-0.00071	0.00225	-0.00266	0.00017	0.00006	0.00007	-0.00003	0.00045	0.00076	-0.00045	0.00009	0.00025	-0.00025	0.00183	-0.00090	0.00080	-0.00000	0.00006	-0.00004	0.00292	0.00235	0.00062	0.00029	0.00013	-0.00016	0.00235	0.00275	0.00153	0.00076	0.00470	0.00180	0.00008	-0.00005	0.00003	0.00334	0.00470	0.00065
156	0.01989	0.01220	0.00189	0.00095	-0.00012	-0.00029	0.00026	-0.00011	-0.00041	0.00157	-0.00127	-0.00041	0.00006	0.00001	-0.00022	0.00307	-0.00292	-0.00061	0.00212	-0.00158	-0.00009	0.00007	-0.00005	-0.00003	0.00042	0.00102	-0.00062	0.00005	0.00027	-0.00030	0.00202	0.00058	0.00108	-0.00003	0.00000	-0.00008	0.00238	0.00190	0.00051	0.00035	0.00017	-0.00050	0.00242	0.00445	0.00185	0.00093	0.00504	0.00181	0.00010	0.00004	0.00005	0.00317	0.00477	0.00014
157	0.02043	0.01130	0.00194	0.00107	-0.00046	-0.00057	0.00029	-0.00024	-0.00067	0.00168	-0.00369	-0.00039	0.00006	0.00002	-0.00033	0.00308	-0.00622	-0.00048	0.00183	-0.00209	-0.00018	0.00007	-0.00015	-0.00002	0.00047	0.00116	-0.00073	0.00002	0.00030	-0.00037	0.00201	0.00224	0.00134	-0.00005	-0.00004	-0.00012	0.00249	0.00317	0.00057	0.00029	0.00017	-0.00073	0.00266	0.00713	0.00239	0.00133	0.00607	0.00207	0.00011	0.00011	0.00006	0.00303	0.00384	0.00008
158	0.01912	0.01114	0.00275	0.00105	-0.00055	-0.00067	0.00033	-0.00030	-0.00082	0.00144	-0.00529	-0.00032	0.00004	0.00004	-0.00044	0.00299	-0.00873	-0.00041	0.00151	-0.00315	-0.00009	0.00004	-0.00021	-0.00002	0.00048	0.00107	-0.00070	-0.00006	0.00029	-0.00042	0.00192	0.00399	0.00161	-0.00009	-0.00010	-0.00016	0.00205	0.00393	0.00053	0.00011	0.00004	-0.00078	0.00275	0.00978	0.00291	0.00161	0.00716	0.00237	0.00011	0.00017	0.00008	0.00283	0.00300	0.00008
159	0.01427	0.01220	0.00243	0.00095	-0.00073	-0.00083	0.00037	-0.00035	-0.00092	0.00052	-0.00637	-0.00015	0.00005	0.00004	-0.00049	0.00206	-0.00953	-0.00031	0.00119	-0.00277	-0.00004	0.00001	-0.00024	-0.00000	0.00038	0.00111	-0.00074	-0.00018	0.00028	-0.00049	0.00163	0.00545	0.00180	-0.00013	-0.00015	-0.00024	0.00088	0.00335	0.00031	-0.00001	0.00003	-0.00083	0.00268	0.01123	0.00318	0.00163	0.00729	0.00224	0.00010	0.00024	0.00008	0.00215	0.00329	-0.00014
160	0.00917	0.01255	0.00234	0.00082	-0.00096	-0.00100	0.00035	-0.00038	-0.00098	-0.00017	-0.00679	-0.00004	0.00006	0.00004	-0.00048	0.00061	-0.00961	-0.00011	0.00053	-0.00226	0.00020	-0.00001	-0.00023	0.00000	0.00033	0.00120	-0.00082	-0.00023	0.00031	-0.00056	0.00127	0.00660	0.00193	-0.00016	-0.00017	-0.00029	0.00005	0.00225	0.00012	0.00003	0.00017	-0.00073	0.00264	0.01194	0.00331	0.00169	0.00674	0.00193	0.00006	0.00029	0.00008	0.00129	0.00341	-0.00023
161	0.00557	0.01425	0.00366	0.00055	-0.00080	-0.00083	0.00022	-0.00035	-0.00091	-0.00011	-0.00666	-0.00004	0.00002	0.00005	-0.00046	-0.00022	-0.00974	0.00003	-0.00023	-0.00267	0.00055	-0.00000	-0.00023	-0.00000	0.00039	0.00117	-0.00083	-0.00015	0.00032	-0.00055	0.00085	0.00779	0.00210	-0.00014	-0.00015	-0.00029	-0.00031	0.00220	0.00007	0.00012	0.00026	-0.00050	0.00226	0.01292	0.00344	0.00175	0.00639	0.00194	0.00002	0.00034	0.00009	0.00055	0.00341	-0.00014
162	0.00181	0.01747	0.00418	0.00007	-0.00058	-0.00062	0.00000	-0.00032	-0.00083	-0.00002	-0.00641	-0.00005	-0.00003	0.00007	-0.00046	-0.00039	-0.00964	0.00005	-0.00050	-0.00294	0.00058	-0.00000	-0.00024	-0.00000	0.00036	0.00121	-0.00085	-0.00005	0.00034	-0.00053	0.00048	0.00870	0.00223	-0.00008	-0.00006	-0.00028	-0.00088	0.00325	0.00004	0.00017	0.00033	-0.00047	0.00154	0.01355	0.00352	0.00147	0.00598	0.00191	0.00002	0.00037	0.00009	-0.00036	0.00386	-0.00016
163	-0.00217	0.01704	0.00319	-0.00033	-0.00062	-0.00064	-0.00021	-0.00030	-0.00079	-0.00015	-0.00601	-0.00005	-0.00007	0.00009	-0.00044	-0.00065	-0.00917	0.00005	-0.00064	-0.00295	0.00047	-0.00001	-0.00024	-0.00000	0.00023	0.00124	-0.00085	0.00002	0.00035	-0.00051	0.00021	0.00910	0.00229	-0.00001	0.00003	-0.00024	-0.00165	0.00376	-0.00003	0.00014	0.00030	-0.00057	0.00089	0.01314	0.00339	0.00113	0.00471	0.00137	0.00002	0.00039	0.00010	-0.00110	0.00325	-0.00034
164	-0.00559	0.01464	0.00250	-0.00042	-0.00050	-0.00048	-0.00036	-0.00018	-0.00057	-0.00027	-0.00558	-0.00007	-0.00012	0.00013	-0.00038	-0.00112	-0.00851	0.00001	-0.00092	-0.00289	0.00040	0.00000	-0.00024	-0.00000	0.00014	0.00120	-0.00081	0.00009	0.00032	-0.00046	-0.00010	0.00936	0.00233	0.00004	0.00008	-0.00017	-0.00219	0.00322	-0.00012	0.00009	0.00016	-0.00058	0.00028	0.01244	0.00318	0.00080	0.00304	0.00065	0.00001	0.00039	0.00010	-0.00154	0.00220	-0.00054
165	-0.00911	0.01485	0.00221	-0.00046	-0.00019	-0.00018	-0.00046	-0.00003	-0.00030	-0.00050	-0.00519	-0.00010	-0.00019	0.00020	-0.00032	-0.00172	-0.00721	-0.00009	-0.00120	-0.00199	0.00018	0.00000	-0.00023	-0.00000	0.00004	0.00112	-0.00072	0.00013	0.00027	-0.00038	-0.00029	0.00936	0.00234	0.00009	0.00011	-0.00010	-0.00261	0.00244	-0.00019	0.00006	0.00013	-0.00053	-0.00014	0.01155	0.00297	0.00026	0.00153	0.00018	-0.00001	0.00037	0.00010	-0.00211	0.00260	-0.00065
166	-0.01232	0.01552	0.00198	-0.00055	-0.00009	-0.00011	-0.00049	0.00001	-0.00022	-0.00069	-0.00476	-0.00013	-0.00022	0.00023	-0.00029	-0.00238	-0.00514	-0.00021	-0.00166	-0.00044	-0.00005	0.00000	-0.00023	-0.00000	-0.00013	0.00092	-0.00054	0.00010	0.00022	-0.00029	-0.00051	0.00851	0.00220	0.00011	0.00012	-0.00007	-0.00275	0.00235	-0.00021	0.00002	0.00026	-0.00025	-0.00038	0.00968	0.00257	-0.00033	0.00034	0.00007	-0.00004	0.00033	0.00010	-0.00240	0.00322	-0.00057
167	-0.01397	0.01481	0.00191	-0.00043	-0.00009	-0.00011	-0.00046	0.00001	-0.00021	-0.00067	-0.00421	-0.00013	-0.00021	0.00022	-0.00026	-0.00273	-0.00293	-0.00030	-0.00213	0.00107	-0.00017	-0.00000	-0.00023	-0.00000	-0.00033	0.00081	-0.00040	0.00001	0.00021	-0.00024	-0.00069	0.00650	0.00178	0.00009	0.00010	-0.00005	-0.00245	0.00280	-0.00018	-0.00006	0.00039	0.00018	-0.00062	0.00711	0.00199	-0.00087	0.00007	0.00022	-0.00006	0.00025	0.00008	-0.00235	0.00274	-0.00029
168	-0.01490	0.01511	0.00160	-0.00022	-0.00009	-0.00011	-0.00036	0.00005	-0.00012	-0.00073	-0.00331	-0.00016	-0.00017	0.00018	-0.00020	-0.00281	-0.00073	-0.00041	-0.00223	0.00248	-0.00033	-0.00001	-0.00019	-0.00000	-0.00054	0.00078	-0.00030	-0.00009	0.00017	-0.00015	-0.00057	0.00391	0.00112	0.00007	0.00007	-0.00002	-0.00252	0.00339	-0.00017	-0.00009	0.00047	0.00042	-0.00093	0.00468	0.00147	-0.00124	0.00048	0.00047	-0.00005	0.00014	0.00005	-0.00241	0.00264	0.00003
169	-0.01498	0.01509	0.00119	-0.00015	-0.00003	-0.00008	-0.00020	0.00007	-0.00003	-0.00094	-0.00226	-0.00023	-0.00011	0.00012	-0.00012	-0.00287	0.00119	-0.00055	-0.00206	0.00368	-0.00047	-0.00002	-0.00014	-0.00001	-0.00073	0.00053	-0.00007	-0.00018	0.00005	0.00005	-0.00041	0.00168	0.00053	0.00004	0.00002	0.00004	-0.00283	0.00359	-0.00019	0.00001	0.00048	0.00052	-0.00125	0.00238	0.00102	-0.00116	0.00043	0.00065	-0.00001	0.00005	0.00002	-0.00213	0.00326	0.00012
170	-0.01377	0.01317	0.00079	-0.00001	0.00022	0.00008	-0.00001	0.00004	0.00002	-0.00102	-0.00131	-0.00027	-0.00005	0.00005	-0.00006	-0.00300	0.00255	-0.00066	-0.00214	0.00443	-0.00049	-0.00004	-0.00007	-0.00001	-0.00083	0.00027	0.00016	-0.00028	-0.00007	0.00023	-0.00035	-0.00056	-0.00000	0.00000	-0.00003	0.00007	-0.00236	0.00320	-0.00016	0.00016	0.00038	0.00061	-0.00136	-0.00004	0.00050	-0.00082	0.00049	0.00076	0.00000	-0.00004	-0.00001	-0.00167	0.00366	0.00002
171	-0.01273	0.01361	0.00037	0.00030	0.00032	0.00018	0.00024	-0.00002	0.00004	-0.00104	-0.00023	-0.00033	0.00003	-0.00006	-0.00001	-0.00330	0.00389	-0.00079	-0.00250	0.00503	-0.00056	-0.00005	-0.00001	-0.00001	-0.00090	0.00019	0.00026	-0.00041	-0.00010	0.00030	-0.00024	-0.00330	-0.00065	-0.00005	-0.00007	0.00007	-0.00160	0.00362	-0.00013	0.00024	0.00034	0.00070	-0.00133	-0.00218	0.00003	-0.00056	0.00185	0.00120	0.00001	-0.00013	-0.00003	-0.00156	0.00448	0.00009
172	-0.01155	0.01363	-0.00021	0.00044	0.00028	0.00018	0.00049	-0.00007	0.00008	-0.00120	0.00090	-0.00043	0.00014	-0.00022	0.00006	-0.00355	0.00521	-0.00095	-0.00276	0.00552	-0.00067	-0.00006	0.00003	-0.00002	-0.00105	0.00010	0.00037	-0.00053	-0.00010	0.00031	0.00014	-0.00538	-0.00123	-0.00010	-0.00011	0.00007	-0.00109	0.00428	-0.00012	0.00026	0.00029	0.00081	-0.00094	-0.00413	-0.00052	-0.00041	0.00251	0.00152	0.00002	-0.00019	-0.00005	-0.00136	0.00471	0.00039
173	-0.00996	0.00935	-0.00107	0.00029	0.00053	0.00038	0.00059	-0.00007	0.00014	-0.00131	0.00215	-0.00056	0.00020	-0.00031	0.00012	-0.00343	0.00630	-0.00107	-0.00306	0.00572	-0.00077	-0.00007	0.00009	-0.00002	-0.00100	-0.00021	0.00056	-0.00055	-0.00016	0.00041	0.00047	-0.00605	-0.00146	-0.00014	-0.00016	0.00009	-0.00038	0.00377	-0.00009	0.00018	0.00011	0.00092	-0.00033	-0.00635	-0.00125	-0.00039	0.00078	0.00092	0.00002	-0.00021	-0.00005	-0.00106	0.00342	0.00067
174	-0.00775	0.00819	-0.00202	0.00005	0.00087	0.00070	0.00054	-0.00004	0.00020	-0.00129	0.00367	-0.00068	0.00021	-0.00032	0.00017	-0.00312	0.00746	-0.00121	-0.00343	0.00599	-0.00090	-0.00008	0.00018	-0.00003	-0.00050	-0.00068	0.00078	-0.00038	-0.00026	0.00054	0.00050	-0.00595	-0.00145	-0.00015	-0.00018	0.00013	0.00056	0.00368	-0.00007	0.00002	0.00013	0.00092	0.00024	-0.00793	-0.00180	-0.00029	-0.00124	-0.00009	0.00002	-0.00020	-0.00005	-0.00064	0.00301	0.00083
175	-0.00488	0.01002	-0.00266	-0.00013	0.00105	0.00089	0.00041	0.00003	0.00034	-0.00135	0.00487	-0.00082	0.00018	-0.00029	0.00025	-0.00311	0.00839	-0.00134	-0.00355	0.00614	-0.00086	-0.00008	0.00024	-0.00004	0.00008	-0.00096	0.00083	-0.00011	-0.00026	0.00051	0.00056	-0.00558	-0.00136	-0.00010	-0.00014	0.00013	0.00133	0.00352	-0.00006	-0.00009	0.00029	0.00086	0.00083	-0.00828	-0.00202	0.00010	-0.00222	-0.00075	0.00002	-0.00019	-0.00005	0.00013	0.00342	0.00082
176	-0.00324	0.00766	-0.00233	-0.00007	0.00120	0.00107	0.00022	0.00018	0.00062	-0.00151	0.00538	-0.00090	0.00007	-0.00019	0.00033	-0.00331	0.00867	-0.00136	-0.00350	0.00552	-0.00057	-0.00008	0.00024	-0.00004	0.00024	-0.00091	0.00073	0.00011	-0.00023	0.00047	0.00061	-0.00519	-0.00128	-0.00001	-0.00004	0.00017	0.00186	0.00161	-0.00004	-0.00010	0.00026	0.00097	0.00118	-0.00834	-0.00213	0.00054	-0.00294	-0.00105	0.00003	-0.00018	-0.00005	0.00049	0.00261	0.00073
177	-0.00167	0.00302	-0.00144	0.00012	0.00136	0.00124	-0.00001	0.00034	0.00091	-0.00160	0.00561	-0.00095	-0.00009	-0.00003	0.00035	-0.00330	0.00846	-0.00130	-0.00320	0.00442	-0.00033	-0.00009	0.00023	-0.00004	0.00018	-0.00085	0.00070	0.00027	-0.00024	0.00059	0.00068	-0.00513	-0.00127	0.00009	0.00009	0.00026	0.00270	-0.00045	-0.00003	-0.00004	0.00023	0.00120	0.00141	-0.00888	-0.00234	0.00081	-0.00367	-0.00122	0.00003	-0.00019	-0.00005	0.00037	0.00171	0.00084
178	0.00081	-0.00159	-0.00150	0.00000	0.00143	0.00133	-0.00025	0.00039	0.00103	-0.00191	0.00563	-0.00094	-0.00020	0.00007	0.00035	-0.00332	0.00765	-0.00109	-0.00253	0.00336	-0.00026	-0.00010	0.00024	-0.00004	0.00021	-0.00083	0.00070	0.00035	-0.00020	0.00057	0.00089	-0.00528	-0.00131	0.00016	0.00019	0.00029	0.00375	-0.00119	-0.00003	-0.00000	0.00022	0.00119	0.00185	-0.00975	-0.00263	0.00115	-0.00443	-0.00160	0.00004	-0.00019	-0.00005	0.00071	0.00111	0.00100
179	0.00135	-0.00713	-0.00187	-0.00030	0.00142	0.00133	-0.00037	0.00034	0.00095	-0.00251	0.00544	-0.00087	-0.00021	0.00007	0.00033	-0.00364	0.00627	-0.00065	-0.00195	0.00216	-0.00004	-0.00012	0.00024	-0.00004	0.00031	-0.00080	0.00068	0.00036	-0.00014	0.00044	0.00095	-0.00526	-0.00130	0.00016	0.00019	0.00024	0.00387	-0.00095	-0.00003	-0.00008	0.00006	0.00101	0.00215	-0.01026	-0.00280	0.00156	-0.00511	-0.00194	0.00004	-0.00019	-0.00005	0.00116	-0.00063	0.00087
180	0.00206	-0.01163	-0.00134	-0.00040	0.00138	0.00130	-0.00036	0.00031	0.00085	-0.00281	0.00552	-0.00087	-0.00020	0.00007	0.00030	-0.00359	0.00538	-0.00040	-0.00139	0.00081	0.00042	-0.00013	0.00026	-0.00004	0.00045	-0.00095	0.00076	0.00036	-0.00010	0.00036	0.00087	-0.00518	-0.00129	0.00013	0.00016	0.00019	0.00351	-0.00050	-0.00002	-0.00010	-0.00011	0.00114	0.00220	-0.01049	-0.00288	0.00193	-0.00546	-0.00184	0.00003	-0.00019	-0.00005	0.00158	-0.00252	0.00073
181	0.00619	-0.01466	-0.00054	-0.00041	0.00127	0.00125	-0.00032	0.00032	0.00085	-0.00297	0.00579	-0.00090	-0.00017	0.00006	0.00031	-0.00334	0.00518	-0.00040	-0.00026	-0.00028	0.00069	-0.00014	0.00026	-0.00003	0.00065	-0.00127	0.00093	0.00037	-0.00010	0.00032	0.00096	-0.00524	-0.00129	0.00010	0.00012	0.00016	0.00410	-0.00027	-0.00001	0.00012	-0.00021	0.00152	0.00243	-0.01098	-0.00302	0.00247	-0.00578	-0.00174	0.00004	-0.00020	-0.00005	0.00258	-0.00331	0.00087
182	0.01073	-0.01821	-0.00059	-0.00033	0.00101	0.00103	-0.00024	0.00029	0.00075	-0.00330	0.00570	-0.00080	-0.00011	0.00004	0.00030	-0.00314	0.00472	-0.00038	0.00115	-0.00120	0.00060	-0.00015	0.00024	-0.00003	0.00087	-0.00150	0.00110	0.00035	-0.00017	0.00040	0.00113	-0.00518	-0.00123	0.00007	0.00005	0.00016	0.00500	-0.00061	-0.00003	0.00033	-0.00024	0.00156	0.00258	-0.01123	-0.00307	0.00285	-0.00623	-0.00195	0.00004	-0.00020	-0.00005	0.00362	-0.00369	0.00106
183	0.01407	-0.02144	-0.00190	0.00002	0.00070	0.00062	-0.00007	0.00021	0.00044	-0.00326	0.00543	-0.00073	-0.00005	0.00002	0.00021	-0.00243	0.00407	-0.00049	0.00218	-0.00211	0.00038	-0.00014	0.00022	-0.00002	0.00101	-0.00134	0.00103	0.00034	-0.00019	0.00042	0.00119	-0.00495	-0.00114	0.00006	0.00003	0.00015	0.00545	-0.00198	-0.00012	0.00036	-0.00014	0.00145	0.00238	-0.01095	-0.00298	0.00262	-0.00632	-0.00204	0.00004	-0.00019	-0.00005	0.00437	-0.00395	0.00097
184	0.01736	-0.02280	-0.00301	0.00037	0.00048	0.00025	0.00012	0.00015	0.00017	-0.00293	0.00499	-0.00069	0.00002	0.00001	0.00013	-0.00164	0.00330	-0.00053	0.00290	-0.00265	0.00018	-0.00012	0.00020	-0.00002	0.00097	-0.00105	0.00080	0.00031	-0.00008	0.00027	0.00116	-0.00476	-0.00109	0.00005	0.00003	0.00010	0.00619	-0.00348	-0.00023	0.00032	-0.00007	0.00169	0.00213	-0.01052	-0.00289	0.00227	-0.00581	-0.00178	0.00004	-0.00018	-0.00005	0.00519	-0.00337	0.00067
185	0.02066	-0.02321	-0.00314	0.00058	0.00031	0.00001	0.00027	0.00015	0.00002	-0.00203	0.00373	-0.00061	0.00008	-0.00000	0.00010	-0.00084	0.00191	-0.00036	0.00303	-0.00241	0.00002	-0.00007	0.00016	-0.00003	0.00092	-0.00100	0.00075	0.00024	-0.00011	0.00025	0.00102	-0.00455	-0.00109	0.00002	-0.00001	0.00006	0.00723	-0.00391	-0.00025	0.00032	-0.00015	0.00179	0.00185	-0.00962	-0.00267	0.00224	-0.00498	-0.00141	0.00004	-0.00019	-0.00005	0.00578	-0.00255	0.00034
186	0.02376	-0.02570	-0.00303	0.00078	0.00019	-0.00019	0.00035	0.00014	-0.00009	-0.00038	0.00128	-0.00039	0.00010	-0.00001	0.00006	0.00048	-0.00013	-0.00018	0.00248	-0.00164	-0.00008	0.00001	0.00005	-0.00003	0.00101	-0.00106	0.00082	0.00019	-0.00023	0.00033	0.00073	-0.00419	-0.00109	-0.00001	-0.00009	0.00005	0.00775	-0.00391	-0.00024	0.00032	-0.00028	0.00133	0.00159	-0.00793	-0.00217	0.00228	-0.00385	-0.00112	0.00003	-0.00018	-0.00005	0.00604	-0.00386	0.00001
187	0.02531	-0.02954	-0.00233	0.00093	0.00003	-0.00041	0.00043	0.00012	-0.00022	0.00093	-0.00158	0.00018	0.00014	-0.00001	0.00004	0.00167	-0.00231	0.00013	0.00209	-0.00093	-0.00023	0.00007	-0.00008	-0.00001	0.00105	-0.00119	0.00089	0.00014	-0.00025	0.00032	0.00027	-0.00367	-0.00110	-0.00003	-0.00014	0.00002	0.00786	-0.00439	-0.00031	0.00030	-0.00038	0.00077	0.00128	-0.00561	-0.00145	0.00185	-0.00210	-0.00074	-0.00001	-0.00016	-0.00006	0.00634	-0.00688	-0.00016
188	0.02259	-0.02949	-0.00169	0.00099	-0.00016	-0.00061	0.00054	0.00012	-0.00030	0.00121	-0.00345	0.00081	0.00022	-0.00002	0.00003	0.00187	-0.00348	0.00048	0.00178	-0.00027	-0.00050	0.00008	-0.00015	0.00002	0.00088	-0.00133	0.00090	0.00006	-0.00021	0.00023	-0.00042	-0.00303	-0.00120	-0.00004	-0.00014	-0.00003	0.00772	-0.00485	-0.00039	0.00025	-0.00046	0.00039	0.00044	-0.00320	-0.00089	0.00084	-0.00024	-0.00032	-0.00007	-0.00013	-0.00007	0.00624	-0.00849	-0.00024
189	0.01693	-0.02590	-0.00210	0.00110	-0.00014	-0.00067	0.00066	0.00015	-0.00034	0.00094	-0.00408	0.00119	0.00026	-0.00002	-0.00002	0.00143	-0.00359	0.00068	0.00125	0.00030	-0.00068	0.00005	-0.00016	0.00004	0.00062	-0.00130	0.00081	-0.00004	-0.00022	0.00018	-0.00109	-0.00239	-0.00133	-0.00004	-0.00014	-0.00004	0.00706	-0.00525	-0.00052	0.00023	-0.00043	-0.00003	-0.00077	-0.00119	-0.00064	-0.00001	0.00091	-0.00013	-0.00011	-0.00011	-0.00008	0.00539	-0.00824	-0.00052
190	0.01289	-0.02265	-0.00205	0.00131	0.00008	-0.00059	0.00072	0.00018	-0.00039	0.00079	-0.00416	0.00128	0.00024	-0.00002	-0.00006	0.00134	-0.00397	0.00083	0.00117	-0.00003	-0.00051	0.00003	-0.00015	0.00004	0.00037	-0.00121	0.00070	-0.00011	-0.00031	0.00025	-0.00138	-0.00166	-0.00127	-0.00004	-0.00012	-0.00002	0.00621	-0.00616	-0.00080	0.00027	-0.00030	-0.00046	-0.00177	0.00072	-0.00040	-0.00031	0.00183	0.00009	-0.00010	-0.00009	-0.00007	0.00415	-0.00728	-0.00068
191	0.01010	-0.02031	-0.00124	0.00141	0.00011	-0.00066	0.00075	0.00017	-0.00048	0.00074	-0.00419	0.00131	0.00023	-0.00001	-0.00009	0.00154	-0.00495	0.00110	0.00145	-0.00121	-0.00014	0.00003	-0.00015	0.00005	0.00009	-0.00110	0.00055	-0.00016	-0.00031	0.00023	-0.00146	-0.00073	-0.00107	-0.00003	-0.00011	-0.00002	0.00538	-0.00673	-0.00103	0.00031	-0.00035	-0.00066	-0.00248	0.00267	-0.00008	-0.00042	0.00293	0.00048	-0.00008	-0.00005	-0.00005	0.00280	-0.00631	-0.00067
192	0.00685	-0.01861	-0.00122	0.00131	-0.00020	-0.00097	0.00080	0.00012	-0.00071	0.00046	-0.00440	0.00147	0.00029	-0.00001	-0.00015	0.00148	-0.00585	0.00143	0.00141	-0.00218	0.00006	0.00001	-0.00015	0.00005	-0.00017	-0.00099	0.00042	-0.00025	-0.00025	0.00006	-0.00159	0.00018	-0.00091	-0.00005	-0.00016	-0.00008	0.00420	-0.00613	-0.00104	0.00035	-0.00049	-0.00082	-0.00284	0.00418	0.00021	-0.00030	0.00368	0.00067	-0.00007	-0.00000	-0.00003	0.00182	-0.00596	-0.00087
193	0.00428	-0.01653	-0.00128	0.00123	-0.00048	-0.00128	0.00082	0.00007	-0.00099	0.00018	-0.00463	0.00163	0.00034	-0.00000	-0.00024	0.00116	-0.00650	0.00173	0.00114	-0.00273	0.00018	0.00000	-0.00016	0.00006	-0.00032	-0.00093	0.00038	-0.00035	-0.00030	0.00000	-0.00174	0.00104	-0.00077	-0.00008	-0.00025	-0.00013	0.00265	-0.00509	-0.00100	0.00037	-0.00040	-0.00110	-0.00268	0.00522	0.00055	0.00033	0.00407	0.00078	-0.00007	0.00004	-0.00003	0.00129	-0.00549	-0.00106
194	0.00305	-0.01317	-0.00124	0.00132	-0.00064	-0.00154	0.00083	0.00004	-0.00126	0.00015	-0.00454	0.00160	0.00032	0.00004	-0.00039	0.00096	-0.00694	0.00194	0.00101	-0.00321	0.00040	0.00000	-0.00016	0.00006	-0.00042	-0.00065	0.00021	-0.00036	-0.00033	0.00005	-0.00180	0.00177	-0.00062	-0.00007	-0.00023	-0.00010	0.00125	-0.00425	-0.00101	0.00041	-0.00026	-0.00136	-0.00218	0.00597	0.00091	0.00113	0.00439	0.00098	-0.00008	0.00007	-0.00002	0.00058	-0.00425	-0.00110
195	0.00226	-0.01003	-0.00235	0.00126	-0.00082	-0.00178	0.00076	0.00000	-0.00153	0.00023	-0.00436	0.00153	0.00023	0.00010	-0.00057	0.00104	-0.00721	0.00206	0.00091	-0.00360	0.00055	0.00000	-0.00015	0.00006	-0.00053	-0.00012	-0.00016	-0.00029	-0.00019	-0.00003	-0.00172	0.00227	-0.00047	-0.00004	-0.00012	-0.00005	0.00019	-0.00368	-0.00105	0.00045	-0.00017	-0.00171	-0.00156	0.00647	0.00117	0.00184	0.00455	0.00102	-0.00008	0.00010	-0.00002	-0.00042	-0.00310	-0.00135
196	0.00066	-0.00744	-0.00349	0.00095	-0.00092	-0.00182	0.00055	-0.00003	-0.00170	0.00011	-0.00427	0.00151	0.00010	0.00017	-0.00071	0.00094	-0.00740	0.00213	0.00059	-0.00386	0.00052	-0.00001	-0.00015	0.00006	-0.00056	0.00019	-0.00035	-0.00025	-0.00009	-0.00010	-0.00159	0.00271	-0.00032	-0.00001	-0.00005	-0.00005	-0.00092	-0.00325	-0.00116	0.00041	0.00004	-0.00215	-0.00086	0.00686	0.00136	0.00259	0.00459	0.00091	-0.00007	0.00012	-0.00002	-0.00131	-0.00210	-0.00159
197	-0.00116	-0.00404	-0.00342	0.00065	-0.00092	-0.00175	0.00027	-0.00004	-0.00182	-0.00006	-0.00420	0.00149	-0.00004	0.00026	-0.00086	0.00045	-0.00761	0.00222	0.00010	-0.00398	0.00052	-0.00001	-0.00015	0.00006	-0.00049	0.00039	-0.00043	-0.00021	-0.00005	-0.00014	-0.00128	0.00316	-0.00012	0.00001	0.00000	-0.00005	-0.00212	-0.00254	-0.00123	0.00025	0.00034	-0.00234	0.00000	0.00715	0.00154	0.00324	0.00469	0.00097	-0.00005	0.00014	-0.00001	-0.00186	-0.00069	-0.00146
198	-0.00218	0.00019	-0.00323	0.00038	-0.00102	-0.00185	0.00002	-0.00003	-0.00194	-0.00015	-0.00423	0.00149	-0.00017	0.00036	-0.00102	-0.00006	-0.00792	0.00237	-0.00034	-0.00398	0.00058	-0.00001	-0.00016	0.00006	-0.00047	0.00094	-0.00079	-0.00014	0.00013	-0.00035	-0.00067	0.00354	0.00017	0.00004	0.00008	-0.00007	-0.00308	-0.00149	-0.00116	0.00003	0.00066	-0.00238	0.00112	0.00749	0.00178	0.00356	0.00506	0.00118	-0.00003	0.00015	0.00000	-0.00221	0.00061	-0.00130
199	-0.00216	0.00244	-0.00400	0.00016	-0.00116	-0.00199	-0.00021	-0.00001	-0.00204	-0.00033	-0.00424	0.00148	-0.00026	0.00044	-0.00113	-0.00036	-0.00824	0.00251	-0.00059	-0.00414	0.00060	-0.00001	-0.00016	0.00006	-0.00042	0.00150	-0.00115	-0.00007	0.00030	-0.00057	0.00001	0.00382	0.00044	0.00009	0.00015	-0.00013	-0.00382	-0.00070	-0.00113	-0.00009	0.00084	-0.00256	0.00221	0.00768	0.00191	0.00394	0.00523	0.00116	0.00000	0.00017	0.00001	-0.00241	0.00097	-0.00146
200	-0.00093	0.00131	-0.00524	0.00002	-0.00123	-0.00212	-0.00034	0.00001	-0.00221	-0.00050	-0.00416	0.00143	-0.00031	0.00050	-0.00127	-0.00051	-0.00862	0.00262	-0.00067	-0.00458	0.00059	-0.00002	-0.00016	0.00006	-0.00025	0.00164	-0.00118	0.00001	0.00036	-0.00062	0.00057	0.00394	0.00060	0.00010	0.00016	-0.00018	-0.00427	-0.00023	-0.00112	-0.00002	0.00081	-0.00273	0.00292	0.00730	0.00178	0.00445	0.00471	0.00071	0.00004	0.00017	0.00002	-0.00214	0.00069	-0.00163
201	-0.00058	0.00042	-0.00549	-0.00023	-0.00124	-0.00221	-0.00048	0.00004	-0.00235	-0.00071	-0.00413	0.00138	-0.00033	0.00054	-0.00135	-0.00102	-0.00904	0.00268	-0.00092	-0.00490	0.00062	-0.00002	-0.00016	0.00006	-0.00011	0.00157	-0.00111	0.00009	0.00041	-0.00062	0.00108	0.00401	0.00070	0.00010	0.00014	-0.00020	-0.00440	0.00032	-0.00102	-0.00001	0.00085	-0.00255	0.00340	0.00681	0.00158	0.00460	0.00416	0.00035	0.00007	0.00018	0.00002	-0.00167	0.00085	-0.00147
202	-0.00218	0.00103	-0.00444	-0.00047	-0.00111	-0.00202	-0.00063	0.00011	-0.00214	-0.00105	-0.00403	0.00126	-0.00037	0.00056	-0.00127	-0.00206	-0.00915	0.00257	-0.00144	-0.00487	0.00067	-0.00002	-0.00016	0.00006	-0.00003	0.00142	-0.00101	0.00011	0.00041	-0.00061	0.00151	0.00402	0.00076	0.00009	0.00013	-0.00021	-0.00447	0.00072	-0.00095	-0.00009	0.00098	-0.00210	0.00374	0.00648	0.00144	0.00434	0.00389	0.00032	0.00009	0.00018	0.00002	-0.00142	0.00144	-0.00124
203	-0.00359	-0.00026	-0.00372	-0.00052	-0.00086	-0.00160	-0.00063	0.00016	-0.00172	-0.00128	-0.00382	0.00112	-0.00038	0.00055	-0.00111	-0.00291	-0.00913	0.00241	-0.00192	-0.00492	0.00072	-0.00002	-0.00016	0.00006	0.00010	0.00133	-0.00093	0.00008	0.00040	-0.00064	0.00172	0.00387	0.00075	0.00007	0.00009	-0.00024	-0.00442	0.00070	-0.00094	-0.00004	0.00088	-0.00178	0.00380	0.00587	0.00121	0.00391	0.00335	0.00024	0.00009	0.00017	0.00002	-0.00125	0.00127	-0.00130
204	-0.00446	-0.00368	-0.00418	-0.00058	-0.00074	-0.00141	-0.00058	0.00015	-0.00152	-0.00137	-0.00364	0.00102	-0.00035	0.00050	-0.00104	-0.00349	-0.00939	0.00236	-0.00246	-0.00538	0.00073	-0.00002	-0.00017	0.00007	0.00024	0.00139	-0.00096	0.00008	0.00044	-0.00074	0.00190	0.00358	0.00069	0.00003	0.00004	-0.00030	-0.00394	0.00072	-0.00082	-0.00000	0.00075	-0.00168	0.00380	0.00499	0.00087	0.00339	0.00263	0.00005	0.00010	0.00016	0.00002	-0.00119	0.00030	-0.00153
205	-0.00568	-0.00550	-0.00458	-0.00071	-0.00074	-0.00146	-0.00058	0.00015	-0.00147	-0.00143	-0.00337	0.00088	-0.00030	0.00043	-0.00105	-0.00405	-0.00923	0.00217	-0.00295	-0.00574	0.00079	-0.00003	-0.00017	0.00007	0.00031	0.00140	-0.00096	0.00009	0.00045	-0.00077	0.00205	0.00323	0.00061	0.00000	0.00001	-0.00032	-0.00335	0.00119	-0.00061	-0.00002	0.00079	-0.00148	0.00369	0.00418	0.00056	0.00278	0.00203	0.00003	0.00010	0.00015	0.00002	-0.00127	-0.00025	-0.00159
206	-0.00749	-0.00501	-0.00384	-0.00074	-0.00060	-0.00125	-0.00053	0.00016	-0.00123	-0.00147	-0.00294	0.00069	-0.00022	0.00029	-0.00095	-0.00419	-0.00838	0.00182	-0.00306	-0.00578	0.00090	-0.00003	-0.00018	0.00007	0.00034	0.00128	-0.00087	0.00010	0.00042	-0.00071	0.00203	0.00293	0.00053	-0.00000	0.00001	-0.00030	-0.00337	0.00164	-0.00054	-0.00004	0.00080	-0.00116	0.00325	0.00350	0.00040	0.00187	0.00159	0.00023	0.00010	0.00013	0.00001	-0.00152	0.00012	-0.00146
207	-0.00980	-0.00603	-0.00313	-0.00073	-0.00046	-0.00104	-0.00045	0.00015	-0.00096	-0.00151	-0.00259	0.00054	-0.00016	0.00020	-0.00080	-0.00367	-0.00770	0.00173	-0.00294	-0.00603	0.00102	-0.00004	-0.00017	0.00006	0.00034	0.00118	-0.00083	0.00014	0.00041	-0.00069	0.00190	0.00252	0.00041	0.00001	0.00002	-0.00032	-0.00371	0.00123	-0.00067	-0.00015	0.00068	-0.00095	0.00247	0.00275	0.00032	0.00060	0.00113	0.00039	0.00010	0.00011	0.00000	-0.00199	0.00054	-0.00135
208	-0.01113	-0.00821	-0.00403	-0.00084	-0.00049	-0.00115	-0.00047	0.00014	-0.00101	-0.00134	-0.00255	0.00060	-0.00018	0.00025	-0.00081	-0.00285	-0.00734	0.00191	-0.00264	-0.00566	0.00087	-0.00004	-0.00016	0.00006	0.00034	0.00124	-0.00086	0.00018	0.00044	-0.00074	0.00170	0.00194	0.00025	0.00003	0.00003	-0.00033	-0.00374	0.00071	-0.00074	-0.00028	0.00056	-0.00099	0.00159	0.00176	0.00014	-0.00060	0.00039	0.00016	0.00010	0.00007	-0.00001	-0.00207	0.00046	-0.00137
209	-0.01078	-0.00767	-0.00544	-0.00098	-0.00046	-0.00123	-0.00052	0.00016	-0.00111	-0.00039	-0.00308	0.00125	-0.00020	0.00027	-0.00084	-0.00173	-0.00662	0.00209	-0.00211	-0.00337	0.00002	0.00000	-0.00017	0.00008	0.00036	0.00122	-0.00085	0.00019	0.00044	-0.00076	0.00139	0.00155	0.00019	0.00004	0.00005	-0.00028	-0.00401	0.00118	-0.00075	-0.00022	0.00045	-0.00126	0.00072	0.00070	-0.00009	-0.00147	-0.00062	-0.00044	0.00009	0.00005	-0.00001	-0.00195	0.00057	-0.00145
210	-0.01064	-0.00739	-0.00536	-0.00101	-0.00034	-0.00112	-0.00051	0.00021	-0.00096	0.00101	-0.00391	0.00228	-0.00016	0.00018	-0.00073	-0.00014	-0.00567	0.00241	-0.00148	-0.00077	-0.00093	0.00007	-0.00019	0.00012	0.00039	0.00095	-0.00071	0.00025	0.00039	-0.00069	0.00090	0.00134	0.00025	0.00005	0.00005	-0.00025	-0.00460	0.00162	-0.00083	-0.00006	0.00026	-0.00146	-0.00054	-0.00044	-0.00022	-0.00252	-0.00176	-0.00102	0.00006	0.00005	-0.00000	-0.00234	0.00064	-0.00149
211	-0.01154	-0.00963	-0.00467	-0.00105	-0.00022	-0.00100	-0.00052	0.00029	-0.00076	0.00161	-0.00436	0.00278	-0.00014	0.00019	-0.00065	0.00121	-0.00500	0.00280	-0.00082	0.00054	-0.00120	0.00009	-0.00020	0.00013	0.00042	0.00087	-0.00067	0.00030	0.00034	-0.00062	0.00042	0.00101	0.00027	0.00007	0.00005	-0.00023	-0.00486	0.00118	-0.00092	-0.00001	0.00005	-0.00142	-0.00193	-0.00161	-0.00029	-0.00378	-0.00279	-0.00134	0.00004	0.00004	0.00000	-0.00258	-0.00001	-0.00154
212	-0.01215	-0.00930	-0.00462	-0.00119	-0.00006	-0.00089	-0.00053	0.00036	-0.00064	0.00159	-0.00435	0.00279	-0.00014	0.00021	-0.00061	0.00200	-0.00435	0.00296	-0.00021	0.00153	-0.00129	0.00007	-0.00019	0.00012	0.00045	0.00106	-0.00078	0.00027	0.00035	-0.00062	0.00018	0.00078	0.00025	0.00006	0.00005	-0.00021	-0.00498	0.00115	-0.00095	-0.00006	-0.00004	-0.00143	-0.00268	-0.00228	-0.00033	-0.00460	-0.00338	-0.00142	0.00002	0.00003	0.00001	-0.00242	-0.00018	-0.00159
213	-0.01248	-0.00644	-0.00435	-0.00120	0.00002	-0.00077	-0.00045	0.00034	-0.00047	0.00154	-0.00436	0.00277	-0.00011	0.00012	-0.00048	0.00247	-0.00362	0.00288	0.00012	0.00246	-0.00154	0.00006	-0.00019	0.00011	0.00048	0.00102	-0.00076	0.00024	0.00036	-0.00065	0.00015	0.00070	0.00022	0.00002	0.00003	-0.00022	-0.00515	0.00209	-0.00094	-0.00016	-0.00002	-0.00140	-0.00297	-0.00243	-0.00029	-0.00501	-0.00351	-0.00133	0.00002	0.00003	0.00001	-0.00253	0.00052	-0.00147
214	-0.01304	-0.00597	-0.00404	-0.00106	-0.00004	-0.00073	-0.00036	0.00027	-0.00037	0.00134	-0.00426	0.00262	-0.00008	0.00010	-0.00036	0.00259	-0.00307	0.00269	0.00016	0.00273	-0.00151	0.00005	-0.00019	0.00011	0.00067	0.00091	-0.00078	0.00033	0.00038	-0.00071	0.00012	0.00027	0.00005	-0.00000	0.00003	-0.00025	-0.00541	0.00180	-0.00099	-0.00026	0.00006	-0.00110	-0.00324	-0.00281	-0.00037	-0.00532	-0.00332	-0.00106	0.00003	0.00001	-0.00001	-0.00259	0.00116	-0.00127
215	-0.01325	-0.00737	-0.00435	-0.00100	-0.00013	-0.00082	-0.00032	0.00020	-0.00037	0.00126	-0.00383	0.00241	-0.00007	0.00013	-0.00035	0.00269	-0.00257	0.00259	0.00030	0.00270	-0.00121	0.00005	-0.00017	0.00010	0.00097	0.00099	-0.00093	0.00043	0.00038	-0.00077	-0.00011	-0.00036	-0.00013	0.00002	0.00003	-0.00026	-0.00570	0.00028	-0.00107	-0.00024	0.00013	-0.00082	-0.00357	-0.00356	-0.00058	-0.00541	-0.00324	-0.00084	0.00002	-0.00001	-0.00001	-0.00258	0.00166	-0.00126
216	-0.01290	-0.00821	-0.00428	-0.00098	-0.00025	-0.00091	-0.00029	0.00017	-0.00035	0.00130	-0.00345	0.00228	-0.00007	0.00011	-0.00032	0.00274	-0.00229	0.00254	0.00060	0.00255	-0.00097	0.00005	-0.00015	0.00009	0.00101	0.00087	-0.00089	0.00044	0.00029	-0.00067	-0.00043	-0.00066	-0.00014	0.00004	0.00003	-0.00019	-0.00532	0.00070	-0.00102	-0.00016	0.00010	-0.00079	-0.00379	-0.00409	-0.00072	-0.00524	-0.00348	-0.00094	-0.00001	-0.00001	-0.00000	-0.00280	0.00136	-0.00127
217	-0.01227	-0.00913	-0.00323	-0.00094	-0.00023	-0.00085	-0.00029	0.00015	-0.00036	0.00114	-0.00330	0.00211	-0.00004	0.00007	-0.00018	0.00252	-0.00239	0.00243	0.00075	0.00197	-0.00070	0.00005	-0.00014	0.00008	0.00094	0.00074	-0.00081	0.00045	0.00018	-0.00055	-0.00080	-0.00059	0.00001	0.00008	0.00001	-0.00009	-0.00429	0.00208	-0.00084	-0.00017	0.00003	-0.00070	-0.00390	-0.00396	-0.00063	-0.00484	-0.00348	-0.00104	-0.00003	-0.00001	0.00001	-0.00290	-0.00025	-0.00112
218	-0.01210	-0.00974	-0.00221	-0.00096	0.00003	-0.00063	-0.00029	0.00020	-0.00030	0.00085	-0.00319	0.00185	-0.00002	0.00009	-0.00012	0.00222	-0.00257	0.00228	0.00079	0.00138	-0.00046	0.00004	-0.00013	0.00007	0.00102	0.00075	-0.00086	0.00049	0.00016	-0.00055	-0.00135	-0.00074	0.00014	0.00010	0.00001	-0.00007	-0.00359	0.00208	-0.00071	-0.00019	0.00002	-0.00050	-0.00402	-0.00366	-0.00045	-0.00425	-0.00272	-0.00064	-0.00006	-0.00002	0.00001	-0.00289	-0.00143	-0.00127
219	-0.01223	-0.00815	-0.00213	-0.00089	0.00010	-0.00051	-0.00022	0.00026	-0.00014	0.00072	-0.00287	0.00162	-0.00003	0.00010	-0.00017	0.00204	-0.00226	0.00206	0.00088	0.00146	-0.00051	0.00002	-0.00012	0.00006	0.00095	0.00057	-0.00073	0.00042	0.00013	-0.00048	-0.00181	-0.00149	0.00001	0.00006	0.00001	-0.00007	-0.00329	0.00205	-0.00066	-0.00012	0.00003	-0.00052	-0.00419	-0.00388	-0.00046	-0.00381	-0.00167	-0.00014	-0.00009	-0.00005	0.00002	-0.00286	-0.00053	-0.00149
220	-0.01189	-0.00613	-0.00247	-0.00077	-0.00023	-0.00066	-0.00016	0.00016	-0.00014	0.00075	-0.00239	0.00148	-0.00004	0.00006	-0.00017	0.00196	-0.00145	0.00177	0.00096	0.00188	-0.00068	0.00002	-0.00011	0.00005	0.00071	0.00045	-0.00054	0.00028	0.00010	-0.00034	-0.00207	-0.00222	-0.00019	0.00002	0.00001	-0.00003	-0.00302	0.00230	-0.00063	-0.00004	-0.00004	-0.00062	-0.00444	-0.00436	-0.00053	-0.00349	-0.00131	-0.00007	-0.00010	-0.00007	0.00001	-0.00246	0.00108	-0.00119
221	-0.01145	-0.00602	-0.00295	-0.00069	-0.00037	-0.00073	-0.00016	0.00003	-0.00023	0.00063	-0.00198	0.00124	-0.00003	0.00003	-0.00011	0.00184	-0.00051	0.00138	0.00114	0.00225	-0.00078	0.00002	-0.00009	0.00004	0.00055	0.00057	-0.00050	0.00025	0.00012	-0.00031	-0.00238	-0.00243	-0.00019	0.00004	0.00001	-0.00003	-0.00275	0.00198	-0.00057	-0.00000	-0.00011	-0.00054	-0.00457	-0.00460	-0.00057	-0.00292	-0.00169	-0.00014	-0.00011	-0.00009	0.00001	-0.00231	0.00086	-0.00090
222	-0.00998	-0.00545	-0.00314	-0.00051	-0.00024	-0.00050	-0.00009	-0.00004	-0.00016	0.00039	-0.00151	0.00086	-0.00003	-0.00001	-0.00007	0.00174	0.00063	0.00094	0.00181	0.00272	-0.00088	0.00001	-0.00008	0.00003	0.00038	0.00047	-0.00039	0.00023	0.00012	-0.00029	-0.00275	-0.00274	-0.00020	0.00004	0.00001	-0.00004	-0.00237	0.00178	-0.00050	0.00011	-0.00013	-0.00049	-0.00429	-0.00412	-0.00047	-0.00189	-0.00127	-0.00002	-0.00012	-0.00012	-0.00000	-0.00265	-0.00090	-0.00095
223	-0.00599	-0.00100	-0.00217	-0.00016	-0.00035	-0.00028	0.00007	-0.00017	0.00000	0.00031	-0.00074	0.00053	-0.00004	-0.00012	-0.00002	0.00173	0.00194	0.00050	0.00256	0.00311	-0.00074	0.00001	-0.00005	0.00002	0.00006	0.00028	-0.00016	0.00008	0.00008	-0.00011	-0.00266	-0.00363	-0.00049	0.00000	-0.00000	0.00002	-0.00218	0.00207	-0.00049	0.00028	-0.00017	-0.00047	-0.00323	-0.00276	-0.00018	-0.00029	0.00107	0.00047	-0.00011	-0.00016	-0.00002	-0.00242	-0.00141	-0.00074
224	-0.00227	0.00515	-0.00163	0.00004	-0.00041	-0.00017	0.00017	-0.00026	0.00011	0.00025	0.00029	0.00015	-0.00006	-0.00022	0.00004	0.00161	0.00357	-0.00009	0.00276	0.00378	-0.00061	0.00001	0.00000	0.00001	-0.00025	0.00059	-0.00006	-0.00010	0.00016	0.00003	-0.00194	-0.00460	-0.00089	-0.00004	-0.00002	0.00007	-0.00234	0.00178	-0.00048	0.00028	-0.00018	-0.00021	-0.00183	-0.00224	-0.00016	0.00087	0.00302	0.00110	-0.00007	-0.00017	-0.00003	-0.00164	0.00007	-0.00043
225	-0.00144	0.00653	-0.00199	-0.00000	-0.00011	-0.00001	0.00021	-0.00030	0.00020	0.00021	0.00118	-0.00017	-0.00005	-0.00028	0.00012	0.00173	0.00519	-0.00051	0.00294	0.00478	-0.00078	0.00001	0.00004	0.00000	-0.00040	0.00092	-0.00005	-0.00023	0.00027	0.00007	-0.00144	-0.00492	-0.00105	-0.00005	-0.00001	0.00007	-0.00190	0.00069	-0.00032	0.00013	-0.00013	0.00021	-0.00174	-0.00354	-0.00054	0.00032	0.00206	0.00107	-0.00005	-0.00017	-0.00004	-0.00113	0.00087	-0.00027
226	-0.00156	0.00280	-0.00185	-0.00001	0.00017	0.00018	0.00028	-0.00033	0.00033	0.00029	0.00176	-0.00027	-0.00004	-0.00036	0.00026	0.00215	0.00604	-0.00052	0.00341	0.00535	-0.00094	0.00002	0.00007	-0.00000	-0.00052	0.00054	0.00017	-0.00036	0.00021	0.00025	-0.00156	-0.00480	-0.00102	-0.00007	-0.00002	0.00011	-0.00079	0.00010	-0.00011	-0.00006	-0.00013	0.00037	-0.00277	-0.00533	-0.00097	-0.00096	-0.00034	0.00023	-0.00004	-0.00016	-0.00004	-0.00052	0.00004	0.00011
227	-0.00127	0.00051	-0.00202	0.00013	0.00035	0.00034	0.00028	-0.00032	0.00034	0.00030	0.00239	-0.00043	-0.00005	-0.00041	0.00035	0.00230	0.00659	-0.00058	0.00351	0.00582	-0.00107	0.00002	0.00011	-0.00001	-0.00079	-0.00009	0.00058	-0.00045	0.00001	0.00051	-0.00162	-0.00503	-0.00106	-0.00009	-0.00003	0.00019	-0.00017	0.00022	-0.00004	-0.00020	-0.00016	0.00026	-0.00322	-0.00702	-0.00140	-0.00165	-0.00210	-0.00060	-0.00004	-0.00017	-0.00004	0.00048	0.00036	0.00066
228	-0.00069	0.00114	-0.00190	0.00033	0.00070	0.00065	0.00023	-0.00019	0.00038	0.00041	0.00307	-0.00053	-0.00004	-0.00033	0.00030	0.00228	0.00736	-0.00071	0.00304	0.00643	-0.00120	0.00002	0.00014	-0.00002	-0.00112	-0.00046	0.00092	-0.00042	-0.00018	0.00069	-0.00145	-0.00539	-0.00114	-0.00004	-0.00004	0.00025	0.00030	0.00012	0.00003	-0.00021	-0.00011	0.00033	-0.00307	-0.00839	-0.00177	-0.00189	-0.00309	-0.00097	-0.00005	-0.00019	-0.00004	0.00099	0.00169	0.00094
229	0.00117	0.00141	-0.00001	0.00064	0.00128	0.00130	0.00025	0.00014	0.00082	0.00083	0.00373	-0.00037	-0.00002	-0.00017	0.00026	0.00240	0.00822	-0.00070	0.00218	0.00700	-0.00132	0.00003	0.00017	-0.00002	-0.00132	-0.00067	0.00113	-0.00037	-0.00034	0.00085	-0.00127	-0.00532	-0.00111	0.00009	-0.00003	0.00036	0.00154	-0.00047	0.00025	-0.00018	-0.00003	0.00059	-0.00275	-0.00903	-0.00194	-0.00182	-0.00392	-0.00115	-0.00004	-0.00019	-0.00005	0.00097	0.00103	0.00107
230	0.00397	0.00380	0.00147	0.00095	0.00181	0.00192	0.00026	0.00048	0.00127	0.00126	0.00471	-0.00030	-0.00003	-0.00006	0.00034	0.00262	0.00937	-0.00075	0.00156	0.00791	-0.00159	0.00004	0.00023	-0.00002	-0.00134	-0.00083	0.00122	-0.00030	-0.00044	0.00092	-0.00109	-0.00504	-0.00104	0.00018	-0.00000	0.00043	0.00274	-0.00048	0.00041	-0.00026	0.00002	0.00071	-0.00250	-0.00934	-0.00204	-0.00172	-0.00479	-0.00146	-0.00004	-0.00019	-0.00004	0.00162	0.00043	0.00150
231	0.00378	0.00862	0.00072	0.00092	0.00196	0.00199	0.00017	0.00056	0.00122	0.00136	0.00559	-0.00043	-0.00004	0.00003	0.00036	0.00251	0.01040	-0.00091	0.00130	0.00866	-0.00174	0.00005	0.00028	-0.00003	-0.00119	-0.00100	0.00121	-0.00018	-0.00043	0.00081	-0.00102	-0.00486	-0.00101	0.00019	0.00001	0.00034	0.00258	0.00041	0.00031	-0.00031	0.00007	0.00076	-0.00265	-0.00968	-0.00215	-0.00202	-0.00542	-0.00178	-0.00003	-0.00019	-0.00004	0.00216	0.00224	0.00182
232	0.00059	0.00805	-0.00028	0.00065	0.00193	0.00181	0.00003	0.00059	0.00103	0.00128	0.00591	-0.00054	-0.00006	0.00016	0.00032	0.00189	0.01055	-0.00102	0.00064	0.00833	-0.00156	0.00005	0.00028	-0.00003	-0.00097	-0.00114	0.00119	-0.00011	-0.00040	0.00069	-0.00086	-0.00484	-0.00095	0.00015	0.00002	0.00024	0.00165	0.00008	0.00022	-0.00023	0.00013	0.00083	-0.00253	-0.01030	-0.00223	-0.00226	-0.00592	-0.00193	-0.00004	-0.00018	-0.00004	0.00130	0.00285	0.00170
233	0.00130	0.00431	0.00066	0.00053	0.00203	0.00185	-0.00001	0.00069	0.00108	0.00142	0.00617	-0.00053	-0.00006	0.00019	0.00031	0.00158	0.01011	-0.00097	-0.00014	0.00736	-0.00123	0.00006	0.00030	-0.00003	-0.00081	-0.00117	0.00116	-0.00012	-0.00042	0.00070	-0.00046	-0.00472	-0.00081	0.00012	0.00000	0.00023	0.00183	-0.00120	0.00034	-0.00022	0.00016	0.00086	-0.00155	-0.01058	-0.00209	-0.00186	-0.00611	-0.00188	-0.00004	-0.00017	-0.00004	0.00103	0.00166	0.00171
234	0.00583	0.00584	0.00228	0.00045	0.00214	0.00190	0.00002	0.00071	0.00120	0.00173	0.00673	-0.00051	-0.00003	0.00011	0.00033	0.00180	0.00996	-0.00091	-0.00043	0.00655	-0.00094	0.00007	0.00033	-0.00003	-0.00067	-0.00127	0.00119	-0.00008	-0.00047	0.00076	-0.00006	-0.00444	-0.00063	0.00012	-0.00002	0.00027	0.00289	-0.00058	0.00044	-0.00032	0.00019	0.00085	-0.00045	-0.01007	-0.00176	-0.00126	-0.00573	-0.00170	-0.00004	-0.00018	-0.00004	0.00209	0.00188	0.00186
235	0.00861	0.00779	0.00245	0.00025	0.00210	0.00179	0.00002	0.00068	0.00121	0.00191	0.00722	-0.00053	-0.00001	0.00006	0.00037	0.00189	0.01012	-0.00090	-0.00056	0.00578	-0.00084	0.00008	0.00034	-0.00003	-0.00047	-0.00131	0.00115	0.00001	-0.00046	0.00074	0.00016	-0.00438	-0.00055	0.00012	-0.00002	0.00029	0.00333	0.00076	0.00042	-0.00030	0.00021	0.00067	0.00040	-0.00976	-0.00148	-0.00062	-0.00565	-0.00150	-0.00004	-0.00019	-0.00004	0.00242	0.00232	0.00169
236	0.01009	0.00652	0.00213	0.00010	0.00203	0.00170	-0.00005	0.00068	0.00114	0.00191	0.00728	-0.00053	-0.00002	0.00007	0.00035	0.00189	0.00978	-0.00086	-0.00052	0.00450	-0.00072	0.00008	0.00033	-0.00003	-0.00024	-0.00101	0.00088	0.00004	-0.00037	0.00058	0.00022	-0.00433	-0.00052	0.00011	-0.00001	0.00023	0.00319	0.00078	0.00040	-0.00014	0.00015	0.00047	0.00116	-0.00947	-0.00120	0.00024	-0.00564	-0.00120	-0.00004	-0.00021	-0.00005	0.00217	0.00197	0.00149
237	0.01107	0.00747	0.00305	0.00002	0.00204	0.00172	-0.00011	0.00065	0.00105	0.00167	0.00725	-0.00053	-0.00002	0.00006	0.00030	0.00165	0.00916	-0.00075	-0.00036	0.00300	-0.00030	0.00007	0.00032	-0.00003	-0.00007	-0.00080	0.00068	0.00006	-0.00028	0.00044	0.00037	-0.00393	-0.00039	0.00009	-0.00001	0.00019	0.00290	0.00098	0.00035	-0.00003	0.00008	0.00055	0.00165	-0.00826	-0.00082	0.00080	-0.00481	-0.00079	-0.00003	-0.00021	-0.00004	0.00242	0.00224	0.00144
238	0.01117	0.00930	0.00461	0.00001	0.00196	0.00166	-0.00009	0.00061	0.00102	0.00133	0.00748	-0.00053	-0.00001	0.00004	0.00028	0.00116	0.00887	-0.00063	-0.00046	0.00159	0.00018	0.00005	0.00032	-0.00003	0.00002	-0.00091	0.00072	0.00011	-0.00028	0.00044	0.00073	-0.00345	-0.00015	0.00011	0.00001	0.00022	0.00283	0.00145	0.00033	0.00000	0.00005	0.00068	0.00186	-0.00682	-0.00045	0.00089	-0.00395	-0.00052	-0.00001	-0.00020	-0.00004	0.00262	0.00253	0.00143
239	0.01197	0.00911	0.00549	0.00004	0.00175	0.00149	-0.00007	0.00058	0.00098	0.00131	0.00785	-0.00055	-0.00002	0.00006	0.00026	0.00120	0.00861	-0.00060	-0.00038	-0.00004	0.00054	0.00004	0.00032	-0.00003	0.00004	-0.00095	0.00077	0.00015	-0.00032	0.00051	0.00085	-0.00315	-0.00005	0.00015	0.00003	0.00025	0.00336	0.00109	0.00040	0.00008	0.00004	0.00065	0.00175	-0.00587	-0.00030	0.00094	-0.00344	-0.00037	0.00000	-0.00019	-0.00003	0.00251	0.00275	0.00156
240	0.01329	0.01023	0.00548	-0.00001	0.00165	0.00141	-0.00010	0.00052	0.00087	0.00127	0.00828	-0.00054	-0.00003	0.00006	0.00021	0.00155	0.00826	-0.00065	0.00025	-0.00163	0.00070	0.00003	0.00033	-0.00002	0.00013	-0.00082	0.00068	0.00021	-0.00030	0.00051	0.00073	-0.00327	-0.00015	0.00014	0.00002	0.00023	0.00365	0.00176	0.00043	0.00019	0.00006	0.00057	0.00148	-0.00549	-0.00035	0.00104	-0.00248	-0.00005	0.00001	-0.00017	-0.00002	0.00274	0.00344	0.00164
241	0.01433	0.01280	0.00534	-0.00001	0.00178	0.00148	-0.00009	0.00047	0.00074	0.00096	0.00834	-0.00047	-0.00004	0.00005	0.00015	0.00150	0.00768	-0.00063	0.00098	-0.00254	0.00052	0.00002	0.00033	-0.00002	0.00026	-0.00063	0.00052	0.00027	-0.00020	0.00039	0.00081	-0.00374	-0.00019	0.00014	0.00004	0.00021	0.00333	0.00378	0.00039	0.00025	0.00014	0.00045	0.00158	-0.00539	-0.00028	0.00124	-0.00109	0.00049	0.00003	-0.00016	-0.00001	0.00312	0.00392	0.00160
242	0.01482	0.01277	0.00571	-0.00000	0.00189	0.00151	-0.00004	0.00044	0.00067	0.00058	0.00750	-0.00036	-0.00005	0.00006	0.00013	0.00115	0.00642	-0.00051	0.00142	-0.00281	0.00013	0.00002	0.00031	-0.00002	0.00027	-0.00051	0.00042	0.00025	-0.00015	0.00031	0.00104	-0.00392	-0.00009	0.00014	0.00005	0.00020	0.00354	0.00407	0.00041	0.00028	0.00020	0.00036	0.00185	-0.00486	0.00000	0.00139	0.00001	0.00090	0.00005	-0.00015	0.00000	0.00293	0.00424	0.00163
243	0.01360	0.01114	0.00585	-0.00017	0.00168	0.00139	-0.00007	0.00040	0.00066	0.00029	0.00609	-0.00023	-0.00004	0.00005	0.00014	0.00082	0.00499	-0.00037	0.00159	-0.00263	-0.00011	0.00002	0.00025	-0.00002	0.00021	-0.00056	0.00047	0.00018	-0.00020	0.00034	0.00108	-0.00362	-0.00001	0.00011	0.00002	0.00017	0.00398	0.00320	0.00043	0.00029	0.00016	0.00033	0.00169	-0.00369	0.00021	0.00119	0.00087	0.00108	0.00005	-0.00015	0.00000	0.00239	0.00427	0.00138
244	0.01198	0.01162	0.00567	-0.00032	0.00141	0.00123	-0.00013	0.00034	0.00058	0.00020	0.00441	-0.00017	-0.00003	0.00004	0.00011	0.00064	0.00387	-0.00030	0.00158	-0.00174	-0.00006	0.00002	0.00018	-0.00001	0.00021	-0.00056	0.00048	0.00019	-0.00020	0.00035	0.00105	-0.00323	0.00004	0.00012	0.00001	0.00021	0.00350	0.00368	0.00042	0.00028	0.00007	0.00021	0.00153	-0.00220	0.00048	0.00103	0.00176	0.00120	0.00005	-0.00014	0.00001	0.00207	0.00390	0.00091
245	0.01195	0.01325	0.00638	-0.00027	0.00133	0.00113	-0.00012	0.00026	0.00043	0.00031	0.00243	-0.00020	-0.00007	0.00004	0.00005	0.00062	0.00260	-0.00027	0.00132	-0.00035	-0.00010	0.00002	0.00010	-0.00001	0.00032	-0.00056	0.00049	0.00027	-0.00023	0.00042	0.00113	-0.00284	0.00018	0.00019	0.00003	0.00032	0.00266	0.00448	0.00039	0.00024	0.00010	0.00013	0.00185	-0.00087	0.00096	0.00130	0.00250	0.00149	0.00006	-0.00013	0.00001	0.00212	0.00436	0.00096
246	0.01272	0.01371	0.00731	-0.00016	0.00132	0.00108	-0.00009	0.00024	0.00036	0.00056	0.00047	-0.00030	-0.00007	0.00003	0.00001	0.00091	0.00093	-0.00037	0.00086	0.00057	-0.00035	0.00002	0.00000	-0.00001	0.00043	-0.00063	0.00056	0.00029	-0.00035	0.00055	0.00106	-0.00237	0.00023	0.00018	0.00002	0.00031	0.00255	0.00487	0.00039	0.00013	0.00016	0.00023	0.00196	0.00008	0.00124	0.00144	0.00310	0.00198	0.00005	-0.00012	0.00001	0.00259	0.00539	0.00138
247	0.01307	0.01267	0.00709	0.00001	0.00125	0.00098	-0.00003	0.00024	0.00034	0.00079	-0.00139	-0.00039	-0.00004	0.00002	0.00002	0.00127	-0.00082	-0.00055	0.00055	0.00095	-0.00045	0.00002	-0.00010	-0.00001	0.00041	-0.00044	0.00043	0.00020	-0.00029	0.00044	0.00086	-0.00181	0.00022	0.00012	0.00000	0.00021	0.00307	0.00517	0.00043	-0.00003	0.00006	0.00039	0.00164	0.00121	0.00137	0.00119	0.00384	0.00230	0.00004	-0.00010	0.00001	0.00301	0.00488	0.00136
248	0.01146	0.01269	0.00595	0.00026	0.00105	0.00074	0.00009	0.00022	0.00026	0.00072	-0.00320	-0.00037	-0.00002	0.00001	0.00002	0.00107	-0.00145	-0.00053	0.00024	0.00242	-0.00041	0.00003	-0.00018	-0.00002	0.00020	-0.00016	0.00018	0.00009	-0.00010	0.00018	0.00071	-0.00106	0.00029	0.00007	0.00000	0.00012	0.00319	0.00471	0.00041	-0.00017	-0.00009	0.00041	0.00138	0.00275	0.00165	0.00088	0.00454	0.00211	0.00003	-0.00008	0.00001	0.00268	0.00330	0.00088
249	0.00812	0.01602	0.00588	0.00050	0.00085	0.00047	0.00025	0.00019	0.00014	0.00036	-0.00453	-0.00021	0.00002	0.00000	0.00001	0.00051	-0.00108	-0.00033	-0.00013	0.00475	-0.00053	0.00002	-0.00021	-0.00001	-0.00004	-0.00028	0.00023	-0.00001	-0.00015	0.00017	0.00063	-0.00011	0.00051	0.00004	-0.00007	0.00008	0.00268	0.00415	0.00036	-0.00025	-0.00009	0.00029	0.00127	0.00438	0.00208	0.00037	0.00504	0.00198	0.00003	-0.00004	0.00001	0.00190	0.00320	0.00065
250	0.00627	0.02021	0.00757	0.00062	0.00088	0.00041	0.00035	0.00017	0.00005	-0.00002	-0.00485	-0.00004	0.00006	-0.00003	-0.00002	0.00031	-0.00137	-0.00023	-0.00014	0.00496	-0.00059	0.00000	-0.00018	-0.00000	0.00002	-0.00038	0.00033	-0.00007	-0.00029	0.00026	0.00075	0.00095	0.00092	0.00001	-0.00021	0.00007	0.00234	0.00423	0.00036	-0.00023	0.00003	0.00016	0.00116	0.00609	0.00261	-0.00035	0.00589	0.00239	0.00003	0.00001	0.00003	0.00142	0.00431	0.00087
251	0.00683	0.02088	0.00838	0.00066	0.00089	0.00036	0.00039	0.00014	-0.00005	-0.00011	-0.00451	0.00002	0.00009	-0.00005	-0.00005	0.00056	-0.00263	-0.00027	0.00027	0.00272	-0.00036	-0.00002	-0.00017	0.00001	0.00036	0.00004	0.00008	-0.00001	-0.00016	0.00012	0.00081	0.00186	0.00124	0.00000	-0.00025	0.00007	0.00211	0.00386	0.00033	-0.00013	0.00011	0.00018	0.00100	0.00737	0.00296	-0.00050	0.00686	0.00279	0.00003	0.00005	0.00004	0.00133	0.00476	0.00092
252	0.00712	0.01571	0.00757	0.00063	0.00055	0.00006	0.00041	0.00003	-0.00024	-0.00001	-0.00470	-0.00001	0.00012	-0.00007	-0.00008	0.00074	-0.00488	-0.00029	0.00060	0.00014	-0.00007	-0.00002	-0.00017	0.00001	0.00060	0.00037	-0.00016	0.00007	-0.00003	0.00004	0.00065	0.00247	0.00131	0.00001	-0.00019	0.00006	0.00141	0.00304	0.00027	-0.00004	0.00009	0.00023	0.00089	0.00753	0.00293	-0.00002	0.00702	0.00284	0.00003	0.00010	0.00005	0.00104	0.00443	0.00064
253	0.00496	0.00905	0.00717	0.00050	0.00003	-0.00035	0.00037	-0.00010	-0.00045	-0.00012	-0.00526	-0.00000	0.00015	-0.00010	-0.00016	0.00049	-0.00749	-0.00020	0.00067	-0.00220	0.00015	-0.00001	-0.00018	0.00001	0.00055	0.00031	-0.00012	0.00011	-0.00012	0.00015	0.00040	0.00319	0.00136	0.00001	-0.00015	0.00006	0.00075	0.00273	0.00025	-0.00008	-0.00004	0.00020	0.00063	0.00771	0.00285	0.00020	0.00689	0.00297	0.00002	0.00014	0.00006	0.00032	0.00368	0.00040
254	0.00215	0.00849	0.00748	0.00036	-0.00032	-0.00058	0.00022	-0.00019	-0.00055	-0.00022	-0.00509	0.00002	0.00008	-0.00008	-0.00023	0.00014	-0.00852	-0.00007	0.00054	-0.00388	0.00037	-0.00001	-0.00018	0.00000	0.00036	0.00040	-0.00016	0.00010	-0.00010	0.00013	0.00005	0.00432	0.00149	-0.00001	-0.00011	-0.00000	0.00065	0.00246	0.00023	-0.00009	-0.00012	0.00013	0.00007	0.00894	0.00304	0.00024	0.00737	0.00327	0.00000	0.00020	0.00007	-0.00033	0.00338	0.00032
255	-0.00013	0.01078	0.00787	0.00032	-0.00049	-0.00069	0.00002	-0.00024	-0.00059	-0.00012	-0.00471	0.00000	-0.00006	-0.00000	-0.00027	-0.00009	-0.00853	0.00004	0.00022	-0.00469	0.00069	-0.00001	-0.00018	0.00000	0.00016	0.00060	-0.00031	0.00006	0.00005	-0.00003	-0.00020	0.00531	0.00166	-0.00002	-0.00001	-0.00007	0.00036	0.00196	0.00019	-0.00001	-0.00009	0.00016	-0.00040	0.00992	0.00319	0.00037	0.00778	0.00350	-0.00000	0.00025	0.00008	-0.00073	0.00384	0.00030
256	-0.00255	0.00930	0.00787	0.00024	-0.00059	-0.00077	-0.00014	-0.00029	-0.00065	-0.00020	-0.00467	0.00001	-0.00018	0.00006	-0.00031	-0.00037	-0.00897	0.00013	0.00004	-0.00540	0.00100	-0.00002	-0.00018	0.00001	0.00002	0.00059	-0.00034	0.00003	0.00014	-0.00013	-0.00036	0.00573	0.00172	-0.00001	0.00007	-0.00004	-0.00035	0.00209	0.00024	0.00004	-0.00012	0.00031	-0.00073	0.00980	0.00306	0.00032	0.00738	0.00341	-0.00000	0.00028	0.00009	-0.00087	0.00337	0.00013
257	-0.00363	0.00734	0.00700	0.00013	-0.00065	-0.00077	-0.00024	-0.00029	-0.00063	-0.00041	-0.00441	0.00003	-0.00022	0.00010	-0.00030	-0.00064	-0.00881	0.00017	0.00032	-0.00555	0.00105	-0.00001	-0.00017	0.00001	0.00001	0.00067	-0.00039	0.00004	0.00019	-0.00016	-0.00058	0.00606	0.00173	-0.00000	0.00012	-0.00003	-0.00055	0.00216	0.00026	0.00016	-0.00022	0.00034	-0.00111	0.00940	0.00288	0.00011	0.00639	0.00287	-0.00002	0.00029	0.00009	-0.00061	0.00205	-0.00015
258	-0.00417	0.00512	0.00607	0.00009	-0.00072	-0.00079	-0.00029	-0.00025	-0.00053	-0.00048	-0.00413	0.00003	-0.00024	0.00013	-0.00024	-0.00089	-0.00851	0.00022	0.00045	-0.00545	0.00107	-0.00001	-0.00016	0.00000	0.00005	0.00078	-0.00045	0.00006	0.00024	-0.00019	-0.00076	0.00648	0.00180	-0.00001	0.00014	-0.00006	-0.00059	0.00110	0.00015	0.00027	-0.00024	0.00024	-0.00138	0.00906	0.00276	0.00009	0.00524	0.00226	-0.00003	0.00031	0.00009	-0.00049	0.00110	-0.00028
259	-0.00612	0.00045	0.00621	0.00002	-0.00080	-0.00079	-0.00032	-0.00018	-0.00038	-0.00044	-0.00417	0.00003	-0.00024	0.00016	-0.00018	-0.00105	-0.00939	0.00028	0.00002	-0.00635	0.00126	-0.00001	-0.00016	0.00000	0.00001	0.00063	-0.00039	0.00003	0.00025	-0.00022	-0.00090	0.00681	0.00187	-0.00002	0.00015	-0.00009	-0.00106	0.00003	0.00008	0.00010	-0.00021	0.00027	-0.00152	0.00874	0.00263	0.00002	0.00429	0.00201	-0.00004	0.00033	0.00009	-0.00073	0.00030	-0.00026
260	-0.00783	-0.00197	0.00652	-0.00017	-0.00070	-0.00065	-0.00037	-0.00012	-0.00027	-0.00042	-0.00396	0.00003	-0.00023	0.00017	-0.00014	-0.00106	-0.00974	0.00030	-0.00033	-0.00704	0.00130	-0.00001	-0.00016	0.00000	-0.00001	0.00046	-0.00031	-0.00002	0.00025	-0.00025	-0.00106	0.00712	0.00192	-0.00004	0.00013	-0.00013	-0.00126	-0.00023	0.00006	-0.00006	-0.00017	0.00036	-0.00174	0.00858	0.00256	-0.00022	0.00336	0.00186	-0.00005	0.00033	0.00009	-0.00080	-0.00025	-0.00022
261	-0.00896	-0.00236	0.00548	-0.00035	-0.00074	-0.00066	-0.00042	-0.00019	-0.00037	-0.00052	-0.00372	0.00002	-0.00022	0.00012	-0.00018	-0.00125	-0.00903	0.00027	-0.00043	-0.00657	0.00115	-0.00001	-0.00017	0.00000	0.00003	0.00051	-0.00033	-0.00004	0.00028	-0.00029	-0.00123	0.00728	0.00195	-0.00005	0.00012	-0.00014	-0.00136	-0.00043	0.00005	-0.00001	-0.00013	0.00032	-0.00189	0.00823	0.00245	-0.00028	0.00215	0.00139	-0.00005	0.00033	0.00009	-0.00089	-0.00040	-0.00024
262	-0.01031	-0.00347	0.00447	-0.00038	-0.00077	-0.00067	-0.00041	-0.00022	-0.00041	-0.00055	-0.00385	0.00002	-0.00020	0.00010	-0.00019	-0.00148	-0.00891	0.00026	-0.00078	-0.00619	0.00110	-0.00001	-0.00017	0.00000	-0.00000	0.00056	-0.00036	-0.00003	0.00028	-0.00029	-0.00127	0.00721	0.00193	-0.00004	0.00012	-0.00013	-0.00180	-0.00041	0.00008	-0.00005	-0.00013	0.00021	-0.00167	0.00766	0.00224	-0.00023	0.00122	0.00086	-0.00005	0.00032	0.00009	-0.00135	-0.00028	-0.00028
263	-0.01097	-0.00373	0.00466	-0.00028	-0.00039	-0.00033	-0.00038	0.00001	-0.00008	-0.00041	-0.00380	0.00004	-0.00020	0.00019	-0.00010	-0.00137	-0.00880	0.00027	-0.00119	-0.00580	0.00091	-0.00000	-0.00017	0.00000	-0.00011	0.00047	-0.00029	-0.00001	0.00023	-0.00023	-0.00112	0.00682	0.00182	-0.00003	0.00010	-0.00010	-0.00198	0.00021	0.00015	-0.00021	-0.00014	0.00017	-0.00136	0.00669	0.00192	-0.00053	0.00043	0.00057	-0.00006	0.00031	0.00009	-0.00173	-0.00010	-0.00014
264	-0.01168	-0.00373	0.00434	-0.00030	-0.00010	-0.00006	-0.00040	0.00017	0.00012	-0.00035	-0.00343	0.00004	-0.00021	0.00026	-0.00004	-0.00119	-0.00742	0.00023	-0.00137	-0.00455	0.00051	-0.00000	-0.00016	0.00000	-0.00014	0.00044	-0.00027	-0.00003	0.00023	-0.00024	-0.00109	0.00587	0.00159	-0.00003	0.00009	-0.00010	-0.00187	0.00045	0.00016	-0.00033	-0.00012	0.00025	-0.00141	0.00509	0.00151	-0.00107	-0.00076	0.00040	-0.00006	0.00025	0.00007	-0.00183	-0.00004	0.00013
265	-0.01268	-0.00224	0.00404	-0.00045	-0.00009	-0.00002	-0.00039	0.00007	0.00001	-0.00028	-0.00308	0.00005	-0.00016	0.00022	-0.00001	-0.00103	-0.00565	0.00018	-0.00137	-0.00325	0.00034	-0.00001	-0.00016	0.00000	-0.00012	0.00041	-0.00027	-0.00006	0.00029	-0.00030	-0.00128	0.00525	0.00149	-0.00005	0.00011	-0.00013	-0.00193	0.00011	0.00014	-0.00035	-0.00007	0.00041	-0.00170	0.00429	0.00137	-0.00141	-0.00146	0.00039	-0.00007	0.00020	0.00006	-0.00203	0.00057	0.00033
266	-0.01283	0.00127	0.00486	-0.00038	0.00002	0.00007	-0.00030	0.00004	-0.00000	-0.00016	-0.00298	0.00008	-0.00009	0.00017	0.00003	-0.00092	-0.00472	0.00014	-0.00135	-0.00242	0.00044	-0.00001	-0.00015	0.00000	-0.00022	0.00032	-0.00019	-0.00008	0.00028	-0.00028	-0.00139	0.00523	0.00151	-0.00004	0.00011	-0.00014	-0.00195	0.00059	0.00017	-0.00028	-0.00003	0.00046	-0.00184	0.00468	0.00151	-0.00147	-0.00114	0.00054	-0.00008	0.00019	0.00006	-0.00228	0.00109	0.00044
267	-0.01276	0.00266	0.00484	-0.00025	0.00011	0.00014	-0.00023	0.00007	0.00004	-0.00025	-0.00316	0.00007	-0.00009	0.00016	0.00002	-0.00112	-0.00422	0.00007	-0.00152	-0.00150	0.00041	-0.00001	-0.00015	0.00000	-0.00033	0.00028	-0.00013	-0.00007	0.00026	-0.00026	-0.00134	0.00442	0.00133	-0.00002	0.00010	-0.00010	-0.00189	0.00178	0.00024	-0.00025	-0.00004	0.00044	-0.00172	0.00424	0.00141	-0.00135	-0.00061	0.00066	-0.00008	0.00015	0.00006	-0.00224	0.00077	0.00044
268	-0.01299	0.00228	0.00383	-0.00029	0.00012	0.00015	-0.00018	0.00004	0.00003	-0.00037	-0.00325	0.00006	-0.00008	0.00011	-0.00000	-0.00130	-0.00352	-0.00000	-0.00177	-0.00050	0.00016	-0.00002	-0.00015	0.00000	-0.00039	0.00027	-0.00012	-0.00011	0.00024	-0.00025	-0.00117	0.00296	0.00097	-0.00005	0.00010	-0.00014	-0.00214	0.00216	0.00029	-0.00022	-0.00005	0.00042	-0.00156	0.00290	0.00110	-0.00121	-0.00022	0.00071	-0.00006	0.00011	0.00004	-0.00206	0.00098	0.00040
269	-0.01268	0.00222	0.00368	-0.00027	0.00032	0.00032	-0.00010	0.00011	0.00012	-0.00026	-0.00320	0.00009	-0.00003	0.00011	0.00004	-0.00110	-0.00307	0.00002	-0.00170	0.00005	-0.00008	-0.00003	-0.00015	0.00000	-0.00050	0.00019	-0.00007	-0.00023	0.00009	-0.00013	-0.00112	0.00227	0.00081	-0.00010	0.00007	-0.00019	-0.00219	0.00185	0.00027	-0.00013	0.00001	0.00030	-0.00160	0.00225	0.00099	-0.00109	-0.00003	0.00067	-0.00005	0.00009	0.00004	-0.00219	0.00125	0.00048
270	-0.01230	0.00152	0.00433	-0.00014	0.00070	0.00058	-0.00005	0.00023	0.00025	-0.00015	-0.00326	0.00012	-0.00001	0.00015	0.00007	-0.00086	-0.00294	0.00003	-0.00156	0.00021	-0.00015	-0.00002	-0.00015	0.00000	-0.00055	-0.00000	0.00009	-0.00026	-0.00004	0.00000	-0.00128	0.00217	0.00085	-0.00009	0.00003	-0.00014	-0.00185	0.00162	0.00023	-0.00012	0.00002	0.00022	-0.00174	0.00232	0.00102	-0.00107	-0.00002	0.00058	-0.00006	0.00007	0.00004	-0.00250	0.00042	0.00052
271	-0.01282	0.00099	0.00463	-0.00016	0.00083	0.00073	-0.00003	0.00029	0.00033	-0.00015	-0.00321	0.00012	-0.00000	0.00015	0.00008	-0.00087	-0.00247	-0.00002	-0.00165	0.00050	-0.00017	-0.00003	-0.00015	0.00000	-0.00061	-0.00022	0.00026	-0.00022	0.00001	-0.00003	-0.00125	0.00163	0.00075	-0.00004	0.00002	-0.00007	-0.00219	0.00151	0.00026	-0.00017	-0.00000	0.00024	-0.00180	0.00195	0.00095	-0.00118	0.00010	0.00065	-0.00006	0.00004	0.00003	-0.00241	0.00001	0.00052
272	-0.01270	0.00107	0.00445	-0.00028	0.00067	0.00070	-0.00002	0.00034	0.00041	-0.00008	-0.00304	0.00013	0.00005	0.00013	0.00010	-0.00098	-0.00197	-0.00007	-0.00167	0.00105	-0.00034	-0.00002	-0.00015	0.00000	-0.00063	-0.00030	0.00032	-0.00019	0.00004	-0.00003	-0.00106	0.00051	0.00048	-0.00001	0.00001	-0.00003	-0.00276	0.00178	0.00032	-0.00008	0.00006	0.00022	-0.00189	0.00079	0.00078	-0.00101	0.00049	0.00076	-0.00004	0.00001	0.00002	-0.00201	0.00066	0.00067
273	-0.01101	0.00021	0.00430	-0.00025	0.00068	0.00071	-0.00001	0.00037	0.00044	-0.00007	-0.00285	0.00012	0.00008	0.00011	0.00013	-0.00116	-0.00158	-0.00016	-0.00139	0.00144	-0.00040	-0.00001	-0.00013	0.00000	-0.00051	-0.00033	0.00033	-0.00016	-0.00012	0.00015	-0.00082	-0.00086	0.00016	0.00001	-0.00003	0.00004	-0.00237	0.00205	0.00029	0.00013	0.00011	0.00033	-0.00191	-0.00067	0.00055	-0.00069	0.00118	0.00090	-0.00001	-0.00001	0.00000	-0.00187	0.00085	0.00071
274	-0.01037	-0.00148	0.00435	-0.00015	0.00085	0.00077	0.00005	0.00031	0.00036	-0.00019	-0.00227	0.00004	0.00010	0.00005	0.00010	-0.00145	-0.00067	-0.00035	-0.00109	0.00157	-0.00024	-0.00001	-0.00011	0.00000	-0.00055	-0.00056	0.00050	-0.00020	-0.00028	0.00032	-0.00057	-0.00230	-0.00014	-0.00001	-0.00009	0.00006	-0.00203	0.00134	0.00025	0.00033	0.00010	0.00044	-0.00197	-0.00171	0.00042	-0.00081	0.00216	0.00127	0.00000	-0.00005	-0.00001	-0.00182	0.00018	0.00056
275	-0.01012	-0.00075	0.00427	-0.00010	0.00087	0.00078	0.00020	0.00025	0.00030	-0.00020	-0.00147	-0.00001	0.00016	-0.00004	0.00008	-0.00144	0.00061	-0.00049	-0.00083	0.00184	-0.00029	-0.00000	-0.00009	0.00000	-0.00081	-0.00092	0.00077	-0.00037	-0.00035	0.00037	-0.00043	-0.00318	-0.00031	-0.00006	-0.00014	0.00004	-0.00249	0.00018	0.00028	0.00039	0.00013	0.00014	-0.00191	-0.00153	0.00048	-0.00088	0.00326	0.00152	-0.00001	-0.00009	-0.00001	-0.00134	-0.00008	0.00061
276	-0.00700	0.00232	0.00384	-0.00007	0.00092	0.00082	0.00032	0.00028	0.00035	-0.00019	-0.00082	-0.00004	0.00024	-0.00009	0.00010	-0.00093	0.00170	-0.00049	-0.00023	0.00234	-0.00048	-0.00000	-0.00006	0.00000	-0.00083	-0.00106	0.00087	-0.00051	-0.00045	0.00044	-0.00012	-0.00332	-0.00042	-0.00012	-0.00024	0.00003	-0.00241	-0.00004	0.00026	0.00030	0.00018	-0.00005	-0.00125	-0.00107	0.00038	-0.00082	0.00363	0.00139	-0.00000	-0.00011	-0.00001	-0.00037	0.00053	0.00069
277	-0.00349	0.00154	0.00317	-0.00031	0.00088	0.00088	0.00030	0.00026	0.00033	-0.00019	-0.00002	-0.00008	0.00029	-0.00017	0.00007	-0.00044	0.00250	-0.00048	0.00033	0.00258	-0.00049	-0.00000	-0.00002	-0.00000	-0.00034	-0.00104	0.00085	-0.00047	-0.00059	0.00059	0.00012	-0.00333	-0.00050	-0.00017	-0.00035	0.00006	-0.00156	0.00016	0.00017	0.00016	0.00011	0.00022	-0.00075	-0.00210	0.00001	-0.00093	0.00228	0.00101	0.00000	-0.00011	-0.00001	0.00046	0.00050	0.00052
278	-0.00216	-0.00240	0.00235	-0.00084	0.00052	0.00086	0.00015	0.00014	0.00026	0.00003	0.00107	-0.00006	0.00033	-0.00027	0.00002	-0.00021	0.00325	-0.00049	0.00021	0.00260	-0.00055	0.00000	0.00005	-0.00000	0.00031	-0.00106	0.00087	-0.00025	-0.00063	0.00074	0.00012	-0.00317	-0.00048	-0.00016	-0.00041	0.00014	-0.00113	-0.00083	0.00013	0.00011	0.00001	0.00028	-0.00068	-0.00354	-0.00028	-0.00086	0.00006	0.00046	0.00000	-0.00010	-0.00001	0.00070	-0.00008	0.00045
279	-0.00275	-0.00435	0.00187	-0.00120	0.00020	0.00080	-0.00001	0.00006	0.00022	0.00019	0.00190	-0.00004	0.00035	-0.00031	0.00001	-0.00007	0.00387	-0.00050	-0.00008	0.00267	-0.00066	0.00001	0.00010	-0.00000	0.00041	-0.00117	0.00100	-0.00006	-0.00065	0.00088	0.00005	-0.00281	-0.00041	-0.00010	-0.00037	0.00025	-0.00146	-0.00212	0.00017	0.00011	-0.00004	0.00004	-0.00067	-0.00423	-0.00041	-0.00078	-0.00155	-0.00003	0.00000	-0.00009	-0.00001	0.00058	0.00018	0.00055
280	-0.00358	-0.00576	0.00172	-0.00117	0.00010	0.00071	-0.00005	0.00006	0.00022	0.00012	0.00232	-0.00008	0.00035	-0.00027	0.00006	0.00013	0.00423	-0.00049	-0.00007	0.00260	-0.00061	0.00001	0.00011	-0.00000	0.00008	-0.00129	0.00114	0.00004	-0.00068	0.00102	0.00001	-0.00288	-0.00040	-0.00001	-0.00023	0.00034	-0.00184	-0.00197	0.00021	0.00007	-0.00010	0.00002	-0.00064	-0.00520	-0.00058	-0.00092	-0.00268	-0.00028	0.00000	-0.00010	-0.00001	0.00031	0.00019	0.00046
281	-0.00121	-0.00738	0.00073	-0.00084	0.00016	0.00061	-0.00001	0.00017	0.00032	0.00024	0.00289	-0.00005	0.00030	-0.00014	0.00020	0.00060	0.00477	-0.00044	0.00011	0.00256	-0.00068	0.00001	0.00013	-0.00000	0.00009	-0.00114	0.00099	0.00018	-0.00048	0.00090	0.00027	-0.00309	-0.00049	0.00007	-0.00002	0.00032	-0.00136	-0.00163	0.00016	0.00006	-0.00013	0.00006	-0.00021	-0.00637	-0.00084	-0.00073	-0.00380	-0.00053	0.00001	-0.00011	-0.00002	0.00000	-0.00116	0.00023
282	0.00286	-0.00751	-0.00059	-0.00045	0.00028	0.00048	-0.00004	0.00024	0.00037	0.00048	0.00363	-0.00001	0.00014	0.00002	0.00028	0.00107	0.00521	-0.00039	0.00035	0.00241	-0.00071	0.00002	0.00016	-0.00000	0.00038	-0.00070	0.00060	0.00031	-0.00017	0.00060	0.00046	-0.00287	-0.00049	0.00011	0.00013	0.00031	-0.00029	-0.00232	0.00008	0.00006	-0.00014	0.00003	0.00046	-0.00662	-0.00100	-0.00019	-0.00443	-0.00084	0.00001	-0.00010	-0.00002	-0.00003	-0.00225	0.00012
283	0.00462	-0.00636	-0.00074	-0.00029	0.00037	0.00041	-0.00002	0.00023	0.00034	0.00044	0.00406	-0.00004	0.00000	0.00010	0.00022	0.00109	0.00494	-0.00032	0.00035	0.00169	-0.00044	0.00001	0.00019	-0.00001	0.00053	-0.00039	0.00038	0.00036	-0.00009	0.00051	0.00036	-0.00245	-0.00040	0.00013	0.00018	0.00036	0.00033	-0.00247	0.00003	-0.00002	-0.00018	0.00006	0.00094	-0.00606	-0.00103	0.00028	-0.00428	-0.00106	0.00000	-0.00009	-0.00001	0.00013	-0.00212	0.00026
284	0.00460	-0.00485	-0.00052	-0.00027	0.00054	0.00047	0.00004	0.00027	0.00037	0.00019	0.00429	-0.00010	-0.00002	0.00012	0.00021	0.00089	0.00476	-0.00029	0.00016	0.00109	-0.00032	-0.00000	0.00020	-0.00001	0.00045	-0.00055	0.00045	0.00037	-0.00005	0.00049	0.00036	-0.00219	-0.00036	0.00014	0.00025	0.00035	0.00033	-0.00161	0.00001	-0.00006	-0.00018	0.00003	0.00137	-0.00559	-0.00108	0.00070	-0.00402	-0.00126	0.00001	-0.00009	-0.00001	-0.00004	-0.00209	0.00054
285	0.00588	-0.00375	-0.00109	-0.00022	0.00055	0.00046	-0.00003	0.00029	0.00040	0.00001	0.00462	-0.00015	-0.00002	0.00013	0.00024	0.00075	0.00510	-0.00034	0.00020	0.00094	-0.00041	-0.00001	0.00021	-0.00001	0.00036	-0.00085	0.00056	0.00042	0.00014	0.00035	0.00065	-0.00198	-0.00036	0.00015	0.00029	0.00036	0.00042	-0.00112	-0.00001	0.00002	-0.00014	-0.00006	0.00203	-0.00532	-0.00114	0.00125	-0.00400	-0.00146	0.00002	-0.00009	-0.00001	-0.00012	-0.00250	0.00049
286	0.00830	-0.00234	-0.00137	-0.00024	0.00026	0.00031	-0.00016	0.00019	0.00034	-0.00010	0.00496	-0.00018	-0.00007	0.00012	0.00020	0.00067	0.00522	-0.00035	0.00039	0.00052	-0.00021	-0.00001	0.00022	-0.00001	0.00046	-0.00079	0.00054	0.00046	0.00020	0.00032	0.00090	-0.00170	-0.00034	0.00017	0.00029	0.00040	0.00102	-0.00077	-0.00005	0.00003	-0.00012	-0.00000	0.00262	-0.00479	-0.00112	0.00166	-0.00376	-0.00143	0.00002	-0.00008	-0.00001	0.00049	-0.00233	0.00024
287	0.00921	0.00010	-0.00113	-0.00022	0.00021	0.00024	-0.00019	0.00012	0.00025	-0.00026	0.00515	-0.00020	-0.00011	0.00011	0.00014	0.00056	0.00518	-0.00032	0.00057	0.00006	-0.00004	-0.00002	0.00023	-0.00001	0.00059	-0.00050	0.00045	0.00043	0.00010	0.00038	0.00086	-0.00160	-0.00032	0.00013	0.00031	0.00031	0.00151	0.00015	-0.00010	-0.00001	-0.00009	0.00007	0.00264	-0.00440	-0.00107	0.00168	-0.00341	-0.00134	0.00002	-0.00008	-0.00001	0.00104	-0.00143	0.00043
288	0.00880	0.00144	-0.00153	-0.00006	0.00041	0.00026	-0.00014	0.00015	0.00025	-0.00046	0.00513	-0.00021	-0.00009	0.00010	0.00014	0.00040	0.00524	-0.00031	0.00076	0.00009	-0.00021	-0.00003	0.00022	-0.00001	0.00073	-0.00020	0.00031	0.00040	0.00013	0.00031	0.00072	-0.00186	-0.00035	0.00009	0.00030	0.00022	0.00144	0.00082	-0.00010	0.00005	-0.00005	0.00003	0.00235	-0.00468	-0.00109	0.00160	-0.00334	-0.00139	0.00002	-0.00010	-0.00002	0.00101	-0.00094	0.00065
289	0.00862	0.00122	-0.00127	-0.00007	0.00050	0.00035	-0.00013	0.00023	0.00035	-0.00053	0.00500	-0.00021	-0.00007	0.00011	0.00017	0.00031	0.00499	-0.00032	0.00097	-0.00006	-0.00018	-0.00003	0.00021	-0.00001	0.00075	-0.00013	0.00027	0.00040	0.00020	0.00025	0.00062	-0.00211	-0.00039	0.00012	0.00027	0.00026	0.00154	0.00126	-0.00011	0.00006	-0.00003	0.00009	0.00208	-0.00488	-0.00109	0.00153	-0.00309	-0.00114	0.00002	-0.00011	-0.00002	0.00105	-0.00115	0.00046
290	0.00878	0.00192	0.00006	-0.00024	0.00061	0.00053	-0.00019	0.00027	0.00044	-0.00051	0.00477	-0.00020	-0.00009	0.00013	0.00020	0.00028	0.00445	-0.00028	0.00120	-0.00049	0.00009	-0.00003	0.00021	-0.00001	0.00056	-0.00030	0.00035	0.00037	0.00018	0.00026	0.00063	-0.00206	-0.00039	0.00014	0.00026	0.00030	0.00198	0.00177	-0.00015	0.00006	-0.00003	0.00024	0.00184	-0.00445	-0.00099	0.00133	-0.00239	-0.00066	0.00002	-0.00010	-0.00002	0.00141	-0.00090	0.00035
291	0.00821	0.00326	-0.00022	-0.00016	0.00063	0.00048	-0.00020	0.00021	0.00037	-0.00052	0.00453	-0.00019	-0.00010	0.00012	0.00017	0.00034	0.00441	-0.00025	0.00139	-0.00039	0.00003	-0.00003	0.00019	-0.00001	0.00040	-0.00016	0.00024	0.00031	0.00022	0.00018	0.00067	-0.00196	-0.00037	0.00009	0.00028	0.00021	0.00178	0.00149	-0.00013	0.00013	0.00001	0.00019	0.00161	-0.00397	-0.00090	0.00108	-0.00192	-0.00054	0.00002	-0.00009	-0.00002	0.00141	-0.00034	0.00031
292	0.00687	0.00325	-0.00121	0.00003	0.00038	0.00022	-0.00011	0.00012	0.00020	-0.00054	0.00439	-0.00017	-0.00007	0.00007	0.00010	0.00046	0.00474	-0.00028	0.00138	-0.00008	-0.00011	-0.00004	0.00018	-0.00001	0.00042	-0.00007	0.00015	0.00023	0.00020	0.00010	0.00064	-0.00195	-0.00037	0.00003	0.00026	0.00013	0.00088	0.00086	-0.00006	0.00016	0.00006	0.00009	0.00144	-0.00373	-0.00086	0.00085	-0.00187	-0.00057	0.00003	-0.00009	-0.00002	0.00106	-0.00023	0.00024
293	0.00661	0.00199	-0.00051	-0.00008	0.00031	0.00026	-0.00008	0.00017	0.00025	-0.00045	0.00401	-0.00016	-0.00003	0.00008	0.00012	0.00064	0.00439	-0.00030	0.00138	-0.00019	0.00005	-0.00004	0.00016	-0.00001	0.00046	-0.00029	0.00024	0.00016	0.00009	0.00008	0.00072	-0.00209	-0.00040	0.00000	0.00024	0.00010	0.00049	0.00061	-0.00003	0.00014	0.00003	0.00017	0.00132	-0.00376	-0.00083	0.00064	-0.00159	-0.00038	0.00003	-0.00008	-0.00002	0.00131	-0.00010	0.00034
294	0.00756	0.00295	0.00008	-0.00024	0.00049	0.00049	-0.00011	0.00028	0.00040	-0.00031	0.00337	-0.00012	-0.00003	0.00011	0.00016	0.00095	0.00394	-0.00031	0.00151	-0.00004	0.00008	-0.00004	0.00013	-0.00000	0.00040	-0.00008	0.00015	0.00014	0.00012	0.00006	0.00077	-0.00235	-0.00046	0.00001	0.00028	0.00011	0.00102	0.00069	-0.00008	0.00015	-0.00002	0.00024	0.00110	-0.00372	-0.00079	0.00044	-0.00085	-0.00014	0.00003	-0.00009	-0.00002	0.00179	0.00068	0.00030
295	0.00783	0.00691	0.00007	-0.00017	0.00066	0.00053	-0.00007	0.00030	0.00038	-0.00023	0.00279	-0.00009	-0.00000	0.00010	0.00015	0.00118	0.00403	-0.00034	0.00148	0.00054	-0.00016	-0.00004	0.00009	0.00000	0.00027	0.00020	0.00002	0.00016	0.00017	0.00007	0.00072	-0.00242	-0.00048	0.00004	0.00027	0.00015	0.00159	0.00171	-0.00011	0.00012	0.00003	0.00020	0.00087	-0.00300	-0.00064	0.00020	0.00009	0.00021	0.00003	-0.00009	-0.00002	0.00166	0.00144	0.00019
296	0.00739	0.00921	0.00091	-0.00007	0.00083	0.00054	0.00001	0.00032	0.00034	-0.00000	0.00223	-0.00009	0.00005	0.00008	0.00014	0.00131	0.00370	-0.00038	0.00122	0.00067	-0.00024	-0.00003	0.00006	0.00000	0.00013	-0.00004	0.00010	0.00017	0.00017	0.00009	0.00073	-0.00230	-0.00044	0.00008	0.00022	0.00016	0.00148	0.00271	-0.00008	0.00006	0.00008	0.00022	0.00079	-0.00199	-0.00041	-0.00010	0.00102	0.00070	0.00003	-0.00009	-0.00002	0.00152	0.00152	0.00028
297	0.00817	0.01088	0.00156	-0.00006	0.00085	0.00054	0.00003	0.00031	0.00031	0.00054	0.00173	-0.00017	0.00006	0.00007	0.00012	0.00177	0.00325	-0.00045	0.00099	0.00063	-0.00017	-0.00001	0.00003	-0.00000	0.00012	0.00002	0.00005	0.00014	0.00029	0.00002	0.00095	-0.00209	-0.00037	0.00009	0.00023	0.00016	0.00119	0.00241	-0.00006	0.00004	0.00006	0.00026	0.00097	-0.00091	-0.00007	-0.00035	0.00203	0.00109	0.00004	-0.00009	-0.00002	0.00169	0.00205	0.00032
298	0.01066	0.01356	0.00181	0.00004	0.00071	0.00040	0.00007	0.00026	0.00022	0.00112	0.00089	-0.00024	0.00006	0.00005	0.00008	0.00243	0.00276	-0.00055	0.00082	0.00094	-0.00008	-0.00000	-0.00001	0.00000	0.00018	0.00041	-0.00013	0.00009	0.00028	-0.00004	0.00125	-0.00180	-0.00027	0.00007	0.00020	0.00014	0.00155	0.00235	-0.00010	0.00007	0.00004	0.00021	0.00154	0.00039	0.00033	-0.00029	0.00299	0.00143	0.00004	-0.00009	-0.00002	0.00161	0.00320	0.00042
299	0.01200	0.01308	0.00276	0.00025	0.00067	0.00020	0.00021	0.00025	0.00008	0.00144	-0.00055	-0.00024	0.00011	0.00002	0.00003	0.00264	0.00113	-0.00056	0.00055	0.00087	0.00008	0.00001	-0.00006	0.00001	0.00003	0.00011	-0.00004	-0.00006	-0.00002	-0.00002	0.00140	-0.00157	-0.00018	0.00002	0.00007	0.00006	0.00195	0.00292	-0.00013	0.00006	0.00003	0.00024	0.00214	0.00169	0.00068	-0.00021	0.00377	0.00179	0.00004	-0.00011	-0.00002	0.00143	0.00387	0.00077
300	0.00965	0.01130	0.00372	0.00038	0.00068	0.00007	0.00036	0.00020	-0.00013	0.00141	-0.00167	-0.00022	0.00014	-0.00003	-0.00006	0.00196	-0.00073	-0.00041	-0.00010	0.00050	0.00020	0.00002	-0.00008	0.00000	-0.00025	-0.00043	0.00015	-0.00019	-0.00024	-0.00001	0.00151	-0.00126	-0.00007	0.00000	-0.00006	-0.00001	0.00137	0.00277	-0.00006	-0.00001	-0.00003	0.00034	0.00227	0.00303	0.00106	-0.00050	0.00447	0.00196	0.00004	-0.00012	-0.00002	0.00125	0.00429	0.00092
301	0.00598	0.01247	0.00439	0.00033	0.00074	0.00014	0.00037	0.00019	-0.00015	0.00115	-0.00198	-0.00019	0.00017	-0.00005	-0.00009	0.00063	-0.00153	-0.00013	-0.00116	0.00047	0.00036	0.00003	-0.00007	0.00000	-0.00032	-0.00018	0.00002	-0.00022	-0.00026	-0.00003	0.00179	-0.00053	0.00016	0.00005	-0.00018	-0.00003	0.00077	0.00238	-0.00000	-0.00008	-0.00006	0.00032	0.00229	0.00431	0.00146	-0.00060	0.00495	0.00191	0.00006	-0.00009	-0.00001	0.00072	0.00435	0.00067
302	0.00362	0.01362	0.00579	0.00017	0.00085	0.00037	0.00028	0.00033	0.00012	0.00094	-0.00196	-0.00015	0.00020	0.00000	0.00001	-0.00032	-0.00178	0.00007	-0.00182	0.00026	0.00067	0.00003	-0.00006	-0.00000	-0.00012	0.00019	-0.00012	-0.00015	-0.00023	-0.00003	0.00201	0.00039	0.00043	0.00011	-0.00024	0.00001	0.00075	0.00210	-0.00001	-0.00013	-0.00005	0.00029	0.00210	0.00523	0.00175	-0.00064	0.00513	0.00189	0.00007	-0.00003	0.00000	0.00012	0.00349	0.00050
303	0.00223	0.01073	0.00710	0.00001	0.00080	0.00047	0.00028	0.00039	0.00022	0.00095	-0.00184	-0.00015	0.00025	0.00003	0.00006	-0.00010	-0.00195	0.00004	-0.00132	-0.00047	0.00087	0.00003	-0.00006	-0.00000	0.00016	-0.00001	0.00004	-0.00004	-0.00022	0.00004	0.00197	0.00093	0.00057	0.00017	-0.00030	0.00004	0.00027	0.00147	0.00003	-0.00008	-0.00005	0.00041	0.00119	0.00540	0.00185	-0.00147	0.00464	0.00204	0.00007	-0.00002	0.00000	-0.00012	0.00201	0.00058
304	0.00120	0.00636	0.00676	-0.00001	0.00035	0.00018	0.00035	0.00018	-0.00012	0.00104	-0.00177	-0.00015	0.00030	-0.00003	-0.00007	0.00065	-0.00229	-0.00007	-0.00038	-0.00129	0.00088	0.00003	-0.00007	-0.00000	0.00029	-0.00010	0.00014	0.00000	-0.00026	0.00009	0.00176	0.00125	0.00064	0.00015	-0.00036	-0.00003	-0.00025	0.00099	0.00008	0.00001	-0.00009	0.00049	0.00002	0.00491	0.00175	-0.00241	0.00367	0.00231	0.00008	-0.00000	0.00001	-0.00044	0.00126	0.00063
305	0.00053	0.00583	0.00594	-0.00002	-0.00011	-0.00009	0.00028	-0.00006	-0.00041	0.00107	-0.00179	-0.00016	0.00025	-0.00009	-0.00023	0.00130	-0.00298	-0.00014	0.00035	-0.00198	0.00082	0.00004	-0.00007	-0.00000	0.00013	0.00007	0.00002	-0.00003	-0.00017	0.00003	0.00143	0.00194	0.00082	0.00009	-0.00030	-0.00007	-0.00008	0.00091	0.00005	-0.00002	-0.00008	0.00037	-0.00085	0.00501	0.00176	-0.00260	0.00352	0.00246	0.00009	0.00006	0.00003	-0.00090	0.00194	0.00067
306	0.00143	0.00645	0.00588	-0.00016	-0.00003	0.00008	0.00013	-0.00011	-0.00032	0.00114	-0.00171	-0.00018	0.00013	-0.00008	-0.00022	0.00206	-0.00347	-0.00024	0.00130	-0.00234	0.00073	0.00004	-0.00006	-0.00000	0.00006	0.00002	0.00000	-0.00004	-0.00000	-0.00005	0.00117	0.00274	0.00104	0.00005	-0.00016	-0.00004	0.00019	0.00068	0.00000	0.00001	0.00004	0.00026	-0.00147	0.00532	0.00188	-0.00255	0.00369	0.00227	0.00009	0.00013	0.00005	-0.00073	0.00180	0.00063
307	0.00231	0.00349	0.00617	-0.00032	0.00010	0.00028	0.00003	-0.00009	-0.00017	0.00121	-0.00163	-0.00019	0.00003	-0.00005	-0.00014	0.00263	-0.00370	-0.00032	0.00224	-0.00259	0.00074	0.00004	-0.00005	-0.00000	0.00021	-0.00011	0.00008	-0.00003	-0.00001	-0.00004	0.00062	0.00313	0.00115	0.00002	-0.00012	-0.00007	0.00042	0.00029	-0.00005	0.00016	0.00010	0.00040	-0.00222	0.00467	0.00180	-0.00274	0.00293	0.00213	0.00006	0.00016	0.00006	-0.00005	0.00045	0.00051
308	-0.00056	0.00090	0.00723	-0.00043	-0.00001	0.00032	-0.00009	-0.00014	-0.00012	0.00111	-0.00163	-0.00018	-0.00008	-0.00003	-0.00013	0.00252	-0.00414	-0.00030	0.00235	-0.00332	0.00089	0.00004	-0.00005	-0.00000	0.00017	-0.00024	0.00014	-0.00004	-0.00005	-0.00002	-0.00049	0.00342	0.00123	-0.00001	-0.00006	-0.00007	0.00038	0.00005	-0.00005	0.00009	-0.00005	0.00066	-0.00316	0.00440	0.00184	-0.00311	0.00239	0.00242	0.00001	0.00018	0.00006	0.00018	0.00019	0.00054
309	-0.00460	0.00030	0.00878	-0.00052	-0.00002	0.00041	-0.00023	-0.00016	-0.00000	0.00089	-0.00171	-0.00016	-0.00018	-0.00001	-0.00013	0.00206	-0.00467	-0.00024	0.00208	-0.00404	0.00105	0.00004	-0.00006	-0.00000	0.00006	-0.00027	0.00012	0.00001	0.00011	-0.00004	-0.00135	0.00384	0.00139	-0.00002	0.00009	0.00003	-0.00015	-0.00014	0.00002	-0.00007	-0.00022	0.00085	-0.00369	0.00497	0.00206	-0.00345	0.00229	0.00271	-0.00005	0.00019	0.00007	-0.00004	0.00011	0.00065
310	-0.00490	-0.00207	0.00895	-0.00057	0.00004	0.00051	-0.00034	-0.00011	0.00017	0.00082	-0.00185	-0.00016	-0.00021	0.00002	-0.00005	0.00189	-0.00485	-0.00022	0.00214	-0.00385	0.00116	0.00004	-0.00006	-0.00000	0.00018	0.00002	0.00000	0.00010	0.00022	-0.00004	-0.00176	0.00392	0.00145	-0.00002	0.00013	0.00006	-0.00029	-0.00064	0.00002	-0.00003	-0.00018	0.00092	-0.00354	0.00454	0.00195	-0.00321	0.00140	0.00245	-0.00010	0.00019	0.00007	0.00001	-0.00102	0.00066
311	-0.00375	-0.00571	0.00782	-0.00059	0.00002	0.00050	-0.00037	-0.00009	0.00022	0.00095	-0.00169	-0.00016	-0.00023	0.00005	0.00001	0.00224	-0.00457	-0.00024	0.00239	-0.00345	0.00108	0.00005	-0.00005	-0.00000	0.00025	0.00004	0.00003	0.00008	0.00009	0.00001	-0.00244	0.00344	0.00137	-0.00002	0.00006	-0.00000	-0.00007	-0.00179	-0.00007	0.00006	-0.00009	0.00081	-0.00361	0.00327	0.00168	-0.00259	0.00031	0.00197	-0.00013	0.00016	0.00006	0.00030	-0.00141	0.00055
312	-0.00484	-0.00745	0.00703	-0.00047	-0.00012	0.00031	-0.00032	-0.00018	0.00006	0.00099	-0.00132	-0.00014	-0.00024	0.00003	-0.00002	0.00264	-0.00428	-0.00025	0.00265	-0.00375	0.00095	0.00005	-0.00005	-0.00000	0.00011	-0.00022	0.00014	0.00004	0.00001	0.00004	-0.00335	0.00305	0.00135	-0.00002	0.00005	-0.00001	-0.00027	-0.00262	-0.00008	0.00000	-0.00014	0.00071	-0.00440	0.00274	0.00169	-0.00234	-0.00011	0.00185	-0.00017	0.00014	0.00006	0.00024	-0.00067	0.00037
313	-0.00604	-0.00601	0.00701	-0.00027	-0.00027	0.00007	-0.00026	-0.00021	-0.00004	0.00090	-0.00127	-0.00012	-0.00022	0.00001	-0.00005	0.00266	-0.00412	-0.00024	0.00276	-0.00389	0.00107	0.00004	-0.00006	-0.00000	0.00010	-0.00022	0.00016	0.00006	0.00003	0.00006	-0.00391	0.00327	0.00148	-0.00001	0.00007	0.00002	-0.00029	-0.00155	-0.00003	-0.00003	-0.00019	0.00070	-0.00494	0.00302	0.00185	-0.00223	-0.00029	0.00171	-0.00019	0.00013	0.00006	-0.00021	-0.00047	0.00031
314	-0.00570	-0.00474	0.00687	-0.00021	-0.00016	0.00009	-0.00024	-0.00008	0.00008	0.00101	-0.00130	-0.00012	-0.00022	0.00004	0.00000	0.00268	-0.00365	-0.00022	0.00257	-0.00321	0.00115	0.00004	-0.00005	-0.00000	0.00029	-0.00028	0.00024	0.00006	-0.00008	0.00010	-0.00423	0.00333	0.00156	0.00000	0.00002	0.00002	-0.00004	-0.00030	-0.00001	0.00001	-0.00016	0.00056	-0.00489	0.00293	0.00181	-0.00172	-0.00066	0.00115	-0.00021	0.00013	0.00007	-0.00060	-0.00126	0.00041
315	-0.00453	-0.00694	0.00576	-0.00020	-0.00004	0.00011	-0.00017	-0.00000	0.00010	0.00120	-0.00112	-0.00012	-0.00019	0.00006	0.00004	0.00279	-0.00295	-0.00017	0.00230	-0.00251	0.00092	0.00005	-0.00004	-0.00000	0.00038	-0.00044	0.00034	0.00008	-0.00013	0.00013	-0.00436	0.00253	0.00142	0.00000	0.00002	0.00003	-0.00015	-0.00094	-0.00002	-0.00001	-0.00015	0.00050	-0.00455	0.00175	0.00149	-0.00096	-0.00112	0.00063	-0.00021	0.00011	0.00006	-0.00053	-0.00196	0.00029
316	-0.00321	-0.00754	0.00498	-0.00014	-0.00005	0.00004	-0.00011	-0.00004	0.00002	0.00113	-0.00111	-0.00011	-0.00016	0.00004	0.00003	0.00257	-0.00249	-0.00012	0.00219	-0.00191	0.00073	0.00005	-0.00004	-0.00000	0.00035	-0.00050	0.00038	0.00014	0.00000	0.00015	-0.00426	0.00176	0.00126	0.00001	0.00011	0.00009	-0.00020	-0.00138	-0.00003	-0.00003	-0.00016	0.00069	-0.00414	0.00067	0.00120	-0.00030	-0.00137	0.00047	-0.00020	0.00008	0.00006	-0.00010	-0.00115	0.00015
317	-0.00310	-0.00423	0.00587	-0.00018	0.00015	0.00017	-0.00016	0.00008	0.00018	0.00102	-0.00106	-0.00010	-0.00013	0.00008	0.00009	0.00222	-0.00204	-0.00009	0.00193	-0.00134	0.00072	0.00005	-0.00005	-0.00000	0.00037	-0.00068	0.00050	0.00017	0.00004	0.00019	-0.00426	0.00177	0.00126	0.00001	0.00014	0.00011	-0.00033	-0.00098	0.00000	-0.00002	-0.00016	0.00072	-0.00401	0.00079	0.00117	0.00007	-0.00132	0.00035	-0.00020	0.00007	0.00006	0.00033	0.00028	0.00054
318	-0.00418	-0.00406	0.00713	-0.00029	0.00039	0.00041	-0.00017	0.00029	0.00041	0.00115	-0.00078	-0.00007	-0.00007	0.00015	0.00020	0.00222	-0.00169	-0.00006	0.00166	-0.00136	0.00072	0.00005	-0.00004	-0.00000	0.00044	-0.00068	0.00051	0.00016	-0.00012	0.00022	-0.00462	0.00157	0.00137	0.00003	0.00006	0.00008	-0.00096	-0.00151	0.00006	-0.00002	-0.00016	0.00065	-0.00422	0.00110	0.00128	0.00022	-0.00111	0.00026	-0.00022	0.00004	0.00006	0.00047	-0.00021	0.00103
319	-0.00419	-0.00691	0.00741	-0.00036	0.00040	0.00048	-0.00010	0.00032	0.00040	0.00130	-0.00096	-0.00009	-0.00001	0.00015	0.00021	0.00235	-0.00193	-0.00007	0.00168	-0.00160	0.00076	0.00005	-0.00005	-0.00000	0.00055	-0.00040	0.00042	0.00021	-0.00022	0.00027	-0.00484	0.00067	0.00141	0.00006	-0.00001	0.00009	-0.00092	-0.00179	0.00004	-0.00001	-0.00016	0.00079	-0.00428	0.00082	0.00131	0.00015	-0.00075	0.00037	-0.00023	-0.00002	0.00007	0.00021	-0.00137	0.00094
320	-0.00339	-0.00781	0.00648	-0.00035	0.00031	0.00042	-0.00004	0.00024	0.00028	0.00134	-0.00126	-0.00012	0.00002	0.00011	0.00015	0.00223	-0.00214	-0.00012	0.00144	-0.00150	0.00067	0.00004	-0.00006	-0.00000	0.00054	-0.00052	0.00048	0.00021	-0.00022	0.00028	-0.00435	0.00007	0.00128	0.00006	-0.00002	0.00008	-0.00041	-0.00140	-0.00000	0.00003	-0.00016	0.00080	-0.00382	0.00061	0.00117	0.00007	-0.00064	0.00045	-0.00020	-0.00006	0.00007	-0.00020	-0.00116	0.00059
321	-0.00425	-0.00906	0.00535	-0.00036	0.00015	0.00038	-0.00007	0.00022	0.00029	0.00136	-0.00098	-0.00008	0.00004	0.00010	0.00015	0.00184	-0.00171	-0.00012	0.00066	-0.00124	0.00036	0.00005	-0.00005	-0.00000	0.00033	-0.00090	0.00055	0.00013	-0.00031	0.00026	-0.00349	-0.00002	0.00103	0.00005	-0.00003	0.00005	-0.00071	-0.00221	0.00000	-0.00001	-0.00014	0.00048	-0.00327	0.00030	0.00098	0.00002	-0.00112	0.00037	-0.00015	-0.00006	0.00005	-0.00067	-0.00105	0.00061
322	-0.00587	-0.00961	0.00571	-0.00050	0.00014	0.00050	-0.00010	0.00028	0.00037	0.00150	-0.00073	-0.00004	0.00007	0.00013	0.00018	0.00139	-0.00108	-0.00006	-0.00011	-0.00074	0.00028	0.00005	-0.00004	-0.00000	0.00031	-0.00125	0.00069	0.00014	-0.00048	0.00033	-0.00262	-0.00035	0.00079	0.00008	-0.00007	0.00006	-0.00107	-0.00224	0.00004	-0.00004	-0.00009	0.00041	-0.00305	-0.00057	0.00089	-0.00053	-0.00134	0.00045	-0.00010	-0.00005	0.00004	-0.00129	-0.00112	0.00079
323	-0.00564	-0.00654	0.00571	-0.00059	0.00026	0.00061	-0.00006	0.00030	0.00036	0.00149	-0.00067	-0.00002	0.00010	0.00012	0.00017	0.00118	-0.00074	-0.00001	-0.00034	-0.00046	0.00031	0.00005	-0.00005	-0.00000	0.00048	-0.00102	0.00070	0.00022	-0.00039	0.00038	-0.00192	-0.00045	0.00058	0.00010	-0.00007	0.00009	-0.00081	-0.00113	0.00005	-0.00001	-0.00005	0.00045	-0.00284	-0.00078	0.00084	-0.00094	-0.00059	0.00056	-0.00006	-0.00003	0.00002	-0.00167	-0.00077	0.00063
324	-0.00461	-0.00631	0.00431	-0.00076	0.00012	0.00076	-0.00015	0.00027	0.00046	0.00129	-0.00078	-0.00006	0.00011	0.00014	0.00019	0.00090	-0.00130	-0.00014	-0.00058	-0.00068	0.00011	0.00004	-0.00003	-0.00000	0.00057	0.00023	0.00026	0.00024	-0.00006	0.00026	-0.00115	-0.00010	0.00029	0.00012	-0.00007	0.00011	-0.00062	-0.00282	-0.00002	-0.00005	0.00000	0.00030	-0.00216	-0.00048	0.00069	-0.00089	0.00031	0.00056	-0.00004	0.00002	0.00001	-0.00148	-0.00107	0.00052
325	-0.00596	-0.00876	0.00517	-0.00095	0.00041	0.00097	-0.00003	0.00042	0.00046	0.00181	-0.00120	-0.00010	0.00021	0.00016	0.00021	-0.00008	-0.00198	-0.00035	-0.00217	-0.00091	-0.00012	0.00008	-0.00006	-0.00000	0.00064	-0.00113	0.00077	0.00028	-0.00044	0.00043	0.00073	-0.00039	-0.00019	0.00015	-0.00008	0.00016	-0.00158	-0.00197	0.00008	0.00003	0.00013	0.00051	-0.00088	-0.00115	0.00037	-0.00202	0.00054	0.00123	0.00002	0.00002	-0.00001	-0.00220	-0.00113	0.00076
326	-0.00445	-0.00783	0.00457	-0.00079	0.00037	0.00083	-0.00000	0.00036	0.00037	0.00149	-0.00108	-0.00011	0.00018	0.00013	0.00017	-0.00051	-0.00168	-0.00034	-0.00209	-0.00045	-0.00003	0.00007	-0.00005	-0.00000	0.00051	-0.00134	0.00079	0.00024	-0.00046	0.00040	0.00123	-0.00066	-0.00028	0.00013	-0.00007	0.00014	-0.00122	-0.00109	0.00008	0.00004	0.00016	0.00055	-0.00023	-0.00157	0.00018	-0.00200	0.00013	0.00110	0.00004	-0.00000	-0.00001	-0.00154	-0.00052	0.00071
327	-0.00296	-0.00114	0.00231	-0.00009	0.00061	0.00013	0.00025	0.00019	-0.00017	0.00106	-0.00017	0.00006	0.00010	0.00002	-0.00001	-0.00057	0.00000	-0.00002	-0.00164	-0.00049	-0.00019	0.00006	-0.00004	-0.00000	0.00020	-0.00276	0.00103	0.00005	-0.00070	0.00027	0.00130	-0.00059	-0.00027	-0.00003	0.00002	0.00001	-0.00140	0.00339	0.00017	0.00019	0.00007	0.00035	0.00052	-0.00074	-0.00012	-0.00138	0.00007	0.00093	0.00005	-0.00004	-0.00000	-0.00163	0.00001	0.00014
328																																																						