	D:\visual3d_file\Theia data practical\sidestep\files\pp14 sidestep 003 pose_filt_0.c3d	D:\visual3d_file\Theia data practical\sidestep\files\pp14 sidestep 003 pose_filt_0.c3d	D:\visual3d_file\Theia data practical\sidestep\files\pp14 sidestep 003 pose_filt_0.c3d	D:\visual3d_file\Theia data practical\sidestep\files\pp14 sidestep 003 pose_filt_0.c3d	D:\visual3d_file\Theia data practical\sidestep\files\pp14 sidestep 003 pose_filt_0.c3d	D:\visual3d_file\Theia data practical\sidestep\files\pp14 sidestep 003 pose_filt_0.c3d	D:\visual3d_file\Theia data practical\sidestep\files\pp14 sidestep 003 pose_filt_0.c3d	D:\visual3d_file\Theia data practical\sidestep\files\pp14 sidestep 003 pose_filt_0.c3d	D:\visual3d_file\Theia data practical\sidestep\files\pp14 sidestep 003 pose_filt_0.c3d	D:\visual3d_file\Theia data practical\sidestep\files\pp14 sidestep 003 pose_filt_0.c3d	D:\visual3d_file\Theia data practical\sidestep\files\pp14 sidestep 003 pose_filt_0.c3d	D:\visual3d_file\Theia data practical\sidestep\files\pp14 sidestep 003 pose_filt_0.c3d	D:\visual3d_file\Theia data practical\sidestep\files\pp14 sidestep 003 pose_filt_0.c3d	D:\visual3d_file\Theia data practical\sidestep\files\pp14 sidestep 003 pose_filt_0.c3d	D:\visual3d_file\Theia data practical\sidestep\files\pp14 sidestep 003 pose_filt_0.c3d	D:\visual3d_file\Theia data practical\sidestep\files\pp14 sidestep 003 pose_filt_0.c3d	D:\visual3d_file\Theia data practical\sidestep\files\pp14 sidestep 003 pose_filt_0.c3d	D:\visual3d_file\Theia data practical\sidestep\files\pp14 sidestep 003 pose_filt_0.c3d	D:\visual3d_file\Theia data practical\sidestep\files\pp14 sidestep 003 pose_filt_0.c3d	D:\visual3d_file\Theia data practical\sidestep\files\pp14 sidestep 003 pose_filt_0.c3d	D:\visual3d_file\Theia data practical\sidestep\files\pp14 sidestep 003 pose_filt_0.c3d	D:\visual3d_file\Theia data practical\sidestep\files\pp14 sidestep 003 pose_filt_0.c3d	D:\visual3d_file\Theia data practical\sidestep\files\pp14 sidestep 003 pose_filt_0.c3d	D:\visual3d_file\Theia data practical\sidestep\files\pp14 sidestep 003 pose_filt_0.c3d	D:\visual3d_file\Theia data practical\sidestep\files\pp14 sidestep 003 pose_filt_0.c3d	D:\visual3d_file\Theia data practical\sidestep\files\pp14 sidestep 003 pose_filt_0.c3d	D:\visual3d_file\Theia data practical\sidestep\files\pp14 sidestep 003 pose_filt_0.c3d	D:\visual3d_file\Theia data practical\sidestep\files\pp14 sidestep 003 pose_filt_0.c3d	D:\visual3d_file\Theia data practical\sidestep\files\pp14 sidestep 003 pose_filt_0.c3d	D:\visual3d_file\Theia data practical\sidestep\files\pp14 sidestep 003 pose_filt_0.c3d	D:\visual3d_file\Theia data practical\sidestep\files\pp14 sidestep 003 pose_filt_0.c3d	D:\visual3d_file\Theia data practical\sidestep\files\pp14 sidestep 003 pose_filt_0.c3d	D:\visual3d_file\Theia data practical\sidestep\files\pp14 sidestep 003 pose_filt_0.c3d	D:\visual3d_file\Theia data practical\sidestep\files\pp14 sidestep 003 pose_filt_0.c3d	D:\visual3d_file\Theia data practical\sidestep\files\pp14 sidestep 003 pose_filt_0.c3d	D:\visual3d_file\Theia data practical\sidestep\files\pp14 sidestep 003 pose_filt_0.c3d	D:\visual3d_file\Theia data practical\sidestep\files\pp14 sidestep 003 pose_filt_0.c3d	D:\visual3d_file\Theia data practical\sidestep\files\pp14 sidestep 003 pose_filt_0.c3d	D:\visual3d_file\Theia data practical\sidestep\files\pp14 sidestep 003 pose_filt_0.c3d	D:\visual3d_file\Theia data practical\sidestep\files\pp14 sidestep 003 pose_filt_0.c3d	D:\visual3d_file\Theia data practical\sidestep\files\pp14 sidestep 003 pose_filt_0.c3d	D:\visual3d_file\Theia data practical\sidestep\files\pp14 sidestep 003 pose_filt_0.c3d	D:\visual3d_file\Theia data practical\sidestep\files\pp14 sidestep 003 pose_filt_0.c3d	D:\visual3d_file\Theia data practical\sidestep\files\pp14 sidestep 003 pose_filt_0.c3d	D:\visual3d_file\Theia data practical\sidestep\files\pp14 sidestep 003 pose_filt_0.c3d	D:\visual3d_file\Theia data practical\sidestep\files\pp14 sidestep 003 pose_filt_0.c3d	D:\visual3d_file\Theia data practical\sidestep\files\pp14 sidestep 003 pose_filt_0.c3d	D:\visual3d_file\Theia data practical\sidestep\files\pp14 sidestep 003 pose_filt_0.c3d	D:\visual3d_file\Theia data practical\sidestep\files\pp14 sidestep 003 pose_filt_0.c3d	D:\visual3d_file\Theia data practical\sidestep\files\pp14 sidestep 003 pose_filt_0.c3d	D:\visual3d_file\Theia data practical\sidestep\files\pp14 sidestep 003 pose_filt_0.c3d	D:\visual3d_file\Theia data practical\sidestep\files\pp14 sidestep 003 pose_filt_0.c3d	D:\visual3d_file\Theia data practical\sidestep\files\pp14 sidestep 003 pose_filt_0.c3d	D:\visual3d_file\Theia data practical\sidestep\files\pp14 sidestep 003 pose_filt_0.c3d
	NORMALIZED_WBAM	NORMALIZED_WBAM	NORMALIZED_WBAM	Normalized_LAR	Normalized_LAR	Normalized_LAR	Normalized_LFA	Normalized_LFA	Normalized_LFA	Normalized_LFT	Normalized_LFT	Normalized_LFT	Normalized_LHA	Normalized_LHA	Normalized_LHA	Normalized_LSK	Normalized_LSK	Normalized_LSK	Normalized_LTH	Normalized_LTH	Normalized_LTH	Normalized_LTO	Normalized_LTO	Normalized_LTO	Normalized_RAR	Normalized_RAR	Normalized_RAR	Normalized_RFA	Normalized_RFA	Normalized_RFA	Normalized_RFT	Normalized_RFT	Normalized_RFT	Normalized_RHA	Normalized_RHA	Normalized_RHA	Normalized_RHE	Normalized_RHE	Normalized_RHE	Normalized_RPV	Normalized_RPV	Normalized_RPV	Normalized_RSK	Normalized_RSK	Normalized_RSK	Normalized_RTH	Normalized_RTH	Normalized_RTH	Normalized_RTO	Normalized_RTO	Normalized_RTO	Normalized_RTX	Normalized_RTX	Normalized_RTX
	DERIVED	DERIVED	DERIVED	DERIVED	DERIVED	DERIVED	DERIVED	DERIVED	DERIVED	DERIVED	DERIVED	DERIVED	DERIVED	DERIVED	DERIVED	DERIVED	DERIVED	DERIVED	DERIVED	DERIVED	DERIVED	DERIVED	DERIVED	DERIVED	DERIVED	DERIVED	DERIVED	DERIVED	DERIVED	DERIVED	DERIVED	DERIVED	DERIVED	DERIVED	DERIVED	DERIVED	DERIVED	DERIVED	DERIVED	DERIVED	DERIVED	DERIVED	DERIVED	DERIVED	DERIVED	DERIVED	DERIVED	DERIVED	DERIVED	DERIVED	DERIVED	DERIVED	DERIVED	DERIVED
	PROCESSED	PROCESSED	PROCESSED	Normalized_MC	Normalized_MC	Normalized_MC	Normalized_MC	Normalized_MC	Normalized_MC	Normalized_MC	Normalized_MC	Normalized_MC	Normalized_MC	Normalized_MC	Normalized_MC	Normalized_MC	Normalized_MC	Normalized_MC	Normalized_MC	Normalized_MC	Normalized_MC	Normalized_MC	Normalized_MC	Normalized_MC	Normalized_MC	Normalized_MC	Normalized_MC	Normalized_MC	Normalized_MC	Normalized_MC	Normalized_MC	Normalized_MC	Normalized_MC	Normalized_MC	Normalized_MC	Normalized_MC	Normalized_MC	Normalized_MC	Normalized_MC	Normalized_MC	Normalized_MC	Normalized_MC	Normalized_MC	Normalized_MC	Normalized_MC	Normalized_MC	Normalized_MC	Normalized_MC	Normalized_MC	Normalized_MC	Normalized_MC	Normalized_MC	Normalized_MC	Normalized_MC
ITEM	X	Y	Z	X	Y	Z	X	Y	Z	X	Y	Z	X	Y	Z	X	Y	Z	X	Y	Z	X	Y	Z	X	Y	Z	X	Y	Z	X	Y	Z	X	Y	Z	X	Y	Z	X	Y	Z	X	Y	Z	X	Y	Z	X	Y	Z	X	Y	Z
1																																																						
2																																																						
3	0.00071	-0.00078	0.00031	0.00004	0.00034	0.00026	0.00003	0.00004	0.00015	-0.00000	-0.00014	0.00002	-0.00000	-0.00000	0.00001	0.00008	0.00000	-0.00003	0.00012	0.00016	-0.00019	0.00000	-0.00001	0.00000	-0.00002	-0.00000	-0.00002	0.00001	0.00001	-0.00004	0.00001	-0.00003	-0.00001	0.00000	-0.00001	-0.00001	0.00014	-0.00131	-0.00002	0.00000	0.00011	-0.00002	0.00006	0.00031	0.00011	0.00011	0.00033	0.00016	0.00000	-0.00000	-0.00000	0.00013	-0.00059	-0.00005
4	0.00067	-0.00013	-0.00009	0.00002	0.00013	0.00010	0.00001	0.00002	0.00008	0.00002	-0.00003	0.00000	0.00000	0.00000	-0.00000	0.00014	0.00020	-0.00004	0.00018	0.00027	-0.00012	0.00000	-0.00000	0.00000	0.00006	0.00014	-0.00010	0.00001	0.00001	-0.00003	0.00002	-0.00005	-0.00001	0.00001	-0.00001	-0.00002	-0.00002	-0.00028	-0.00000	0.00001	0.00007	-0.00005	0.00006	0.00007	0.00006	0.00001	0.00009	0.00009	0.00000	-0.00000	-0.00000	0.00016	-0.00077	-0.00004
5	0.00011	0.00139	0.00004	0.00004	-0.00007	-0.00006	0.00001	-0.00000	-0.00001	0.00002	-0.00006	0.00001	0.00001	-0.00000	-0.00000	0.00004	0.00015	-0.00002	0.00002	0.00025	0.00001	-0.00000	-0.00000	0.00000	0.00002	0.00006	-0.00002	-0.00002	-0.00000	0.00002	0.00004	0.00001	0.00000	0.00000	-0.00000	-0.00001	-0.00016	0.00070	0.00001	-0.00001	-0.00002	0.00001	0.00002	0.00012	0.00004	-0.00005	0.00011	0.00012	-0.00000	0.00000	0.00000	0.00013	0.00016	-0.00006
6	0.00002	0.00194	0.00009	0.00007	-0.00008	-0.00004	0.00002	-0.00001	-0.00002	0.00000	0.00000	0.00000	0.00002	-0.00000	-0.00000	0.00001	0.00031	-0.00005	-0.00005	0.00026	0.00004	-0.00000	-0.00000	0.00000	0.00000	0.00011	-0.00008	0.00001	0.00001	-0.00007	0.00001	-0.00003	-0.00001	0.00001	0.00000	-0.00001	0.00007	-0.00009	-0.00000	-0.00004	0.00001	0.00009	-0.00006	0.00032	0.00004	-0.00009	0.00042	0.00010	-0.00000	-0.00000	-0.00000	0.00003	0.00071	0.00009
7	-0.00009	-0.00038	-0.00046	-0.00001	-0.00011	-0.00011	-0.00000	-0.00003	-0.00012	-0.00006	-0.00006	0.00001	0.00001	0.00001	-0.00002	-0.00011	0.00008	-0.00003	-0.00012	0.00005	0.00011	-0.00000	-0.00000	0.00000	0.00011	0.00018	-0.00017	0.00006	0.00003	-0.00018	-0.00003	-0.00021	-0.00004	0.00004	-0.00003	-0.00006	0.00036	-0.00102	-0.00002	-0.00005	0.00015	0.00004	-0.00008	0.00032	0.00003	-0.00008	0.00060	0.00003	0.00000	-0.00001	-0.00000	-0.00012	-0.00032	0.00006
8	0.00010	-0.00026	-0.00078	-0.00007	-0.00024	-0.00021	-0.00001	-0.00004	-0.00018	-0.00012	-0.00018	0.00003	0.00002	-0.00000	-0.00002	-0.00022	-0.00005	-0.00000	-0.00008	0.00010	0.00011	-0.00000	-0.00001	0.00000	0.00016	0.00008	-0.00009	0.00007	0.00002	-0.00010	-0.00003	-0.00019	-0.00003	0.00004	-0.00003	-0.00006	0.00030	-0.00008	0.00000	0.00001	0.00019	-0.00011	-0.00001	0.00042	0.00008	0.00007	0.00058	-0.00002	-0.00000	-0.00001	-0.00000	-0.00003	-0.00080	-0.00019
9	-0.00017	0.00250	-0.00038	-0.00003	-0.00033	-0.00023	0.00001	-0.00002	-0.00009	-0.00008	-0.00006	0.00001	0.00002	-0.00001	0.00000	-0.00017	0.00041	-0.00004	-0.00002	0.00045	0.00001	0.00000	-0.00000	0.00000	0.00002	0.00010	-0.00008	0.00003	0.00001	0.00001	-0.00005	0.00001	0.00000	0.00002	0.00001	0.00002	0.00012	0.00038	0.00001	-0.00001	0.00009	-0.00005	-0.00011	0.00066	0.00013	-0.00003	0.00059	0.00004	-0.00000	-0.00000	0.00000	0.00010	0.00021	-0.00013
10	-0.00091	0.00136	0.00008	0.00001	-0.00018	-0.00015	-0.00000	-0.00001	-0.00002	-0.00001	-0.00004	0.00000	0.00000	-0.00001	0.00001	-0.00015	0.00039	-0.00004	-0.00016	0.00034	-0.00004	0.00000	-0.00000	0.00000	-0.00008	0.00015	-0.00011	-0.00000	0.00001	-0.00001	-0.00010	0.00004	0.00001	0.00000	0.00000	0.00001	0.00016	-0.00075	-0.00001	-0.00011	0.00001	0.00013	-0.00025	0.00043	0.00007	-0.00019	0.00038	0.00015	-0.00000	0.00000	0.00000	-0.00002	0.00059	0.00008
11	-0.00027	-0.00174	-0.00010	0.00007	-0.00001	-0.00003	0.00000	-0.00001	-0.00003	0.00005	-0.00014	0.00002	0.00001	-0.00001	0.00000	-0.00011	-0.00010	-0.00001	-0.00021	-0.00000	-0.00005	-0.00000	-0.00001	0.00000	0.00001	0.00001	-0.00001	-0.00000	-0.00000	-0.00006	-0.00004	-0.00009	-0.00002	0.00002	-0.00002	-0.00004	0.00003	-0.00069	-0.00001	-0.00004	0.00002	0.00006	-0.00001	-0.00007	-0.00001	0.00005	0.00000	0.00005	0.00000	-0.00000	-0.00000	-0.00011	-0.00064	0.00005
12	0.00065	-0.00107	-0.00040	0.00013	0.00000	0.00003	0.00005	0.00000	-0.00001	0.00008	-0.00006	0.00001	0.00003	-0.00000	-0.00001	0.00006	0.00004	-0.00005	-0.00004	0.00009	-0.00008	0.00000	-0.00000	0.00000	0.00007	-0.00006	0.00004	0.00001	-0.00001	-0.00001	0.00007	-0.00013	-0.00002	0.00002	-0.00001	-0.00003	-0.00016	0.00036	0.00000	0.00006	0.00008	-0.00008	0.00022	-0.00002	0.00001	0.00017	0.00006	-0.00010	-0.00000	-0.00000	-0.00000	-0.00012	-0.00140	-0.00010
13	0.00046	0.00055	-0.00036	0.00007	0.00012	0.00011	0.00002	0.00001	0.00002	0.00000	-0.00005	0.00001	-0.00000	0.00002	-0.00003	0.00007	0.00040	-0.00006	0.00009	0.00046	-0.00018	0.00000	-0.00000	0.00000	0.00001	0.00000	-0.00001	0.00001	0.00000	0.00000	0.00008	-0.00011	-0.00002	0.00001	-0.00001	-0.00002	-0.00004	0.00009	0.00000	0.00002	0.00009	-0.00001	0.00008	0.00004	0.00001	-0.00004	0.00012	-0.00006	-0.00000	-0.00000	-0.00000	0.00008	-0.00063	-0.00012
14	0.00038	-0.00034	-0.00022	-0.00001	0.00016	0.00010	-0.00003	0.00001	-0.00001	-0.00007	-0.00012	0.00002	-0.00001	0.00003	-0.00005	-0.00006	0.00018	0.00001	0.00008	0.00038	-0.00005	-0.00000	-0.00000	0.00000	0.00002	0.00003	-0.00003	0.00001	0.00001	-0.00009	0.00003	-0.00010	-0.00002	0.00000	-0.00003	-0.00005	0.00020	-0.00064	-0.00001	-0.00003	0.00000	0.00002	-0.00007	-0.00020	-0.00004	-0.00010	-0.00012	-0.00005	0.00000	-0.00000	-0.00000	0.00043	0.00007	0.00004
15	0.00025	-0.00157	0.00006	0.00001	-0.00020	-0.00011	0.00002	-0.00001	-0.00007	-0.00003	-0.00007	0.00001	0.00004	0.00002	-0.00005	-0.00011	-0.00029	0.00004	-0.00005	-0.00026	0.00027	-0.00000	0.00000	0.00000	-0.00002	-0.00004	0.00004	-0.00002	0.00000	-0.00006	-0.00008	-0.00009	-0.00002	-0.00001	-0.00002	-0.00005	0.00044	-0.00069	-0.00001	-0.00003	0.00001	-0.00002	-0.00012	0.00004	-0.00000	0.00004	0.00012	-0.00005	0.00000	-0.00000	-0.00000	0.00019	-0.00008	0.00013
16	0.00025	-0.00125	0.00017	-0.00001	-0.00029	-0.00015	0.00003	-0.00001	-0.00006	0.00004	-0.00003	-0.00000	0.00003	0.00002	-0.00005	-0.00008	-0.00046	0.00003	-0.00013	-0.00054	0.00020	0.00000	-0.00000	0.00000	-0.00008	-0.00007	0.00007	-0.00004	-0.00001	0.00005	-0.00011	-0.00009	-0.00002	-0.00001	-0.00001	-0.00001	0.00054	-0.00039	-0.00000	-0.00000	0.00007	-0.00004	-0.00004	0.00031	0.00006	0.00016	0.00043	0.00008	0.00000	-0.00001	-0.00000	-0.00004	-0.00019	-0.00001
17	0.00116	0.00015	0.00010	-0.00008	0.00021	0.00017	-0.00003	0.00002	0.00000	0.00009	-0.00006	0.00001	-0.00002	0.00003	-0.00004	0.00009	-0.00021	0.00002	0.00001	-0.00012	-0.00008	0.00000	-0.00000	0.00000	0.00001	0.00004	-0.00001	0.00000	0.00000	-0.00001	0.00005	-0.00001	-0.00000	0.00001	0.00001	0.00000	0.00028	-0.00003	0.00000	0.00001	-0.00001	-0.00007	0.00017	0.00012	0.00005	0.00012	0.00014	0.00010	-0.00000	-0.00000	-0.00000	0.00044	0.00003	-0.00004
18	0.00085	-0.00009	0.00017	-0.00002	0.00035	0.00023	-0.00005	0.00002	-0.00001	0.00005	-0.00008	0.00001	-0.00002	0.00002	-0.00003	0.00016	0.00012	0.00001	0.00008	0.00018	0.00001	-0.00000	-0.00000	0.00000	0.00007	0.00002	-0.00002	0.00003	0.00001	-0.00008	0.00011	0.00011	0.00002	0.00001	-0.00000	-0.00001	-0.00004	-0.00057	-0.00001	-0.00001	-0.00005	0.00003	0.00015	0.00003	0.00001	-0.00008	-0.00013	-0.00000	-0.00000	0.00000	0.00000	0.00041	-0.00013	0.00001
19	-0.00041	-0.00250	-0.00015	0.00008	-0.00018	-0.00014	0.00002	-0.00002	-0.00008	-0.00006	-0.00006	0.00001	0.00003	0.00001	-0.00003	-0.00005	0.00002	0.00000	0.00000	-0.00008	0.00013	-0.00000	-0.00000	0.00000	0.00001	-0.00010	0.00006	0.00000	-0.00001	-0.00001	-0.00000	0.00001	0.00000	-0.00001	-0.00002	-0.00003	0.00008	-0.00138	-0.00003	-0.00002	0.00004	0.00014	-0.00012	-0.00011	-0.00004	-0.00016	-0.00019	-0.00001	0.00000	0.00000	0.00000	-0.00020	-0.00043	-0.00012
20	0.00013	-0.00264	-0.00034	0.00006	-0.00032	-0.00018	0.00004	-0.00001	-0.00004	-0.00004	-0.00004	0.00000	0.00002	0.00001	-0.00004	-0.00009	-0.00029	0.00003	0.00004	-0.00028	0.00002	0.00000	-0.00000	0.00000	-0.00002	-0.00005	0.00002	0.00000	-0.00000	-0.00001	-0.00002	-0.00013	-0.00002	-0.00001	-0.00002	-0.00004	0.00023	-0.00065	-0.00001	0.00001	0.00003	0.00002	-0.00011	-0.00037	-0.00006	-0.00001	-0.00025	0.00007	0.00000	-0.00000	-0.00000	0.00003	-0.00027	-0.00011
21	0.00084	-0.00058	0.00024	-0.00004	0.00008	0.00013	-0.00000	0.00003	0.00007	0.00007	-0.00004	0.00000	-0.00000	0.00002	-0.00003	0.00008	-0.00010	0.00002	0.00003	0.00000	-0.00001	-0.00000	-0.00000	0.00000	0.00001	-0.00002	0.00002	0.00002	0.00000	-0.00003	0.00002	-0.00011	-0.00002	0.00001	-0.00002	-0.00003	0.00001	0.00021	0.00001	0.00001	-0.00002	-0.00003	0.00003	-0.00023	-0.00003	0.00007	-0.00010	0.00008	0.00000	-0.00000	-0.00000	0.00051	-0.00028	0.00010
22	0.00060	-0.00039	0.00026	-0.00006	0.00013	0.00012	-0.00001	0.00002	0.00006	0.00008	-0.00005	0.00001	0.00000	0.00001	-0.00002	0.00005	0.00010	-0.00002	-0.00005	0.00012	-0.00001	0.00000	-0.00000	0.00000	0.00007	-0.00012	0.00010	0.00003	-0.00001	0.00001	0.00003	-0.00003	-0.00001	-0.00000	-0.00002	-0.00003	-0.00007	-0.00021	-0.00001	0.00000	0.00002	0.00003	0.00007	0.00003	0.00001	0.00007	0.00005	-0.00009	0.00000	-0.00000	-0.00000	0.00038	-0.00043	0.00009
23	0.00090	-0.00159	-0.00046	0.00003	-0.00010	-0.00010	0.00002	-0.00002	-0.00006	0.00002	-0.00007	0.00001	0.00001	0.00001	-0.00002	-0.00003	-0.00021	0.00003	-0.00002	-0.00017	-0.00001	0.00000	-0.00000	-0.00000	0.00006	-0.00002	0.00002	0.00003	-0.00001	-0.00000	0.00006	-0.00005	-0.00001	0.00001	-0.00001	-0.00002	0.00032	-0.00062	-0.00001	0.00001	0.00004	-0.00003	0.00013	-0.00000	0.00001	0.00010	0.00002	-0.00023	0.00000	-0.00000	-0.00000	0.00015	-0.00038	-0.00004
24	0.00059	-0.00271	-0.00046	0.00004	-0.00010	-0.00012	-0.00001	-0.00002	-0.00010	-0.00005	-0.00009	0.00001	0.00001	0.00000	-0.00001	-0.00000	-0.00029	0.00004	0.00007	-0.00023	0.00015	-0.00000	-0.00000	0.00000	-0.00001	0.00000	-0.00004	0.00002	0.00001	-0.00003	0.00000	-0.00018	-0.00003	0.00001	-0.00000	-0.00001	0.00042	-0.00093	-0.00001	-0.00002	0.00006	-0.00004	0.00004	-0.00024	-0.00007	0.00001	-0.00009	-0.00013	-0.00000	-0.00001	-0.00000	0.00006	-0.00061	-0.00007
25	-0.00017	-0.00294	0.00021	-0.00004	0.00000	0.00000	-0.00003	0.00000	-0.00000	-0.00002	-0.00005	0.00001	-0.00000	0.00000	-0.00000	0.00004	-0.00008	0.00001	0.00005	-0.00011	0.00018	-0.00000	-0.00000	0.00000	-0.00003	-0.00021	0.00012	-0.00003	-0.00000	0.00003	-0.00007	-0.00019	-0.00003	-0.00001	0.00000	0.00001	-0.00005	-0.00111	-0.00003	-0.00001	0.00004	0.00002	-0.00006	-0.00038	-0.00010	0.00000	-0.00026	0.00001	-0.00000	-0.00001	-0.00000	0.00010	-0.00057	0.00001
26	0.00032	-0.00148	0.00028	0.00002	-0.00001	0.00007	0.00002	0.00003	0.00007	0.00013	-0.00007	0.00001	-0.00001	0.00002	-0.00002	0.00012	-0.00014	0.00002	-0.00001	-0.00005	-0.00004	0.00000	-0.00001	0.00000	-0.00004	-0.00016	0.00013	-0.00004	-0.00001	0.00003	-0.00000	-0.00004	-0.00001	-0.00002	0.00000	0.00001	-0.00019	-0.00044	-0.00002	0.00006	-0.00005	-0.00003	0.00008	-0.00028	-0.00002	0.00014	-0.00027	0.00001	-0.00000	-0.00000	-0.00000	0.00008	0.00002	0.00008
27	0.00042	-0.00143	-0.00017	0.00003	-0.00002	-0.00001	0.00003	-0.00000	0.00000	0.00011	-0.00013	0.00002	0.00000	0.00000	-0.00000	0.00014	-0.00017	0.00004	0.00003	0.00001	-0.00007	0.00000	-0.00001	0.00000	-0.00004	0.00001	0.00001	-0.00001	-0.00000	-0.00002	0.00007	-0.00006	-0.00001	-0.00000	-0.00001	-0.00002	0.00008	-0.00049	-0.00001	0.00007	-0.00006	-0.00006	0.00007	-0.00021	-0.00001	0.00004	-0.00019	-0.00010	0.00000	-0.00000	-0.00000	-0.00021	-0.00011	0.00007
28	-0.00009	-0.00407	-0.00032	-0.00005	0.00000	-0.00008	-0.00002	-0.00003	-0.00008	-0.00003	-0.00009	0.00001	0.00000	-0.00001	0.00002	0.00004	-0.00015	0.00004	0.00008	-0.00018	0.00014	0.00000	-0.00000	0.00000	-0.00002	-0.00006	0.00004	-0.00001	-0.00001	-0.00000	0.00006	-0.00014	-0.00003	-0.00001	-0.00002	-0.00003	0.00017	-0.00151	-0.00003	-0.00001	0.00003	0.00000	-0.00002	-0.00036	-0.00008	-0.00010	-0.00036	-0.00023	0.00000	-0.00001	-0.00000	-0.00015	-0.00119	0.00000
29	0.00067	-0.00460	-0.00047	-0.00002	-0.00049	-0.00028	0.00001	-0.00001	-0.00007	-0.00002	-0.00013	0.00002	-0.00000	0.00001	-0.00002	0.00003	-0.00034	0.00006	0.00004	-0.00034	0.00020	0.00000	-0.00000	0.00000	-0.00000	-0.00002	0.00002	-0.00003	-0.00000	0.00001	0.00002	-0.00006	-0.00001	-0.00003	0.00000	0.00001	0.00027	-0.00079	-0.00001	-0.00004	0.00007	-0.00001	0.00012	-0.00035	-0.00008	0.00007	-0.00047	-0.00026	-0.00000	-0.00000	-0.00000	0.00025	-0.00168	-0.00006
30	0.00084	-0.00247	-0.00037	0.00001	-0.00081	-0.00039	0.00004	0.00002	0.00001	-0.00001	-0.00025	0.00004	-0.00001	0.00002	-0.00002	0.00006	-0.00042	0.00007	0.00004	-0.00015	0.00012	-0.00000	-0.00001	0.00000	0.00000	0.00004	-0.00003	0.00002	0.00000	0.00001	-0.00003	0.00004	0.00001	-0.00000	0.00002	0.00003	0.00034	0.00062	0.00003	-0.00000	0.00004	-0.00002	0.00013	-0.00022	-0.00004	0.00015	-0.00035	-0.00011	-0.00000	-0.00000	0.00000	0.00011	-0.00106	-0.00007
31	-0.00035	-0.00092	0.00057	0.00003	0.00019	0.00014	-0.00000	0.00002	0.00008	-0.00008	-0.00011	0.00002	-0.00001	-0.00001	0.00003	-0.00001	-0.00007	0.00001	0.00004	0.00007	0.00000	-0.00000	-0.00000	0.00000	-0.00002	-0.00017	0.00009	0.00004	-0.00000	0.00003	-0.00003	-0.00004	-0.00001	0.00001	0.00001	0.00001	-0.00006	-0.00017	-0.00001	-0.00000	-0.00003	0.00009	-0.00001	-0.00031	-0.00007	-0.00002	-0.00023	0.00006	-0.00000	-0.00000	-0.00000	-0.00022	-0.00005	0.00009
32	-0.00031	-0.00041	0.00096	0.00009	0.00084	0.00047	-0.00003	0.00001	0.00006	-0.00005	0.00004	-0.00000	-0.00000	-0.00002	0.00003	-0.00008	0.00022	-0.00003	-0.00005	0.00015	-0.00010	0.00000	0.00000	-0.00000	0.00003	-0.00024	0.00017	0.00002	-0.00002	0.00004	0.00004	-0.00007	-0.00001	0.00001	-0.00000	-0.00000	-0.00025	-0.00129	-0.00004	-0.00004	-0.00006	0.00019	0.00003	-0.00031	-0.00006	-0.00005	-0.00015	0.00002	0.00000	-0.00000	-0.00000	0.00004	0.00050	0.00023
33	0.00078	-0.00193	0.00047	0.00005	0.00020	0.00010	-0.00001	-0.00000	0.00001	0.00006	-0.00014	0.00002	0.00000	-0.00001	0.00001	0.00004	-0.00024	0.00002	-0.00004	-0.00015	0.00003	0.00000	-0.00001	0.00000	0.00006	-0.00005	0.00008	-0.00001	-0.00002	0.00005	0.00008	-0.00002	-0.00001	0.00000	0.00001	0.00001	0.00012	-0.00096	-0.00002	-0.00004	-0.00004	0.00013	0.00010	-0.00020	-0.00003	0.00003	-0.00015	-0.00004	0.00000	-0.00000	-0.00000	0.00034	-0.00016	0.00010
34	0.00100	-0.00357	0.00046	-0.00002	-0.00007	-0.00005	0.00002	-0.00000	0.00001	0.00013	-0.00022	0.00003	0.00001	-0.00001	0.00001	0.00022	-0.00074	0.00010	0.00006	-0.00057	0.00019	0.00000	-0.00001	0.00000	-0.00007	-0.00004	0.00006	-0.00003	-0.00001	0.00009	0.00007	-0.00010	-0.00002	-0.00001	0.00001	0.00003	0.00025	-0.00033	0.00000	0.00000	-0.00002	-0.00000	0.00010	-0.00026	-0.00004	0.00005	-0.00017	0.00008	0.00000	-0.00000	-0.00000	0.00021	-0.00102	-0.00002
35	0.00063	-0.00238	0.00034	-0.00001	0.00005	0.00003	0.00001	0.00000	0.00002	0.00007	-0.00007	0.00001	0.00001	-0.00001	0.00001	0.00015	-0.00045	0.00007	0.00009	-0.00044	0.00009	0.00000	-0.00000	0.00000	-0.00010	-0.00016	0.00009	-0.00001	-0.00000	0.00007	0.00005	-0.00018	-0.00003	-0.00001	0.00002	0.00004	0.00005	-0.00006	0.00000	0.00003	0.00000	-0.00006	0.00007	-0.00021	-0.00004	0.00005	-0.00005	0.00006	0.00000	-0.00001	-0.00000	0.00020	-0.00080	-0.00001
36	0.00028	-0.00210	-0.00031	0.00005	-0.00021	-0.00012	0.00003	-0.00001	0.00001	-0.00002	-0.00015	0.00002	0.00001	-0.00002	0.00002	0.00005	-0.00025	0.00005	0.00007	-0.00013	0.00007	0.00000	-0.00000	0.00000	0.00002	-0.00007	0.00003	0.00002	-0.00000	0.00003	0.00001	-0.00017	-0.00003	-0.00001	0.00002	0.00003	-0.00017	-0.00026	-0.00001	0.00000	0.00000	-0.00005	-0.00001	-0.00017	-0.00005	-0.00003	-0.00005	-0.00020	0.00000	-0.00001	-0.00000	0.00026	-0.00063	-0.00012
37	-0.00015	-0.00348	-0.00014	0.00001	-0.00022	-0.00016	0.00002	-0.00002	-0.00001	0.00001	-0.00035	0.00005	0.00000	-0.00004	0.00006	0.00008	-0.00044	0.00009	0.00002	-0.00008	0.00020	-0.00000	-0.00001	0.00000	0.00003	-0.00000	0.00003	0.00001	-0.00002	0.00007	-0.00001	-0.00017	-0.00003	-0.00001	0.00000	0.00001	-0.00020	-0.00067	-0.00003	-0.00000	-0.00005	-0.00002	0.00003	-0.00035	-0.00008	-0.00006	-0.00023	-0.00020	-0.00000	-0.00001	-0.00000	-0.00009	-0.00082	-0.00014
38	0.00036	-0.00281	0.00046	0.00001	0.00019	0.00006	-0.00001	-0.00001	0.00000	0.00003	-0.00025	0.00004	-0.00001	-0.00003	0.00004	0.00003	-0.00038	0.00006	-0.00004	-0.00010	0.00006	0.00000	-0.00001	0.00000	0.00001	-0.00010	0.00009	0.00001	-0.00002	0.00008	0.00002	-0.00020	-0.00004	0.00000	0.00001	0.00001	0.00034	-0.00097	-0.00001	-0.00001	-0.00001	0.00003	0.00014	-0.00039	-0.00005	0.00007	-0.00016	0.00006	-0.00000	-0.00001	-0.00000	-0.00024	-0.00037	0.00001
39	0.00113	-0.00288	-0.00019	0.00004	-0.00015	-0.00008	0.00002	-0.00001	0.00002	0.00003	-0.00011	0.00001	0.00000	-0.00001	0.00002	-0.00001	-0.00033	0.00002	-0.00001	-0.00021	-0.00006	0.00000	-0.00000	0.00000	0.00002	-0.00001	-0.00002	0.00002	0.00001	0.00001	0.00004	-0.00034	-0.00006	0.00003	0.00003	0.00004	0.00062	-0.00104	-0.00000	-0.00002	0.00007	0.00005	0.00012	-0.00056	-0.00007	0.00015	-0.00013	-0.00002	0.00000	-0.00001	-0.00000	0.00006	-0.00009	-0.00004
40	0.00011	-0.00400	-0.00103	-0.00009	-0.00106	-0.00058	0.00004	-0.00001	0.00004	0.00009	-0.00015	0.00002	0.00001	-0.00004	0.00006	0.00009	-0.00039	0.00005	-0.00006	-0.00026	0.00006	0.00000	-0.00001	0.00000	0.00003	0.00005	-0.00005	0.00001	0.00001	0.00002	0.00004	-0.00041	-0.00007	0.00003	0.00004	0.00007	-0.00011	-0.00021	-0.00001	0.00002	0.00004	-0.00001	0.00005	-0.00078	-0.00015	0.00005	-0.00035	-0.00029	0.00000	-0.00001	-0.00000	-0.00008	-0.00047	-0.00020
41	-0.00112	-0.00209	-0.00028	-0.00015	-0.00067	-0.00036	-0.00002	0.00001	0.00005	0.00006	-0.00024	0.00003	-0.00002	-0.00004	0.00007	0.00003	-0.00035	0.00007	-0.00010	-0.00008	0.00005	0.00000	-0.00001	0.00000	0.00005	-0.00013	0.00011	0.00000	-0.00002	0.00010	0.00002	-0.00024	-0.00004	0.00000	0.00003	0.00006	-0.00053	0.00061	-0.00001	-0.00001	-0.00001	-0.00003	0.00002	-0.00036	-0.00008	-0.00008	-0.00013	-0.00016	-0.00000	-0.00001	-0.00000	-0.00041	-0.00044	-0.00014
42	-0.00025	-0.00042	0.00097	0.00006	0.00073	0.00041	-0.00004	0.00001	0.00006	-0.00003	-0.00035	0.00005	-0.00002	-0.00000	0.00002	-0.00009	-0.00038	0.00007	0.00006	0.00008	-0.00008	0.00000	-0.00001	0.00000	0.00003	-0.00011	0.00010	0.00000	-0.00002	0.00008	0.00006	-0.00008	-0.00001	-0.00002	0.00002	0.00004	-0.00004	-0.00023	-0.00001	-0.00005	-0.00004	0.00005	-0.00001	-0.00002	-0.00003	-0.00016	0.00014	0.00013	-0.00000	-0.00000	-0.00000	-0.00003	-0.00015	0.00008
43	0.00134	-0.00227	0.00081	0.00018	0.00067	0.00037	0.00002	-0.00000	0.00005	0.00004	-0.00033	0.00005	0.00002	-0.00001	0.00002	0.00007	-0.00039	0.00006	0.00015	0.00003	-0.00006	0.00000	-0.00001	0.00000	0.00000	0.00006	-0.00003	0.00000	-0.00001	0.00008	0.00011	-0.00010	-0.00002	-0.00001	0.00002	0.00005	0.00016	-0.00100	-0.00002	0.00000	-0.00005	0.00007	0.00010	-0.00040	-0.00010	0.00001	-0.00027	0.00009	0.00000	-0.00000	-0.00000	0.00047	-0.00049	0.00019
44	0.00109	-0.00445	-0.00044	0.00002	-0.00081	-0.00047	0.00006	-0.00001	0.00003	0.00013	-0.00016	0.00003	0.00002	-0.00005	0.00006	0.00026	-0.00037	0.00007	0.00003	-0.00024	0.00009	0.00000	-0.00001	0.00000	0.00002	0.00006	-0.00004	0.00001	-0.00000	0.00010	0.00005	-0.00025	-0.00005	0.00000	0.00003	0.00005	-0.00017	-0.00039	-0.00002	0.00005	0.00000	-0.00002	0.00025	-0.00072	-0.00012	0.00026	-0.00054	-0.00012	0.00000	-0.00001	-0.00000	0.00009	-0.00097	-0.00003
45	-0.00036	-0.00456	-0.00090	-0.00016	-0.00118	-0.00068	0.00000	0.00000	0.00004	0.00008	-0.00012	0.00002	-0.00001	-0.00004	0.00007	0.00015	-0.00030	0.00006	-0.00009	-0.00024	0.00010	0.00000	-0.00000	0.00000	-0.00002	-0.00005	0.00002	0.00000	0.00000	0.00005	0.00002	-0.00041	-0.00008	0.00000	0.00002	0.00003	-0.00024	-0.00030	-0.00002	0.00002	0.00004	-0.00007	0.00016	-0.00073	-0.00010	0.00012	-0.00039	-0.00017	0.00000	-0.00001	-0.00000	-0.00041	-0.00085	-0.00018
46	-0.00027	-0.00276	-0.00013	-0.00008	-0.00025	-0.00012	-0.00002	0.00001	0.00006	0.00004	-0.00022	0.00003	-0.00001	-0.00001	0.00003	0.00003	-0.00009	0.00002	-0.00007	0.00015	-0.00007	0.00000	-0.00001	0.00000	-0.00004	-0.00013	0.00007	-0.00001	-0.00000	0.00003	0.00010	-0.00028	-0.00005	-0.00001	0.00002	0.00004	-0.00009	-0.00066	-0.00002	-0.00002	0.00001	-0.00003	0.00006	-0.00049	-0.00006	-0.00011	-0.00028	-0.00003	0.00000	-0.00001	-0.00000	-0.00005	-0.00053	-0.00004
47	0.00085	-0.00188	0.00049	0.00003	0.00013	0.00009	0.00001	-0.00000	0.00002	0.00003	-0.00033	0.00005	0.00001	0.00000	-0.00001	0.00009	-0.00033	0.00007	0.00008	0.00002	-0.00007	0.00000	-0.00001	0.00000	0.00003	-0.00020	0.00014	0.00000	-0.00002	0.00007	0.00011	-0.00008	-0.00001	-0.00001	0.00002	0.00003	0.00004	-0.00040	-0.00001	-0.00003	0.00002	0.00008	0.00011	-0.00023	-0.00004	-0.00005	-0.00014	0.00003	0.00000	-0.00000	-0.00000	0.00039	-0.00033	0.00005
48	0.00098	-0.00337	0.00048	0.00005	0.00003	-0.00001	-0.00000	-0.00000	-0.00004	-0.00001	-0.00041	0.00006	-0.00000	0.00001	-0.00002	0.00010	-0.00086	0.00014	0.00018	-0.00044	0.00012	0.00000	-0.00001	0.00000	-0.00001	-0.00023	0.00015	0.00000	-0.00002	0.00011	0.00007	-0.00026	-0.00005	0.00000	0.00002	0.00004	0.00017	-0.00028	0.00000	-0.00000	0.00001	0.00009	0.00010	-0.00046	-0.00009	0.00003	-0.00008	-0.00008	0.00000	-0.00001	-0.00000	0.00030	-0.00037	0.00005
49	0.00040	-0.00412	0.00025	0.00008	0.00008	0.00007	-0.00001	0.00002	0.00004	0.00005	-0.00030	0.00004	-0.00002	-0.00000	0.00001	0.00001	-0.00072	0.00009	0.00004	-0.00035	0.00011	0.00000	-0.00001	0.00000	-0.00007	-0.00015	0.00010	-0.00000	-0.00001	0.00008	0.00007	-0.00041	-0.00007	-0.00001	0.00003	0.00007	0.00003	-0.00042	-0.00001	0.00001	-0.00006	-0.00005	0.00005	-0.00070	-0.00014	-0.00001	-0.00023	-0.00016	0.00000	-0.00002	-0.00000	0.00019	-0.00089	0.00007
50	0.00013	-0.00430	-0.00009	-0.00001	-0.00006	0.00002	-0.00001	0.00002	0.00009	0.00013	-0.00016	0.00002	-0.00002	-0.00003	0.00005	0.00003	-0.00039	0.00005	-0.00014	-0.00018	0.00005	0.00000	-0.00001	0.00000	0.00004	-0.00006	0.00003	0.00000	-0.00000	-0.00001	0.00005	-0.00029	-0.00005	0.00000	0.00001	0.00002	-0.00028	-0.00057	-0.00003	-0.00001	-0.00008	-0.00005	0.00009	-0.00072	-0.00013	0.00003	-0.00046	-0.00016	0.00000	-0.00001	-0.00000	0.00022	-0.00133	0.00001
51	0.00032	-0.00504	-0.00016	-0.00008	-0.00016	-0.00009	-0.00001	0.00000	0.00005	0.00005	-0.00029	0.00004	-0.00001	-0.00002	0.00004	0.00014	-0.00068	0.00010	-0.00004	-0.00039	0.00010	-0.00000	-0.00001	0.00000	0.00007	-0.00004	0.00001	0.00002	0.00000	-0.00005	0.00001	-0.00031	-0.00006	0.00002	-0.00001	-0.00002	-0.00012	-0.00052	-0.00002	-0.00003	-0.00008	0.00003	0.00014	-0.00081	-0.00014	0.00008	-0.00046	-0.00010	0.00000	-0.00001	-0.00000	0.00007	-0.00126	-0.00007
52	0.00039	-0.00469	0.00023	-0.00002	0.00000	0.00001	-0.00002	0.00001	0.00007	-0.00004	-0.00040	0.00006	-0.00002	-0.00000	0.00002	0.00015	-0.00091	0.00012	0.00009	-0.00052	0.00016	-0.00000	-0.00001	0.00000	0.00000	-0.00009	0.00005	0.00003	0.00000	-0.00001	0.00008	-0.00051	-0.00010	0.00001	0.00000	0.00000	0.00024	-0.00027	0.00001	-0.00003	-0.00005	0.00004	0.00013	-0.00072	-0.00014	-0.00001	-0.00006	0.00003	0.00000	-0.00001	-0.00000	-0.00022	-0.00116	-0.00009
53	0.00062	-0.00477	0.00061	0.00005	0.00001	0.00003	-0.00000	0.00001	0.00006	0.00002	-0.00035	0.00005	-0.00001	-0.00000	0.00001	0.00011	-0.00077	0.00011	0.00010	-0.00046	0.00018	0.00000	-0.00001	0.00000	0.00005	-0.00019	0.00013	0.00002	-0.00001	0.00006	0.00012	-0.00045	-0.00008	-0.00001	0.00002	0.00004	0.00019	-0.00071	-0.00001	-0.00001	-0.00004	0.00008	0.00015	-0.00065	-0.00013	-0.00005	-0.00009	0.00008	0.00000	-0.00001	-0.00000	-0.00009	-0.00108	-0.00001
54	0.00126	-0.00625	0.00040	0.00010	-0.00012	-0.00008	0.00004	-0.00001	-0.00004	0.00008	-0.00035	0.00005	0.00001	-0.00000	-0.00000	0.00011	-0.00073	0.00011	0.00013	-0.00045	0.00014	0.00000	-0.00001	0.00000	0.00010	-0.00023	0.00017	-0.00000	-0.00003	0.00012	0.00001	-0.00017	-0.00003	-0.00001	0.00003	0.00007	0.00011	-0.00157	-0.00003	0.00003	-0.00008	0.00007	0.00011	-0.00076	-0.00015	0.00009	-0.00068	-0.00011	-0.00000	-0.00001	-0.00000	0.00035	-0.00108	0.00010
55	0.00103	-0.00713	-0.00017	0.00006	-0.00009	-0.00007	0.00003	-0.00001	-0.00005	0.00009	-0.00035	0.00005	0.00000	0.00002	-0.00004	0.00016	-0.00068	0.00011	0.00014	-0.00036	0.00008	0.00000	-0.00001	0.00000	0.00000	-0.00020	0.00014	-0.00001	-0.00002	0.00011	-0.00001	-0.00016	-0.00003	-0.00002	0.00003	0.00006	-0.00001	-0.00190	-0.00005	0.00007	-0.00006	-0.00004	0.00004	-0.00090	-0.00017	0.00015	-0.00093	-0.00033	0.00000	-0.00001	-0.00000	0.00036	-0.00149	0.00005
56	0.00028	-0.00623	-0.00025	-0.00004	-0.00001	0.00002	-0.00002	0.00001	0.00002	0.00016	-0.00032	0.00005	-0.00002	0.00003	-0.00004	0.00027	-0.00049	0.00010	0.00004	-0.00013	0.00012	0.00000	-0.00001	0.00000	-0.00007	-0.00020	0.00012	-0.00000	-0.00001	0.00007	0.00016	-0.00043	-0.00008	-0.00003	0.00001	0.00004	-0.00029	-0.00130	-0.00005	0.00003	-0.00003	-0.00007	0.00010	-0.00104	-0.00019	-0.00001	-0.00072	-0.00032	0.00001	-0.00001	-0.00000	-0.00001	-0.00157	-0.00005
57	0.00039	-0.00439	0.00025	-0.00004	-0.00001	0.00002	-0.00002	0.00001	0.00005	0.00015	-0.00028	0.00004	-0.00003	0.00001	0.00001	0.00023	-0.00051	0.00011	-0.00003	-0.00022	0.00015	0.00000	-0.00001	0.00000	-0.00008	-0.00021	0.00014	-0.00001	-0.00002	0.00009	0.00022	-0.00050	-0.00009	-0.00002	0.00002	0.00005	0.00010	-0.00057	-0.00001	-0.00002	-0.00004	-0.00003	0.00017	-0.00077	-0.00016	-0.00008	-0.00024	-0.00018	0.00001	-0.00001	-0.00000	-0.00015	-0.00103	0.00005
58	0.00050	-0.00492	0.00055	-0.00003	0.00010	0.00005	-0.00003	0.00000	0.00004	-0.00004	-0.00030	0.00004	-0.00003	-0.00000	0.00002	-0.00001	-0.00084	0.00011	0.00001	-0.00058	0.00008	0.00000	-0.00001	0.00000	-0.00014	-0.00015	0.00012	-0.00004	-0.00002	0.00013	0.00012	-0.00039	-0.00007	-0.00003	0.00004	0.00009	0.00050	-0.00109	0.00001	-0.00003	-0.00002	-0.00000	0.00022	-0.00052	-0.00011	0.00003	-0.00007	-0.00004	0.00000	-0.00001	-0.00000	-0.00002	-0.00108	0.00009
59	-0.00001	-0.00781	0.00009	-0.00006	0.00012	0.00006	-0.00004	0.00001	0.00002	-0.00001	-0.00052	0.00007	-0.00002	0.00001	-0.00001	0.00005	-0.00113	0.00014	0.00005	-0.00058	0.00003	0.00000	-0.00002	0.00000	-0.00012	-0.00010	0.00006	-0.00003	-0.00001	0.00012	0.00013	-0.00048	-0.00008	-0.00005	0.00005	0.00012	-0.00017	-0.00181	-0.00006	0.00001	0.00003	0.00001	0.00026	-0.00109	-0.00020	0.00004	-0.00057	-0.00005	0.00000	-0.00001	-0.00000	-0.00004	-0.00171	-0.00014
60	0.00047	-0.00922	-0.00050	-0.00003	-0.00014	-0.00005	-0.00003	0.00001	-0.00003	0.00021	-0.00071	0.00010	-0.00001	0.00001	-0.00001	0.00031	-0.00113	0.00017	0.00004	-0.00030	0.00004	0.00001	-0.00003	0.00000	-0.00001	-0.00020	0.00010	0.00000	-0.00001	0.00015	0.00021	-0.00072	-0.00013	-0.00004	0.00007	0.00014	-0.00059	-0.00138	-0.00008	0.00006	0.00002	-0.00001	0.00029	-0.00173	-0.00033	0.00010	-0.00101	-0.00030	0.00001	-0.00002	-0.00000	-0.00008	-0.00195	-0.00026
61	0.00181	-0.00943	-0.00036	0.00007	-0.00025	-0.00012	-0.00000	0.00000	-0.00003	0.00015	-0.00063	0.00009	-0.00001	-0.00001	0.00001	0.00019	-0.00084	0.00014	0.00003	-0.00015	0.00003	0.00000	-0.00002	0.00000	-0.00006	-0.00035	0.00024	0.00001	-0.00003	0.00027	0.00022	-0.00066	-0.00012	-0.00004	0.00009	0.00019	0.00010	-0.00127	-0.00002	0.00009	-0.00001	-0.00003	0.00047	-0.00175	-0.00031	0.00041	-0.00123	-0.00056	0.00001	-0.00002	-0.00000	0.00019	-0.00230	-0.00013
62	0.00177	-0.01063	0.00010	0.00007	-0.00015	-0.00009	-0.00000	-0.00000	0.00002	-0.00001	-0.00047	0.00006	-0.00001	-0.00001	0.00002	-0.00002	-0.00075	0.00012	0.00003	-0.00038	0.00010	0.00000	-0.00001	0.00000	-0.00013	-0.00035	0.00028	-0.00001	-0.00005	0.00035	0.00019	-0.00045	-0.00008	-0.00004	0.00009	0.00019	0.00054	-0.00224	-0.00001	0.00004	-0.00002	0.00001	0.00047	-0.00151	-0.00026	0.00037	-0.00133	-0.00057	0.00000	-0.00001	-0.00000	0.00029	-0.00298	-0.00004
63	0.00057	-0.01124	0.00052	-0.00001	-0.00009	-0.00003	-0.00002	0.00002	0.00010	0.00003	-0.00050	0.00007	-0.00003	-0.00002	0.00006	0.00006	-0.00105	0.00015	-0.00001	-0.00070	0.00022	0.00000	-0.00001	0.00000	-0.00002	-0.00033	0.00027	-0.00001	-0.00004	0.00031	0.00018	-0.00055	-0.00010	-0.00002	0.00009	0.00018	0.00015	-0.00248	-0.00005	-0.00005	-0.00006	0.00003	0.00024	-0.00137	-0.00027	0.00001	-0.00100	-0.00037	0.00000	-0.00002	-0.00000	0.00007	-0.00311	-0.00005
64	-0.00033	-0.01003	0.00089	-0.00004	-0.00002	0.00007	-0.00005	0.00005	0.00019	0.00007	-0.00068	0.00010	-0.00005	-0.00004	0.00009	0.00005	-0.00106	0.00015	-0.00013	-0.00037	0.00021	0.00000	-0.00002	0.00000	-0.00001	-0.00049	0.00035	-0.00001	-0.00004	0.00033	0.00012	-0.00083	-0.00015	-0.00000	0.00017	0.00029	-0.00036	-0.00161	-0.00008	-0.00004	-0.00001	0.00000	0.00023	-0.00157	-0.00031	0.00004	-0.00077	-0.00023	0.00000	-0.00003	-0.00000	-0.00017	-0.00269	-0.00011
65	-0.00025	-0.01074	0.00093	0.00007	-0.00001	0.00006	-0.00003	0.00004	0.00020	0.00010	-0.00070	0.00010	-0.00004	-0.00003	0.00007	0.00008	-0.00090	0.00014	-0.00013	-0.00020	0.00021	0.00000	-0.00002	0.00000	-0.00017	-0.00063	0.00042	-0.00001	-0.00005	0.00043	0.00007	-0.00094	-0.00018	-0.00000	0.00022	0.00038	-0.00046	-0.00193	-0.00010	0.00002	0.00005	0.00002	0.00026	-0.00185	-0.00036	0.00019	-0.00099	-0.00039	0.00001	-0.00003	-0.00001	-0.00020	-0.00278	-0.00007
66	0.00135	-0.01410	0.00076	0.00013	-0.00018	-0.00012	0.00002	-0.00000	0.00010	0.00021	-0.00056	0.00009	-0.00002	-0.00003	0.00007	0.00040	-0.00107	0.00018	0.00010	-0.00077	0.00033	0.00000	-0.00002	0.00000	-0.00016	-0.00057	0.00040	0.00000	-0.00006	0.00048	0.00022	-0.00077	-0.00014	-0.00002	0.00019	0.00035	-0.00016	-0.00333	-0.00010	0.00003	0.00003	0.00003	0.00031	-0.00177	-0.00034	0.00015	-0.00127	-0.00066	0.00001	-0.00002	-0.00000	0.00013	-0.00390	0.00010
67	0.00222	-0.01469	0.00055	0.00002	-0.00028	-0.00022	0.00000	-0.00002	0.00007	0.00022	-0.00065	0.00010	-0.00002	-0.00008	0.00015	0.00055	-0.00112	0.00021	0.00032	-0.00071	0.00022	0.00000	-0.00002	0.00000	0.00000	-0.00057	0.00044	0.00001	-0.00007	0.00052	0.00032	-0.00064	-0.00011	-0.00001	0.00018	0.00034	-0.00029	-0.00283	-0.00010	0.00007	0.00002	-0.00004	0.00049	-0.00172	-0.00031	0.00029	-0.00149	-0.00071	0.00001	-0.00002	-0.00000	0.00022	-0.00468	0.00002
68	0.00108	-0.01296	0.00038	-0.00001	-0.00022	-0.00013	-0.00004	0.00001	0.00021	0.00016	-0.00090	0.00013	-0.00004	-0.00014	0.00025	0.00036	-0.00097	0.00018	0.00023	-0.00000	-0.00005	0.00001	-0.00003	0.00000	-0.00002	-0.00065	0.00046	0.00002	-0.00006	0.00055	0.00027	-0.00082	-0.00015	0.00002	0.00022	0.00036	-0.00093	-0.00144	-0.00014	0.00012	0.00007	-0.00012	0.00057	-0.00203	-0.00036	0.00041	-0.00154	-0.00063	0.00001	-0.00003	-0.00001	-0.00007	-0.00443	-0.00016
69	0.00080	-0.01438	0.00039	0.00008	-0.00028	-0.00013	-0.00002	0.00003	0.00028	0.00009	-0.00097	0.00013	-0.00004	-0.00015	0.00028	0.00020	-0.00120	0.00016	0.00001	-0.00014	-0.00001	0.00001	-0.00003	0.00000	-0.00016	-0.00057	0.00038	0.00004	-0.00004	0.00051	0.00039	-0.00107	-0.00018	0.00005	0.00023	0.00034	-0.00076	-0.00213	-0.00014	0.00005	0.00009	-0.00010	0.00067	-0.00228	-0.00040	0.00027	-0.00141	-0.00064	0.00001	-0.00003	-0.00001	-0.00010	-0.00443	-0.00008
70	0.00181	-0.01742	0.00065	0.00004	-0.00044	-0.00024	-0.00002	0.00000	0.00020	0.00011	-0.00106	0.00015	-0.00005	-0.00014	0.00026	0.00029	-0.00164	0.00023	0.00002	-0.00062	0.00028	0.00001	-0.00003	0.00000	-0.00011	-0.00059	0.00043	0.00004	-0.00005	0.00048	0.00043	-0.00113	-0.00019	0.00003	0.00020	0.00032	0.00009	-0.00326	-0.00005	0.00000	-0.00002	-0.00004	0.00073	-0.00250	-0.00046	0.00020	-0.00158	-0.00069	0.00001	-0.00003	-0.00001	-0.00002	-0.00450	-0.00001
71	0.00242	-0.01885	0.00120	-0.00002	-0.00031	-0.00014	-0.00007	0.00002	0.00031	0.00027	-0.00118	0.00017	-0.00008	-0.00017	0.00032	0.00052	-0.00187	0.00034	0.00018	-0.00065	0.00043	0.00001	-0.00004	0.00001	-0.00002	-0.00080	0.00058	0.00001	-0.00008	0.00051	0.00029	-0.00110	-0.00020	-0.00000	0.00017	0.00031	0.00036	-0.00354	-0.00003	0.00006	-0.00009	-0.00009	0.00056	-0.00280	-0.00054	0.00032	-0.00196	-0.00075	0.00001	-0.00003	-0.00001	0.00002	-0.00442	-0.00003
72	0.00268	-0.02026	0.00147	0.00005	-0.00011	0.00004	-0.00008	0.00006	0.00046	0.00040	-0.00099	0.00016	-0.00010	-0.00019	0.00036	0.00066	-0.00199	0.00035	0.00017	-0.00100	0.00041	0.00001	-0.00004	0.00000	-0.00004	-0.00077	0.00055	-0.00000	-0.00008	0.00055	0.00039	-0.00104	-0.00018	0.00000	0.00019	0.00034	0.00000	-0.00417	-0.00009	0.00006	-0.00001	-0.00010	0.00066	-0.00284	-0.00050	0.00036	-0.00205	-0.00083	0.00001	-0.00003	-0.00001	0.00014	-0.00521	-0.00005
73	0.00255	-0.02149	0.00137	0.00010	-0.00016	-0.00003	-0.00005	0.00004	0.00037	0.00042	-0.00088	0.00015	-0.00009	-0.00016	0.00030	0.00068	-0.00218	0.00033	0.00004	-0.00152	0.00038	0.00001	-0.00003	0.00000	-0.00002	-0.00061	0.00049	0.00002	-0.00007	0.00061	0.00055	-0.00105	-0.00016	0.00001	0.00022	0.00039	-0.00051	-0.00430	-0.00017	-0.00002	-0.00000	0.00000	0.00090	-0.00271	-0.00042	0.00028	-0.00186	-0.00075	0.00002	-0.00003	-0.00001	0.00021	-0.00619	-0.00012
74	0.00191	-0.02123	0.00152	0.00004	-0.00007	-0.00001	-0.00007	0.00003	0.00035	0.00036	-0.00120	0.00018	-0.00010	-0.00016	0.00031	0.00058	-0.00232	0.00037	0.00003	-0.00133	0.00041	0.00001	-0.00004	0.00000	0.00006	-0.00061	0.00051	0.00004	-0.00007	0.00058	0.00043	-0.00121	-0.00021	0.00002	0.00022	0.00036	-0.00070	-0.00396	-0.00019	-0.00004	-0.00005	0.00006	0.00071	-0.00251	-0.00045	0.00019	-0.00145	-0.00057	0.00002	-0.00004	-0.00001	0.00032	-0.00645	-0.00018
75	0.00198	-0.02099	0.00173	0.00000	0.00009	0.00010	-0.00011	0.00005	0.00048	0.00028	-0.00144	0.00020	-0.00013	-0.00020	0.00040	0.00050	-0.00224	0.00039	0.00016	-0.00087	0.00039	0.00001	-0.00005	0.00001	0.00006	-0.00068	0.00051	0.00006	-0.00004	0.00045	0.00034	-0.00132	-0.00025	0.00004	0.00019	0.00028	-0.00039	-0.00427	-0.00014	-0.00002	-0.00001	0.00005	0.00055	-0.00249	-0.00048	0.00021	-0.00131	-0.00050	0.00002	-0.00004	-0.00001	0.00041	-0.00635	-0.00013
76	0.00295	-0.02184	0.00199	0.00006	-0.00009	-0.00000	-0.00013	0.00005	0.00050	0.00032	-0.00138	0.00020	-0.00014	-0.00021	0.00040	0.00057	-0.00241	0.00040	0.00017	-0.00108	0.00042	0.00001	-0.00005	0.00001	0.00001	-0.00081	0.00054	0.00004	-0.00003	0.00038	0.00045	-0.00124	-0.00021	0.00003	0.00016	0.00024	-0.00023	-0.00409	-0.00011	0.00000	-0.00004	0.00004	0.00083	-0.00275	-0.00045	0.00040	-0.00166	-0.00047	0.00002	-0.00004	-0.00001	0.00054	-0.00617	0.00012
77	0.00290	-0.02235	0.00210	0.00009	-0.00028	-0.00012	-0.00014	0.00003	0.00037	0.00034	-0.00128	0.00019	-0.00013	-0.00016	0.00030	0.00051	-0.00287	0.00043	-0.00003	-0.00172	0.00058	0.00002	-0.00004	0.00001	-0.00005	-0.00086	0.00057	0.00000	-0.00006	0.00037	0.00053	-0.00131	-0.00021	0.00002	0.00015	0.00024	-0.00020	-0.00363	-0.00010	-0.00004	-0.00015	0.00003	0.00099	-0.00282	-0.00043	0.00038	-0.00153	-0.00042	0.00002	-0.00004	-0.00001	0.00059	-0.00576	0.00030
78	0.00190	-0.02157	0.00131	0.00004	-0.00014	-0.00003	-0.00013	0.00002	0.00024	0.00030	-0.00126	0.00018	-0.00011	-0.00014	0.00024	0.00025	-0.00281	0.00040	-0.00029	-0.00165	0.00052	0.00001	-0.00005	0.00001	-0.00009	-0.00068	0.00042	-0.00000	-0.00004	0.00027	0.00052	-0.00156	-0.00027	0.00002	0.00014	0.00022	0.00025	-0.00434	-0.00002	-0.00016	-0.00017	0.00003	0.00081	-0.00275	-0.00048	0.00011	-0.00104	-0.00044	0.00002	-0.00005	-0.00001	0.00037	-0.00505	0.00003
79	0.00221	-0.01991	0.00075	0.00004	-0.00001	0.00006	-0.00012	0.00002	0.00025	0.00043	-0.00135	0.00021	-0.00009	-0.00013	0.00025	0.00029	-0.00217	0.00032	-0.00041	-0.00078	0.00022	0.00001	-0.00005	0.00001	-0.00009	-0.00049	0.00027	0.00001	-0.00000	0.00018	0.00045	-0.00170	-0.00032	0.00001	0.00010	0.00016	0.00063	-0.00491	0.00005	-0.00017	-0.00011	0.00004	0.00071	-0.00280	-0.00051	0.00015	-0.00097	-0.00046	0.00002	-0.00006	-0.00001	0.00036	-0.00452	0.00003
80	0.00287	-0.01715	0.00129	0.00003	-0.00015	-0.00002	-0.00014	0.00002	0.00026	0.00057	-0.00146	0.00024	-0.00008	-0.00010	0.00020	0.00053	-0.00178	0.00028	-0.00031	-0.00025	0.00013	0.00002	-0.00005	0.00001	-0.00011	-0.00045	0.00027	-0.00004	-0.00005	0.00016	0.00045	-0.00173	-0.00033	-0.00002	0.00002	0.00009	0.00029	-0.00384	-0.00001	-0.00011	-0.00004	0.00012	0.00075	-0.00251	-0.00041	0.00024	-0.00062	-0.00014	0.00002	-0.00006	-0.00001	0.00077	-0.00410	0.00045
81	0.00218	-0.01334	0.00145	0.00003	-0.00013	-0.00004	-0.00011	0.00001	0.00016	0.00039	-0.00152	0.00021	-0.00008	-0.00007	0.00012	0.00045	-0.00173	0.00028	-0.00004	-0.00012	0.00022	0.00002	-0.00006	0.00001	-0.00009	-0.00038	0.00023	-0.00007	-0.00007	0.00006	0.00053	-0.00173	-0.00031	-0.00005	-0.00005	0.00002	-0.00017	-0.00250	-0.00009	-0.00009	0.00001	0.00015	0.00064	-0.00163	-0.00021	-0.00011	0.00044	0.00029	0.00002	-0.00006	-0.00001	0.00092	-0.00375	0.00036
82	0.00170	-0.00954	0.00129	0.00008	0.00026	0.00024	-0.00002	0.00004	0.00015	0.00020	-0.00157	0.00019	-0.00004	-0.00005	0.00009	0.00021	-0.00137	0.00021	0.00004	0.00034	0.00015	0.00001	-0.00006	0.00001	-0.00004	-0.00028	0.00013	-0.00006	-0.00003	-0.00012	0.00050	-0.00166	-0.00029	-0.00006	-0.00011	-0.00006	-0.00002	-0.00237	-0.00005	-0.00007	0.00003	0.00012	0.00042	-0.00060	-0.00002	-0.00025	0.00148	0.00046	0.00002	-0.00006	-0.00001	0.00078	-0.00352	0.00009
83	0.00173	-0.00633	0.00174	0.00008	0.00044	0.00037	0.00003	0.00006	0.00016	0.00023	-0.00160	0.00020	0.00000	-0.00002	0.00004	0.00009	-0.00098	0.00010	-0.00016	0.00070	0.00010	0.00002	-0.00006	0.00001	-0.00006	-0.00016	0.00000	-0.00009	-0.00003	-0.00028	0.00045	-0.00168	-0.00032	-0.00006	-0.00015	-0.00013	0.00044	-0.00293	0.00006	-0.00008	0.00011	0.00021	0.00019	0.00031	0.00015	-0.00016	0.00251	0.00077	0.00002	-0.00007	-0.00001	0.00078	-0.00278	0.00030
84	0.00123	-0.00344	0.00219	0.00013	0.00014	0.00015	0.00006	0.00005	0.00006	0.00024	-0.00177	0.00022	0.00002	0.00002	-0.00003	0.00006	-0.00120	0.00010	-0.00025	0.00052	0.00029	0.00002	-0.00007	0.00001	-0.00006	0.00005	-0.00015	-0.00009	-0.00001	-0.00042	0.00047	-0.00170	-0.00032	-0.00004	-0.00018	-0.00021	0.00075	-0.00299	0.00013	-0.00016	0.00027	0.00027	-0.00009	0.00152	0.00041	-0.00058	0.00394	0.00133	0.00003	-0.00007	-0.00001	0.00072	-0.00196	0.00037
85	0.00114	0.00021	0.00240	0.00029	0.00001	0.00007	0.00018	0.00005	-0.00005	0.00031	-0.00191	0.00024	0.00007	0.00007	-0.00012	0.00018	-0.00132	0.00018	-0.00013	0.00051	0.00040	0.00002	-0.00008	0.00001	-0.00003	0.00018	-0.00022	-0.00007	0.00001	-0.00048	0.00043	-0.00162	-0.00030	-0.00004	-0.00023	-0.00029	0.00076	-0.00229	0.00015	-0.00020	0.00040	0.00024	-0.00038	0.00272	0.00069	-0.00098	0.00520	0.00164	0.00003	-0.00008	-0.00002	0.00070	-0.00142	0.00026
86	0.00145	0.00391	0.00265	0.00037	0.00027	0.00024	0.00030	0.00007	-0.00011	0.00042	-0.00196	0.00027	0.00016	0.00017	-0.00029	0.00026	-0.00113	0.00019	-0.00010	0.00075	0.00035	0.00002	-0.00008	0.00001	-0.00007	0.00020	-0.00023	-0.00009	-0.00000	-0.00049	0.00047	-0.00153	-0.00027	-0.00006	-0.00027	-0.00034	0.00077	-0.00169	0.00017	-0.00019	0.00042	0.00032	-0.00050	0.00343	0.00087	-0.00104	0.00590	0.00170	0.00003	-0.00008	-0.00001	0.00069	-0.00055	0.00029
87	0.00077	0.00527	0.00279	0.00037	0.00033	0.00027	0.00031	0.00008	-0.00019	0.00034	-0.00221	0.00028	0.00018	0.00023	-0.00041	0.00013	-0.00164	0.00019	-0.00013	0.00049	0.00050	0.00001	-0.00008	0.00001	-0.00017	0.00029	-0.00035	-0.00015	-0.00003	-0.00059	0.00051	-0.00123	-0.00018	-0.00008	-0.00033	-0.00040	0.00115	-0.00151	0.00027	-0.00024	0.00050	0.00038	-0.00055	0.00420	0.00101	-0.00125	0.00647	0.00197	0.00002	-0.00006	-0.00001	0.00032	-0.00023	0.00005
88	0.00010	0.00512	0.00284	0.00044	0.00008	0.00010	0.00033	0.00006	-0.00033	0.00026	-0.00238	0.00028	0.00019	0.00025	-0.00046	0.00010	-0.00241	0.00028	-0.00007	-0.00022	0.00081	0.00001	-0.00009	0.00001	-0.00023	0.00046	-0.00050	-0.00020	-0.00004	-0.00069	0.00008	-0.00061	-0.00013	-0.00010	-0.00040	-0.00048	0.00128	-0.00137	0.00031	-0.00026	0.00052	0.00039	-0.00081	0.00501	0.00112	-0.00110	0.00660	0.00223	-0.00000	-0.00004	-0.00001	0.00016	-0.00032	-0.00008
89	0.00112	0.00597	0.00306	0.00054	-0.00008	-0.00004	0.00040	0.00004	-0.00059	0.00028	-0.00242	0.00029	0.00024	0.00034	-0.00064	0.00023	-0.00303	0.00041	0.00007	-0.00087	0.00098	0.00001	-0.00009	0.00001	-0.00018	0.00057	-0.00059	-0.00014	-0.00000	-0.00072	-0.00026	0.00009	-0.00004	-0.00005	-0.00036	-0.00047	0.00105	-0.00155	0.00024	-0.00017	0.00039	0.00049	-0.00088	0.00546	0.00123	-0.00050	0.00639	0.00219	-0.00001	-0.00001	-0.00000	0.00049	0.00111	0.00030
90	0.00209	0.00739	0.00303	0.00049	-0.00015	-0.00016	0.00041	0.00001	-0.00077	0.00028	-0.00285	0.00033	0.00023	0.00041	-0.00077	0.00049	-0.00415	0.00060	0.00044	-0.00146	0.00110	0.00001	-0.00009	0.00001	-0.00004	0.00074	-0.00069	-0.00002	0.00007	-0.00081	-0.00032	0.00069	0.00010	0.00003	-0.00029	-0.00047	0.00092	-0.00146	0.00021	-0.00012	0.00045	0.00044	-0.00085	0.00618	0.00137	-0.00035	0.00669	0.00212	-0.00001	0.00003	0.00000	0.00050	0.00256	0.00042
91	0.00167	0.00702	0.00211	0.00034	-0.00026	-0.00027	0.00032	-0.00000	-0.00079	0.00031	-0.00326	0.00038	0.00016	0.00042	-0.00078	0.00086	-0.00534	0.00080	0.00086	-0.00209	0.00120	0.00001	-0.00010	0.00001	0.00008	0.00097	-0.00081	0.00004	0.00010	-0.00102	-0.00066	0.00129	0.00016	0.00005	-0.00036	-0.00060	0.00070	0.00001	0.00021	-0.00011	0.00049	0.00016	-0.00117	0.00697	0.00143	-0.00040	0.00683	0.00196	-0.00002	0.00004	0.00001	0.00031	0.00132	0.00009
92	0.00146	0.00483	0.00091	0.00027	-0.00040	-0.00038	0.00019	-0.00002	-0.00098	0.00026	-0.00338	0.00037	0.00004	0.00051	-0.00094	0.00087	-0.00612	0.00088	0.00091	-0.00278	0.00125	0.00000	-0.00011	0.00001	0.00014	0.00103	-0.00087	0.00010	0.00013	-0.00114	-0.00093	0.00197	0.00026	0.00006	-0.00042	-0.00071	0.00059	0.00139	0.00023	-0.00002	0.00024	-0.00004	-0.00137	0.00725	0.00145	-0.00010	0.00614	0.00166	-0.00003	0.00007	0.00001	0.00047	-0.00066	-0.00014
93	0.00132	0.00315	0.00042	0.00029	-0.00056	-0.00054	0.00007	-0.00002	-0.00130	0.00023	-0.00349	0.00038	-0.00004	0.00066	-0.00120	0.00082	-0.00675	0.00095	0.00092	-0.00337	0.00132	-0.00000	-0.00012	0.00001	0.00018	0.00094	-0.00087	0.00023	0.00017	-0.00113	-0.00107	0.00281	0.00043	0.00013	-0.00034	-0.00065	0.00047	0.00064	0.00016	0.00010	0.00025	-0.00009	-0.00162	0.00755	0.00154	-0.00004	0.00546	0.00151	-0.00004	0.00011	0.00002	0.00071	-0.00079	-0.00012
94	0.00063	0.00335	0.00058	0.00022	-0.00061	-0.00060	-0.00004	-0.00001	-0.00137	0.00034	-0.00347	0.00042	-0.00010	0.00071	-0.00124	0.00090	-0.00724	0.00105	0.00104	-0.00384	0.00141	0.00000	-0.00012	0.00001	0.00022	0.00104	-0.00094	0.00034	0.00019	-0.00113	-0.00138	0.00368	0.00057	0.00020	-0.00027	-0.00059	-0.00003	-0.00071	-0.00004	0.00020	0.00055	-0.00010	-0.00199	0.00811	0.00162	-0.00014	0.00517	0.00149	-0.00006	0.00014	0.00002	0.00090	0.00004	-0.00000
95	-0.00004	0.00334	0.00117	-0.00003	-0.00056	-0.00060	-0.00023	0.00003	-0.00121	0.00026	-0.00333	0.00037	-0.00017	0.00059	-0.00096	0.00057	-0.00784	0.00099	0.00082	-0.00465	0.00159	-0.00000	-0.00012	0.00001	0.00039	0.00132	-0.00107	0.00042	0.00019	-0.00110	-0.00145	0.00436	0.00070	0.00024	-0.00028	-0.00061	-0.00017	-0.00084	-0.00009	0.00023	0.00056	0.00002	-0.00181	0.00844	0.00163	0.00014	0.00491	0.00150	-0.00006	0.00016	0.00003	0.00083	0.00039	-0.00003
96	-0.00043	0.00088	0.00109	-0.00019	-0.00065	-0.00067	-0.00045	0.00008	-0.00114	0.00005	-0.00328	0.00028	-0.00024	0.00055	-0.00080	0.00024	-0.00858	0.00093	0.00058	-0.00566	0.00166	-0.00000	-0.00013	0.00001	0.00062	0.00133	-0.00105	0.00053	0.00018	-0.00102	-0.00130	0.00499	0.00084	0.00027	-0.00025	-0.00056	0.00010	-0.00031	0.00001	0.00025	0.00029	0.00005	-0.00149	0.00833	0.00160	0.00036	0.00418	0.00138	-0.00005	0.00020	0.00004	0.00029	-0.00040	-0.00045
97	-0.00172	-0.00081	-0.00070	-0.00007	-0.00075	-0.00071	-0.00054	0.00012	-0.00119	-0.00013	-0.00316	0.00018	-0.00038	0.00080	-0.00109	-0.00004	-0.00887	0.00084	0.00058	-0.00600	0.00139	-0.00000	-0.00013	0.00001	0.00067	0.00110	-0.00092	0.00063	0.00016	-0.00094	-0.00147	0.00550	0.00094	0.00033	-0.00019	-0.00046	-0.00023	0.00118	-0.00002	0.00047	0.00002	-0.00020	-0.00166	0.00766	0.00147	0.00036	0.00278	0.00094	-0.00007	0.00024	0.00004	-0.00017	-0.00125	-0.00098
98	-0.00397	-0.00046	-0.00202	-0.00008	-0.00070	-0.00071	-0.00057	0.00014	-0.00119	-0.00027	-0.00289	0.00009	-0.00049	0.00097	-0.00124	-0.00051	-0.00866	0.00060	0.00045	-0.00566	0.00114	-0.00000	-0.00013	0.00001	0.00060	0.00097	-0.00082	0.00063	0.00013	-0.00081	-0.00179	0.00525	0.00088	0.00034	-0.00018	-0.00043	-0.00076	0.00261	-0.00011	0.00071	-0.00016	-0.00030	-0.00206	0.00617	0.00116	0.00025	0.00128	0.00063	-0.00007	0.00022	0.00004	-0.00036	0.00018	-0.00096
99	-0.00529	-0.00061	-0.00171	-0.00032	-0.00054	-0.00066	-0.00061	0.00018	-0.00100	-0.00032	-0.00270	0.00005	-0.00042	0.00077	-0.00090	-0.00074	-0.00803	0.00043	0.00022	-0.00495	0.00086	0.00000	-0.00013	0.00001	0.00070	0.00083	-0.00069	0.00061	0.00009	-0.00067	-0.00163	0.00461	0.00076	0.00029	-0.00017	-0.00042	-0.00069	0.00222	-0.00011	0.00064	-0.00016	-0.00025	-0.00208	0.00473	0.00089	-0.00009	0.00018	0.00058	-0.00006	0.00017	0.00003	-0.00078	0.00232	-0.00061
100	-0.00723	0.00001	-0.00221	-0.00037	-0.00037	-0.00048	-0.00058	0.00023	-0.00068	-0.00072	-0.00256	-0.00016	-0.00034	0.00060	-0.00064	-0.00138	-0.00680	-0.00001	-0.00003	-0.00402	0.00037	-0.00000	-0.00015	0.00001	0.00079	0.00075	-0.00063	0.00062	0.00006	-0.00059	-0.00128	0.00432	0.00071	0.00027	-0.00013	-0.00031	-0.00097	0.00231	-0.00018	0.00037	-0.00001	-0.00017	-0.00172	0.00406	0.00082	-0.00040	-0.00048	0.00041	-0.00005	0.00015	0.00003	-0.00144	0.00205	-0.00069
101	-0.01005	0.00055	-0.00323	-0.00030	-0.00032	-0.00040	-0.00048	0.00020	-0.00051	-0.00104	-0.00256	-0.00034	-0.00029	0.00052	-0.00060	-0.00215	-0.00589	-0.00053	-0.00023	-0.00349	0.00016	-0.00000	-0.00018	0.00001	0.00068	0.00097	-0.00076	0.00057	0.00007	-0.00053	-0.00136	0.00388	0.00066	0.00029	-0.00009	-0.00018	-0.00165	0.00358	-0.00031	0.00023	0.00002	0.00005	-0.00172	0.00323	0.00073	-0.00065	-0.00087	0.00032	-0.00006	0.00014	0.00003	-0.00187	0.00132	-0.00104
102	-0.01104	0.00086	-0.00408	-0.00038	-0.00033	-0.00047	-0.00043	0.00016	-0.00049	-0.00109	-0.00272	-0.00035	-0.00021	0.00038	-0.00056	-0.00227	-0.00528	-0.00071	-0.00030	-0.00260	-0.00008	-0.00001	-0.00019	0.00001	0.00058	0.00105	-0.00076	0.00044	0.00006	-0.00040	-0.00145	0.00316	0.00058	0.00023	-0.00005	-0.00008	-0.00153	0.00378	-0.00028	0.00023	-0.00015	0.00002	-0.00180	0.00213	0.00054	-0.00082	-0.00121	0.00022	-0.00006	0.00011	0.00003	-0.00217	0.00257	-0.00130
103	-0.01115	0.00270	-0.00498	-0.00043	-0.00017	-0.00033	-0.00040	0.00018	-0.00037	-0.00127	-0.00274	-0.00044	-0.00021	0.00039	-0.00050	-0.00224	-0.00393	-0.00089	-0.00047	-0.00056	-0.00071	-0.00002	-0.00015	0.00000	0.00048	0.00065	-0.00049	0.00032	0.00000	-0.00019	-0.00130	0.00249	0.00048	0.00016	-0.00001	0.00004	-0.00122	0.00312	-0.00022	0.00012	-0.00015	-0.00031	-0.00152	0.00157	0.00040	-0.00069	-0.00134	-0.00013	-0.00006	0.00008	0.00002	-0.00240	0.00325	-0.00135
104	-0.01165	0.00260	-0.00506	-0.00030	-0.00000	-0.00013	-0.00031	0.00016	-0.00023	-0.00110	-0.00272	-0.00034	-0.00019	0.00036	-0.00042	-0.00203	-0.00241	-0.00098	-0.00070	0.00124	-0.00124	-0.00002	-0.00014	0.00000	0.00016	0.00038	-0.00031	0.00024	-0.00000	-0.00011	-0.00126	0.00140	0.00034	0.00017	0.00002	0.00015	-0.00168	0.00281	-0.00033	-0.00005	0.00003	-0.00040	-0.00156	0.00065	0.00030	-0.00060	-0.00122	-0.00034	-0.00005	0.00005	0.00002	-0.00237	0.00201	-0.00103
105	-0.01177	0.00262	-0.00511	-0.00026	-0.00000	-0.00012	-0.00020	0.00007	-0.00024	-0.00083	-0.00284	-0.00017	-0.00007	0.00010	-0.00029	-0.00167	-0.00082	-0.00097	-0.00061	0.00295	-0.00172	-0.00003	-0.00017	0.00000	-0.00017	0.00052	-0.00034	0.00009	0.00003	-0.00004	-0.00131	-0.00012	0.00017	0.00015	0.00004	0.00021	-0.00181	0.00281	-0.00036	-0.00010	0.00008	-0.00031	-0.00192	-0.00094	0.00015	-0.00068	-0.00110	-0.00036	-0.00004	-0.00001	0.00001	-0.00232	0.00203	-0.00075
106	-0.01129	0.00454	-0.00483	-0.00036	0.00013	-0.00003	-0.00014	0.00008	-0.00008	-0.00088	-0.00315	-0.00015	0.00001	-0.00008	-0.00012	-0.00129	0.00089	-0.00101	-0.00014	0.00537	-0.00218	-0.00004	-0.00018	-0.00000	-0.00037	0.00052	-0.00022	-0.00016	-0.00001	0.00025	-0.00142	-0.00156	0.00004	0.00007	0.00006	0.00030	-0.00120	0.00232	-0.00024	-0.00010	0.00006	-0.00030	-0.00220	-0.00238	0.00003	-0.00072	-0.00099	-0.00044	-0.00003	-0.00007	0.00000	-0.00232	0.00355	-0.00069
107	-0.01166	0.00156	-0.00462	-0.00034	0.00041	0.00022	-0.00003	0.00012	0.00021	-0.00110	-0.00329	-0.00027	0.00005	-0.00014	0.00003	-0.00129	0.00179	-0.00120	0.00007	0.00681	-0.00236	-0.00005	-0.00016	-0.00001	-0.00064	0.00029	-0.00001	-0.00033	-0.00006	0.00046	-0.00151	-0.00292	-0.00006	0.00002	0.00007	0.00037	-0.00133	0.00120	-0.00027	-0.00007	0.00003	-0.00030	-0.00219	-0.00418	-0.00015	-0.00062	-0.00143	-0.00065	-0.00004	-0.00013	0.00000	-0.00229	0.00313	-0.00063
108	-0.01249	-0.00408	-0.00595	-0.00022	0.00047	0.00028	0.00011	0.00001	0.00025	-0.00142	-0.00256	-0.00058	0.00010	-0.00023	0.00007	-0.00161	0.00261	-0.00153	-0.00009	0.00711	-0.00231	-0.00006	-0.00012	-0.00003	-0.00090	0.00024	0.00004	-0.00037	-0.00003	0.00045	-0.00140	-0.00410	-0.00016	0.00002	0.00009	0.00042	-0.00201	0.00032	-0.00042	-0.00003	0.00005	-0.00038	-0.00193	-0.00647	-0.00043	-0.00045	-0.00260	-0.00101	-0.00004	-0.00016	-0.00000	-0.00220	0.00131	-0.00061
109	-0.01226	-0.00512	-0.00603	-0.00025	0.00034	0.00022	0.00016	-0.00004	0.00025	-0.00136	-0.00167	-0.00067	0.00014	-0.00032	0.00014	-0.00149	0.00411	-0.00166	-0.00018	0.00774	-0.00224	-0.00006	-0.00009	-0.00003	-0.00091	0.00001	0.00021	-0.00038	-0.00009	0.00062	-0.00121	-0.00498	-0.00024	0.00001	0.00012	0.00058	-0.00202	0.00032	-0.00043	-0.00010	0.00019	-0.00044	-0.00195	-0.00811	-0.00058	-0.00063	-0.00342	-0.00119	-0.00002	-0.00018	-0.00001	-0.00199	0.00095	-0.00057
110	-0.01269	-0.00344	-0.00469	-0.00035	0.00048	0.00036	0.00014	0.00008	0.00050	-0.00134	-0.00121	-0.00072	0.00016	-0.00037	0.00034	-0.00169	0.00548	-0.00200	-0.00051	0.00846	-0.00248	-0.00006	-0.00007	-0.00003	-0.00094	-0.00042	0.00056	-0.00045	-0.00021	0.00092	-0.00090	-0.00567	-0.00030	-0.00000	0.00014	0.00072	-0.00152	0.00118	-0.00033	-0.00023	0.00021	-0.00018	-0.00199	-0.00922	-0.00064	-0.00108	-0.00367	-0.00099	-0.00001	-0.00019	-0.00001	-0.00192	0.00157	-0.00042
111	-0.01316	-0.00108	-0.00469	-0.00028	0.00079	0.00060	0.00019	0.00013	0.00070	-0.00155	-0.00003	-0.00107	0.00018	-0.00042	0.00051	-0.00219	0.00718	-0.00259	-0.00081	0.00904	-0.00283	-0.00007	-0.00002	-0.00004	-0.00124	-0.00048	0.00067	-0.00052	-0.00026	0.00110	-0.00058	-0.00616	-0.00033	0.00004	0.00016	0.00079	-0.00097	0.00195	-0.00022	-0.00021	0.00006	0.00010	-0.00189	-0.01061	-0.00075	-0.00134	-0.00443	-0.00106	-0.00000	-0.00019	-0.00001	-0.00192	0.00220	-0.00026
112	-0.01183	0.00351	-0.00481	-0.00016	0.00105	0.00078	0.00029	0.00010	0.00077	-0.00127	0.00194	-0.00126	0.00019	-0.00046	0.00057	-0.00175	0.00967	-0.00284	-0.00044	0.00987	-0.00292	-0.00005	0.00007	-0.00005	-0.00136	-0.00052	0.00077	-0.00054	-0.00032	0.00134	-0.00057	-0.00626	-0.00034	0.00008	0.00020	0.00094	-0.00091	0.00200	-0.00020	-0.00008	0.00006	0.00009	-0.00203	-0.01145	-0.00082	-0.00136	-0.00538	-0.00135	-0.00000	-0.00020	-0.00001	-0.00188	0.00313	-0.00026
113	-0.01033	0.00930	-0.00400	-0.00020	0.00131	0.00097	0.00027	0.00016	0.00090	-0.00077	0.00356	-0.00125	0.00017	-0.00044	0.00061	-0.00098	0.01164	-0.00284	-0.00012	0.01037	-0.00286	-0.00004	0.00014	-0.00005	-0.00115	-0.00068	0.00091	-0.00049	-0.00039	0.00151	-0.00056	-0.00592	-0.00032	0.00011	0.00023	0.00105	-0.00121	0.00176	-0.00026	-0.00007	0.00014	-0.00001	-0.00196	-0.01078	-0.00078	-0.00136	-0.00527	-0.00131	-0.00001	-0.00020	-0.00001	-0.00196	0.00366	-0.00027
114	-0.00892	0.01233	-0.00347	-0.00026	0.00128	0.00100	0.00016	0.00026	0.00101	-0.00038	0.00472	-0.00124	0.00008	-0.00034	0.00066	-0.00040	0.01236	-0.00272	-0.00026	0.01017	-0.00281	-0.00003	0.00021	-0.00006	-0.00098	-0.00065	0.00087	-0.00032	-0.00037	0.00145	-0.00037	-0.00562	-0.00029	0.00018	0.00027	0.00102	-0.00096	0.00147	-0.00021	-0.00021	0.00018	-0.00012	-0.00162	-0.01009	-0.00072	-0.00153	-0.00498	-0.00137	-0.00000	-0.00020	-0.00001	-0.00199	0.00365	0.00006
115	-0.00629	0.01026	-0.00341	-0.00017	0.00104	0.00087	0.00009	0.00028	0.00098	0.00001	0.00576	-0.00122	-0.00002	-0.00020	0.00062	0.00027	0.01264	-0.00251	-0.00016	0.00976	-0.00274	-0.00001	0.00027	-0.00006	-0.00096	-0.00081	0.00101	-0.00013	-0.00036	0.00156	-0.00022	-0.00574	-0.00027	0.00030	0.00034	0.00109	-0.00065	0.00127	-0.00015	-0.00028	0.00022	-0.00024	-0.00131	-0.01110	-0.00078	-0.00152	-0.00610	-0.00192	0.00000	-0.00020	-0.00001	-0.00153	0.00319	0.00036
116	-0.00429	0.00780	-0.00338	-0.00014	0.00114	0.00092	0.00001	0.00029	0.00095	0.00033	0.00689	-0.00129	-0.00008	-0.00012	0.00057	0.00088	0.01347	-0.00250	0.00008	0.00955	-0.00265	0.00001	0.00032	-0.00006	-0.00083	-0.00113	0.00129	0.00004	-0.00038	0.00175	-0.00012	-0.00587	-0.00026	0.00037	0.00042	0.00122	-0.00119	0.00136	-0.00024	-0.00029	0.00021	-0.00013	-0.00100	-0.01251	-0.00085	-0.00142	-0.00754	-0.00230	0.00000	-0.00020	-0.00001	-0.00095	0.00192	0.00022
117	-0.00388	0.00690	-0.00314	-0.00030	0.00134	0.00103	-0.00010	0.00032	0.00094	0.00074	0.00806	-0.00135	-0.00011	-0.00010	0.00058	0.00136	0.01427	-0.00251	-0.00007	0.00906	-0.00248	0.00003	0.00037	-0.00006	-0.00060	-0.00127	0.00134	0.00019	-0.00031	0.00159	-0.00003	-0.00574	-0.00022	0.00040	0.00044	0.00111	-0.00169	0.00096	-0.00032	-0.00041	0.00021	0.00019	-0.00077	-0.01295	-0.00085	-0.00160	-0.00803	-0.00214	-0.00000	-0.00020	-0.00001	-0.00090	0.00047	0.00004
118	-0.00181	0.00467	-0.00259	-0.00046	0.00118	0.00094	-0.00024	0.00031	0.00088	0.00121	0.00882	-0.00133	-0.00013	-0.00010	0.00056	0.00176	0.01421	-0.00239	-0.00021	0.00800	-0.00223	0.00005	0.00041	-0.00006	-0.00040	-0.00129	0.00131	0.00027	-0.00024	0.00136	0.00011	-0.00557	-0.00018	0.00036	0.00038	0.00090	-0.00084	0.00016	-0.00015	-0.00048	0.00024	0.00024	-0.00052	-0.01318	-0.00081	-0.00155	-0.00842	-0.00191	0.00000	-0.00020	-0.00001	-0.00072	-0.00004	0.00029
119	0.00198	0.00526	-0.00212	-0.00060	0.00102	0.00086	-0.00038	0.00030	0.00084	0.00143	0.00933	-0.00135	-0.00016	-0.00007	0.00053	0.00214	0.01420	-0.00234	-0.00006	0.00731	-0.00214	0.00005	0.00041	-0.00006	-0.00013	-0.00110	0.00122	0.00029	-0.00023	0.00131	0.00015	-0.00536	-0.00016	0.00029	0.00031	0.00083	0.00048	0.00059	0.00007	-0.00042	0.00022	0.00007	-0.00011	-0.01359	-0.00072	-0.00104	-0.00906	-0.00182	0.00000	-0.00021	-0.00001	0.00003	0.00119	0.00078
120	0.00403	0.00734	-0.00147	-0.00075	0.00110	0.00093	-0.00049	0.00032	0.00091	0.00165	0.00968	-0.00136	-0.00022	-0.00004	0.00052	0.00247	0.01379	-0.00222	-0.00018	0.00621	-0.00173	0.00006	0.00041	-0.00006	0.00015	-0.00081	0.00095	0.00034	-0.00012	0.00103	0.00015	-0.00509	-0.00014	0.00026	0.00028	0.00069	0.00057	0.00175	0.00005	-0.00045	0.00013	0.00017	0.00052	-0.01349	-0.00053	-0.00052	-0.00883	-0.00156	-0.00001	-0.00022	-0.00001	0.00047	0.00227	0.00088
121	0.00524	0.00370	-0.00026	-0.00078	0.00096	0.00085	-0.00052	0.00028	0.00084	0.00198	0.00942	-0.00128	-0.00022	-0.00002	0.00047	0.00238	0.01128	-0.00173	-0.00052	0.00291	-0.00069	0.00007	0.00042	-0.00006	0.00035	-0.00058	0.00064	0.00039	0.00008	0.00052	0.00030	-0.00464	-0.00005	0.00020	0.00024	0.00041	0.00029	0.00193	-0.00000	-0.00059	-0.00009	0.00034	0.00131	-0.01173	-0.00015	-0.00003	-0.00714	-0.00102	-0.00002	-0.00022	-0.00001	0.00065	0.00060	0.00068
122	0.00754	-0.00051	0.00073	-0.00074	0.00065	0.00064	-0.00047	0.00019	0.00061	0.00186	0.00907	-0.00123	-0.00020	-0.00001	0.00034	0.00191	0.00894	-0.00130	-0.00036	-0.00021	-0.00008	0.00008	0.00040	-0.00006	0.00052	-0.00039	0.00048	0.00037	0.00011	0.00035	0.00056	-0.00394	0.00008	0.00012	0.00013	0.00028	0.00069	0.00153	0.00007	-0.00051	-0.00028	0.00020	0.00197	-0.00936	0.00025	0.00049	-0.00592	-0.00063	-0.00001	-0.00023	-0.00001	0.00126	-0.00119	0.00073
123	0.01042	0.00069	0.00162	-0.00069	0.00064	0.00060	-0.00042	0.00017	0.00055	0.00172	0.00918	-0.00125	-0.00021	0.00001	0.00024	0.00190	0.00884	-0.00130	0.00012	-0.00097	-0.00002	0.00008	0.00037	-0.00006	0.00061	-0.00030	0.00050	0.00029	-0.00002	0.00050	0.00076	-0.00352	0.00018	0.00007	0.00003	0.00037	0.00109	0.00130	0.00014	-0.00019	-0.00023	0.00011	0.00239	-0.00840	0.00055	0.00097	-0.00614	-0.00046	-0.00000	-0.00024	-0.00001	0.00193	-0.00004	0.00097
124	0.01270	0.00419	0.00249	-0.00051	0.00065	0.00056	-0.00041	0.00015	0.00048	0.00178	0.00903	-0.00123	-0.00023	0.00003	0.00015	0.00216	0.00826	-0.00128	0.00050	-0.00181	0.00032	0.00008	0.00035	-0.00005	0.00065	-0.00015	0.00036	0.00027	0.00002	0.00037	0.00088	-0.00358	0.00024	0.00005	0.00001	0.00034	0.00135	0.00117	0.00019	-0.00000	-0.00012	0.00021	0.00260	-0.00730	0.00078	0.00123	-0.00458	0.00005	-0.00000	-0.00023	-0.00001	0.00230	0.00228	0.00102
125	0.01387	0.00664	0.00264	-0.00022	0.00063	0.00045	-0.00035	0.00005	0.00023	0.00163	0.00801	-0.00110	-0.00026	0.00005	0.00001	0.00209	0.00632	-0.00106	0.00087	-0.00309	0.00059	0.00007	0.00031	-0.00005	0.00073	0.00009	0.00010	0.00028	0.00016	0.00007	0.00103	-0.00373	0.00029	0.00002	-0.00001	0.00017	0.00172	0.00136	0.00024	0.00009	-0.00006	0.00019	0.00247	-0.00505	0.00087	0.00109	-0.00110	0.00071	0.00001	-0.00020	-0.00001	0.00259	0.00291	0.00094
126	0.01443	0.00738	0.00218	0.00001	0.00076	0.00045	-0.00025	0.00003	0.00010	0.00155	0.00632	-0.00093	-0.00026	0.00005	-0.00007	0.00214	0.00484	-0.00093	0.00128	-0.00269	0.00039	0.00007	0.00025	-0.00004	0.00065	0.00019	-0.00002	0.00023	0.00016	-0.00002	0.00099	-0.00419	0.00023	-0.00001	-0.00005	0.00009	0.00212	0.00230	0.00029	0.00031	0.00001	0.00011	0.00191	-0.00373	0.00068	0.00092	0.00109	0.00095	0.00002	-0.00021	0.00000	0.00274	0.00226	0.00091
127	0.01497	0.00837	0.00220	0.00020	0.00063	0.00034	-0.00014	0.00004	0.00008	0.00140	0.00413	-0.00070	-0.00019	0.00004	-0.00007	0.00228	0.00326	-0.00079	0.00161	-0.00160	0.00023	0.00006	0.00018	-0.00003	0.00048	0.00033	-0.00016	0.00016	0.00015	-0.00010	0.00107	-0.00500	0.00021	-0.00000	-0.00003	0.00004	0.00250	0.00365	0.00033	0.00042	0.00011	0.00015	0.00166	-0.00304	0.00067	0.00075	0.00293	0.00123	0.00004	-0.00025	0.00001	0.00269	0.00284	0.00076
128	0.01539	0.00852	0.00285	0.00049	0.00047	0.00014	0.00006	0.00002	-0.00006	0.00119	0.00158	-0.00043	-0.00011	0.00002	-0.00010	0.00238	0.00068	-0.00056	0.00160	-0.00137	0.00031	0.00004	0.00008	-0.00002	0.00046	0.00061	-0.00041	0.00010	0.00020	-0.00030	0.00148	-0.00492	0.00044	-0.00003	-0.00004	-0.00007	0.00242	0.00388	0.00032	0.00033	0.00019	0.00027	0.00195	-0.00122	0.00105	0.00040	0.00522	0.00174	0.00005	-0.00024	0.00002	0.00259	0.00336	0.00051
129	0.01474	0.00503	0.00281	0.00081	0.00058	0.00006	0.00024	-0.00003	-0.00028	0.00122	-0.00109	-0.00024	-0.00010	0.00002	-0.00020	0.00255	-0.00219	-0.00038	0.00126	-0.00144	0.00037	0.00002	-0.00004	-0.00001	0.00045	0.00067	-0.00051	0.00002	0.00023	-0.00048	0.00155	-0.00364	0.00059	-0.00010	-0.00014	-0.00018	0.00187	0.00276	0.00024	0.00026	0.00017	0.00024	0.00192	0.00101	0.00128	0.00033	0.00618	0.00191	0.00007	-0.00018	0.00003	0.00237	0.00216	0.00037
130	0.01492	0.00355	0.00259	0.00098	0.00032	-0.00017	0.00032	-0.00013	-0.00051	0.00142	-0.00356	-0.00014	-0.00011	0.00001	-0.00031	0.00272	-0.00459	-0.00027	0.00083	-0.00103	0.00029	0.00002	-0.00014	0.00000	0.00039	0.00066	-0.00052	-0.00001	0.00020	-0.00049	0.00157	-0.00243	0.00072	-0.00011	-0.00016	-0.00020	0.00186	0.00217	0.00024	0.00021	0.00011	0.00012	0.00194	0.00286	0.00152	0.00057	0.00669	0.00193	0.00008	-0.00012	0.00004	0.00225	0.00269	0.00033
131	0.01602	0.00776	0.00321	0.00105	-0.00010	-0.00046	0.00037	-0.00022	-0.00065	0.00154	-0.00548	-0.00006	-0.00013	0.00002	-0.00040	0.00268	-0.00630	-0.00016	0.00058	-0.00040	0.00021	0.00002	-0.00021	0.00000	0.00031	0.00091	-0.00068	-0.00007	0.00019	-0.00053	0.00183	-0.00136	0.00100	-0.00010	-0.00014	-0.00023	0.00235	0.00276	0.00030	0.00014	0.00014	0.00015	0.00232	0.00515	0.00203	0.00072	0.00804	0.00232	0.00008	-0.00007	0.00004	0.00232	0.00483	0.00035
132	0.01528	0.00982	0.00303	0.00121	-0.00027	-0.00062	0.00044	-0.00026	-0.00076	0.00126	-0.00648	0.00003	-0.00013	0.00002	-0.00047	0.00224	-0.00757	0.00001	0.00049	-0.00036	0.00020	0.00002	-0.00022	0.00001	0.00027	0.00120	-0.00094	-0.00013	0.00028	-0.00080	0.00183	0.00009	0.00119	-0.00014	-0.00019	-0.00036	0.00213	0.00293	0.00028	0.00009	0.00029	0.00003	0.00257	0.00734	0.00244	0.00093	0.00881	0.00252	0.00008	-0.00001	0.00005	0.00214	0.00424	0.00022
133	0.01302	0.00677	0.00182	0.00128	-0.00052	-0.00084	0.00042	-0.00037	-0.00099	0.00063	-0.00676	0.00014	-0.00014	0.00001	-0.00056	0.00150	-0.00877	0.00020	0.00038	-0.00121	0.00027	0.00000	-0.00022	0.00001	0.00035	0.00124	-0.00104	-0.00012	0.00038	-0.00104	0.00171	0.00147	0.00132	-0.00017	-0.00022	-0.00052	0.00143	0.00211	0.00019	-0.00000	0.00029	-0.00024	0.00280	0.00837	0.00266	0.00113	0.00850	0.00228	0.00007	0.00006	0.00005	0.00174	0.00243	-0.00007
134	0.01027	0.00660	0.00205	0.00114	-0.00077	-0.00100	0.00033	-0.00046	-0.00115	0.00018	-0.00694	0.00021	-0.00018	0.00002	-0.00065	0.00086	-0.00993	0.00033	0.00025	-0.00243	0.00053	-0.00001	-0.00023	0.00001	0.00033	0.00126	-0.00106	-0.00011	0.00039	-0.00105	0.00156	0.00280	0.00145	-0.00016	-0.00021	-0.00059	0.00105	0.00161	0.00014	-0.00015	0.00005	-0.00014	0.00267	0.00953	0.00276	0.00094	0.00871	0.00233	0.00007	0.00013	0.00006	0.00152	0.00307	-0.00014
135	0.00811	0.00997	0.00315	0.00109	-0.00077	-0.00103	0.00033	-0.00052	-0.00127	0.00020	-0.00719	0.00022	-0.00022	0.00002	-0.00076	0.00065	-0.01114	0.00047	0.00002	-0.00378	0.00096	-0.00001	-0.00024	0.00001	0.00022	0.00144	-0.00117	-0.00013	0.00039	-0.00104	0.00123	0.00445	0.00154	-0.00014	-0.00019	-0.00060	0.00079	0.00184	0.00013	-0.00021	-0.00003	0.00014	0.00204	0.01157	0.00286	0.00075	0.00972	0.00270	0.00006	0.00021	0.00007	0.00144	0.00419	-0.00010
136	0.00741	0.00876	0.00313	0.00099	-0.00093	-0.00119	0.00030	-0.00062	-0.00147	0.00035	-0.00748	0.00022	-0.00026	0.00004	-0.00088	0.00066	-0.01268	0.00058	-0.00018	-0.00544	0.00153	-0.00001	-0.00026	0.00001	0.00029	0.00151	-0.00123	-0.00008	0.00043	-0.00111	0.00083	0.00595	0.00161	-0.00011	-0.00015	-0.00064	0.00078	0.00198	0.00013	-0.00008	0.00014	0.00010	0.00164	0.01316	0.00298	0.00109	0.01025	0.00273	0.00005	0.00028	0.00007	0.00113	0.00259	-0.00032
137	0.00726	0.00547	0.00300	0.00060	-0.00123	-0.00133	0.00004	-0.00059	-0.00146	0.00027	-0.00757	0.00022	-0.00036	0.00012	-0.00089	0.00067	-0.01380	0.00063	0.00025	-0.00664	0.00197	-0.00001	-0.00026	0.00001	0.00041	0.00139	-0.00118	0.00000	0.00046	-0.00116	0.00061	0.00698	0.00169	-0.00009	-0.00014	-0.00070	0.00088	0.00221	0.00015	0.00014	0.00017	-0.00006	0.00153	0.01373	0.00302	0.00146	0.00992	0.00260	0.00003	0.00033	0.00008	0.00084	0.00041	-0.00058
138	0.00580	0.00692	0.00286	0.00033	-0.00138	-0.00136	-0.00029	-0.00049	-0.00137	0.00004	-0.00722	0.00019	-0.00048	0.00021	-0.00089	0.00060	-0.01383	0.00063	0.00080	-0.00702	0.00188	-0.00001	-0.00024	0.00001	0.00053	0.00144	-0.00123	0.00012	0.00046	-0.00114	0.00034	0.00799	0.00178	-0.00006	-0.00012	-0.00070	0.00040	0.00253	0.00012	0.00026	0.00007	-0.00014	0.00108	0.01416	0.00301	0.00137	0.00932	0.00258	0.00001	0.00039	0.00008	0.00075	0.00065	-0.00060
139	0.00318	0.00879	0.00238	0.00032	-0.00135	-0.00133	-0.00043	-0.00044	-0.00137	-0.00026	-0.00671	0.00014	-0.00052	0.00023	-0.00092	0.00010	-0.01362	0.00061	0.00066	-0.00739	0.00161	-0.00001	-0.00023	0.00001	0.00069	0.00153	-0.00131	0.00023	0.00045	-0.00110	-0.00015	0.00918	0.00185	0.00002	-0.00006	-0.00062	0.00005	0.00173	0.00007	0.00029	0.00005	-0.00024	0.00036	0.01496	0.00306	0.00127	0.00867	0.00239	-0.00000	0.00043	0.00008	0.00056	0.00137	-0.00056
140	0.00105	0.00729	0.00281	0.00018	-0.00115	-0.00114	-0.00047	-0.00034	-0.00119	-0.00056	-0.00655	0.00009	-0.00048	0.00022	-0.00084	-0.00066	-0.01394	0.00053	0.00037	-0.00792	0.00164	-0.00001	-0.00023	0.00001	0.00071	0.00129	-0.00118	0.00026	0.00041	-0.00101	-0.00043	0.01007	0.00195	0.00006	-0.00002	-0.00054	0.00012	0.00067	0.00003	0.00034	0.00007	-0.00027	-0.00002	0.01558	0.00314	0.00131	0.00785	0.00213	-0.00001	0.00045	0.00008	0.00033	0.00082	-0.00063
141	-0.00185	0.00523	0.00241	-0.00020	-0.00104	-0.00106	-0.00062	-0.00025	-0.00111	-0.00077	-0.00665	0.00004	-0.00050	0.00026	-0.00084	-0.00114	-0.01468	0.00048	0.00041	-0.00833	0.00167	-0.00000	-0.00025	0.00001	0.00072	0.00111	-0.00105	0.00029	0.00037	-0.00096	-0.00080	0.01067	0.00201	0.00006	-0.00002	-0.00053	-0.00033	0.00138	0.00003	0.00039	0.00002	-0.00041	-0.00059	0.01551	0.00308	0.00115	0.00649	0.00175	-0.00002	0.00045	0.00008	0.00011	0.00020	-0.00078
142	-0.00538	0.00495	0.00035	-0.00041	-0.00106	-0.00110	-0.00075	-0.00022	-0.00116	-0.00096	-0.00628	-0.00002	-0.00057	0.00034	-0.00086	-0.00169	-0.01447	0.00035	0.00003	-0.00826	0.00125	-0.00000	-0.00026	0.00002	0.00078	0.00123	-0.00112	0.00034	0.00038	-0.00099	-0.00113	0.01138	0.00209	0.00008	-0.00002	-0.00054	-0.00078	0.00242	0.00004	0.00042	-0.00014	-0.00071	-0.00119	0.01482	0.00285	0.00089	0.00429	0.00106	-0.00003	0.00048	0.00009	-0.00043	0.00031	-0.00089
143	-0.00692	0.00593	-0.00081	-0.00025	-0.00087	-0.00085	-0.00063	-0.00006	-0.00081	-0.00112	-0.00533	-0.00011	-0.00048	0.00032	-0.00068	-0.00263	-0.01245	-0.00001	-0.00078	-0.00714	0.00064	-0.00001	-0.00026	0.00001	0.00079	0.00123	-0.00112	0.00037	0.00036	-0.00096	-0.00085	0.01159	0.00211	0.00011	-0.00001	-0.00049	-0.00047	0.00210	0.00005	0.00035	-0.00024	-0.00071	-0.00110	0.01337	0.00253	0.00067	0.00175	0.00037	-0.00002	0.00048	0.00009	-0.00088	0.00110	-0.00090
144	-0.00805	0.00611	-0.00081	-0.00016	-0.00049	-0.00046	-0.00044	0.00012	-0.00034	-0.00120	-0.00493	-0.00016	-0.00037	0.00025	-0.00053	-0.00326	-0.01039	-0.00034	-0.00105	-0.00551	0.00024	-0.00000	-0.00027	0.00002	0.00081	0.00093	-0.00095	0.00039	0.00026	-0.00078	-0.00101	0.01085	0.00202	0.00013	-0.00000	-0.00040	-0.00030	0.00214	0.00006	0.00013	-0.00018	-0.00046	-0.00128	0.01141	0.00223	0.00039	-0.00028	-0.00022	-0.00004	0.00043	0.00008	-0.00081	0.00179	-0.00081
145	-0.01007	0.00669	-0.00064	-0.00040	-0.00001	-0.00013	-0.00042	0.00018	-0.00020	-0.00129	-0.00506	-0.00019	-0.00039	0.00030	-0.00055	-0.00329	-0.00905	-0.00047	-0.00092	-0.00410	-0.00010	-0.00000	-0.00028	0.00002	0.00079	0.00057	-0.00071	0.00039	0.00012	-0.00055	-0.00128	0.00996	0.00189	0.00015	0.00001	-0.00029	-0.00070	0.00308	0.00007	-0.00008	-0.00012	-0.00030	-0.00146	0.00981	0.00194	-0.00022	-0.00146	-0.00057	-0.00005	0.00037	0.00007	-0.00089	0.00238	-0.00057
146	-0.01173	0.00843	-0.00051	-0.00053	0.00017	-0.00002	-0.00046	0.00020	-0.00019	-0.00150	-0.00472	-0.00028	-0.00037	0.00029	-0.00049	-0.00315	-0.00722	-0.00058	-0.00096	-0.00250	-0.00041	-0.00002	-0.00025	0.00001	0.00058	0.00032	-0.00046	0.00029	0.00002	-0.00029	-0.00097	0.00909	0.00170	0.00014	0.00001	-0.00018	-0.00084	0.00293	0.00006	-0.00020	-0.00008	-0.00020	-0.00116	0.00859	0.00165	-0.00093	-0.00192	-0.00050	-0.00005	0.00033	0.00007	-0.00160	0.00315	-0.00041
147	-0.01242	0.00768	-0.00097	-0.00040	-0.00001	-0.00009	-0.00037	0.00019	-0.00013	-0.00156	-0.00433	-0.00031	-0.00025	0.00014	-0.00036	-0.00280	-0.00511	-0.00067	-0.00098	-0.00029	-0.00074	-0.00004	-0.00020	-0.00000	0.00027	0.00034	-0.00032	0.00015	-0.00001	-0.00009	-0.00092	0.00746	0.00145	0.00011	0.00000	-0.00009	-0.00071	0.00146	0.00002	-0.00024	0.00000	-0.00017	-0.00128	0.00681	0.00143	-0.00120	-0.00205	-0.00048	-0.00005	0.00028	0.00006	-0.00215	0.00300	-0.00048
148	-0.01182	0.00579	-0.00195	-0.00036	0.00003	-0.00002	-0.00017	0.00005	-0.00007	-0.00152	-0.00435	-0.00027	-0.00013	0.00000	-0.00023	-0.00225	-0.00308	-0.00073	-0.00071	0.00232	-0.00123	-0.00006	-0.00019	-0.00001	-0.00008	0.00060	-0.00028	0.00003	0.00004	-0.00003	-0.00097	0.00470	0.00104	0.00013	0.00001	0.00001	-0.00083	0.00095	0.00001	-0.00021	0.00008	-0.00026	-0.00155	0.00384	0.00104	-0.00118	-0.00200	-0.00059	-0.00005	0.00018	0.00005	-0.00192	0.00262	-0.00037
149	-0.01143	0.00750	-0.00258	-0.00040	0.00019	0.00009	-0.00003	-0.00007	-0.00006	-0.00166	-0.00408	-0.00036	-0.00001	-0.00018	-0.00010	-0.00189	-0.00071	-0.00087	-0.00013	0.00478	-0.00161	-0.00007	-0.00019	-0.00001	-0.00041	0.00082	-0.00024	-0.00007	0.00010	-0.00001	-0.00109	0.00148	0.00060	0.00016	0.00001	0.00011	-0.00119	0.00246	0.00004	-0.00010	0.00017	-0.00030	-0.00187	0.00066	0.00065	-0.00107	-0.00140	-0.00042	-0.00004	0.00006	0.00003	-0.00156	0.00341	-0.00013
150	-0.01175	0.00921	-0.00237	-0.00030	0.00044	0.00028	0.00001	0.00002	0.00007	-0.00162	-0.00321	-0.00043	0.00006	-0.00029	0.00001	-0.00163	0.00166	-0.00102	0.00024	0.00642	-0.00185	-0.00007	-0.00015	-0.00002	-0.00067	0.00077	-0.00009	-0.00017	0.00007	0.00013	-0.00144	-0.00139	0.00032	0.00015	0.00000	0.00023	-0.00154	0.00325	0.00005	0.00001	0.00013	-0.00019	-0.00236	-0.00191	0.00043	-0.00083	-0.00061	-0.00025	-0.00004	-0.00007	0.00001	-0.00155	0.00408	-0.00005
151	-0.01127	0.00700	-0.00168	-0.00012	0.00090	0.00068	0.00010	0.00023	0.00039	-0.00141	-0.00181	-0.00050	0.00012	-0.00028	0.00014	-0.00143	0.00398	-0.00125	0.00015	0.00720	-0.00197	-0.00007	-0.00010	-0.00002	-0.00084	0.00035	0.00026	-0.00028	-0.00007	0.00045	-0.00170	-0.00384	0.00009	0.00011	-0.00001	0.00033	-0.00112	0.00182	0.00003	-0.00005	-0.00002	-0.00003	-0.00259	-0.00448	0.00011	-0.00054	-0.00055	-0.00041	-0.00004	-0.00016	0.00000	-0.00155	0.00383	0.00004
152	-0.01104	0.00613	-0.00125	-0.00006	0.00098	0.00080	0.00025	0.00023	0.00054	-0.00138	-0.00007	-0.00071	0.00020	-0.00026	0.00029	-0.00139	0.00635	-0.00155	-0.00006	0.00773	-0.00188	-0.00008	-0.00003	-0.00003	-0.00093	-0.00002	0.00057	-0.00038	-0.00020	0.00072	-0.00201	-0.00586	-0.00006	0.00008	-0.00002	0.00041	-0.00043	0.00164	0.00003	-0.00014	0.00002	0.00006	-0.00292	-0.00701	-0.00017	-0.00034	-0.00084	-0.00049	-0.00005	-0.00022	-0.00000	-0.00140	0.00369	0.00024
153	-0.01157	0.00729	-0.00067	-0.00015	0.00077	0.00067	0.00036	0.00010	0.00050	-0.00115	0.00143	-0.00080	0.00028	-0.00029	0.00044	-0.00123	0.00815	-0.00170	-0.00010	0.00809	-0.00190	-0.00007	0.00004	-0.00004	-0.00104	-0.00019	0.00076	-0.00046	-0.00026	0.00089	-0.00210	-0.00701	-0.00015	0.00009	-0.00002	0.00052	-0.00087	0.00332	0.00005	0.00006	0.00018	0.00016	-0.00347	-0.00894	-0.00025	-0.00039	-0.00120	-0.00030	-0.00004	-0.00024	-0.00001	-0.00130	0.00337	0.00048
154	-0.01046	0.00552	0.00006	-0.00016	0.00095	0.00082	0.00043	0.00014	0.00062	-0.00086	0.00272	-0.00085	0.00033	-0.00034	0.00051	-0.00112	0.00953	-0.00184	-0.00005	0.00829	-0.00201	-0.00005	0.00011	-0.00004	-0.00124	-0.00064	0.00113	-0.00049	-0.00037	0.00113	-0.00161	-0.00742	-0.00031	0.00010	-0.00003	0.00065	-0.00115	0.00305	0.00005	0.00036	0.00016	0.00029	-0.00330	-0.01045	-0.00040	-0.00046	-0.00227	-0.00039	-0.00002	-0.00025	-0.00002	-0.00116	0.00235	0.00072
155	-0.00804	0.00560	-0.00046	0.00004	0.00142	0.00113	0.00046	0.00028	0.00081	-0.00079	0.00432	-0.00108	0.00031	-0.00035	0.00046	-0.00119	0.01143	-0.00216	-0.00012	0.00895	-0.00209	-0.00004	0.00018	-0.00005	-0.00123	-0.00102	0.00138	-0.00041	-0.00049	0.00132	-0.00111	-0.00765	-0.00043	0.00011	-0.00004	0.00070	-0.00040	0.00178	0.00002	0.00029	0.00003	0.00022	-0.00266	-0.01146	-0.00062	-0.00048	-0.00346	-0.00082	-0.00000	-0.00026	-0.00002	-0.00083	0.00195	0.00077
156	-0.00683	0.00987	-0.00176	0.00014	0.00153	0.00120	0.00040	0.00036	0.00086	-0.00053	0.00602	-0.00125	0.00026	-0.00025	0.00044	-0.00074	0.01344	-0.00237	-0.00021	0.00970	-0.00227	-0.00003	0.00026	-0.00006	-0.00098	-0.00094	0.00127	-0.00026	-0.00053	0.00135	-0.00081	-0.00791	-0.00049	0.00015	-0.00003	0.00073	-0.00034	0.00210	0.00003	0.00004	0.00001	0.00007	-0.00230	-0.01210	-0.00075	-0.00091	-0.00413	-0.00106	-0.00000	-0.00027	-0.00002	-0.00070	0.00262	0.00056
157	-0.00565	0.00956	-0.00249	0.00001	0.00120	0.00103	0.00027	0.00040	0.00086	-0.00003	0.00726	-0.00126	0.00022	-0.00015	0.00052	0.00016	0.01421	-0.00230	-0.00003	0.00943	-0.00235	-0.00001	0.00032	-0.00006	-0.00087	-0.00094	0.00124	-0.00014	-0.00054	0.00136	-0.00050	-0.00779	-0.00051	0.00023	-0.00000	0.00082	-0.00088	0.00163	0.00004	0.00001	0.00007	-0.00003	-0.00198	-0.01275	-0.00090	-0.00137	-0.00507	-0.00142	-0.00000	-0.00026	-0.00002	-0.00075	0.00254	0.00049
158	-0.00315	0.00626	-0.00249	-0.00017	0.00106	0.00097	0.00019	0.00043	0.00090	0.00044	0.00821	-0.00127	0.00022	-0.00012	0.00061	0.00083	0.01423	-0.00219	0.00028	0.00850	-0.00212	0.00002	0.00037	-0.00006	-0.00074	-0.00113	0.00132	-0.00003	-0.00057	0.00139	-0.00041	-0.00708	-0.00047	0.00031	0.00003	0.00088	-0.00069	-0.00026	0.00002	0.00003	0.00016	-0.00015	-0.00168	-0.01269	-0.00098	-0.00138	-0.00607	-0.00192	-0.00000	-0.00024	-0.00002	-0.00036	0.00143	0.00059
159	-0.00028	0.00729	-0.00207	-0.00025	0.00125	0.00110	0.00017	0.00044	0.00091	0.00085	0.00930	-0.00135	0.00021	-0.00010	0.00063	0.00123	0.01463	-0.00221	0.00027	0.00762	-0.00188	0.00004	0.00042	-0.00007	-0.00038	-0.00117	0.00124	0.00016	-0.00054	0.00135	-0.00038	-0.00661	-0.00043	0.00037	0.00008	0.00085	-0.00000	-0.00085	-0.00000	-0.00018	0.00021	-0.00003	-0.00140	-0.01237	-0.00098	-0.00124	-0.00628	-0.00174	-0.00001	-0.00024	-0.00002	0.00024	0.00149	0.00055
160	0.00412	0.00837	-0.00185	-0.00024	0.00123	0.00108	0.00007	0.00042	0.00085	0.00133	0.01035	-0.00143	0.00012	-0.00002	0.00054	0.00190	0.01470	-0.00221	0.00026	0.00618	-0.00170	0.00006	0.00046	-0.00007	-0.00010	-0.00120	0.00115	0.00035	-0.00046	0.00119	-0.00002	-0.00678	-0.00043	0.00040	0.00013	0.00076	0.00067	0.00013	-0.00002	-0.00027	0.00016	0.00025	-0.00055	-0.01275	-0.00101	-0.00087	-0.00613	-0.00129	-0.00001	-0.00025	-0.00002	0.00100	0.00221	0.00051
161	0.00856	0.00701	-0.00170	-0.00027	0.00103	0.00096	-0.00007	0.00041	0.00080	0.00184	0.01096	-0.00146	0.00001	0.00006	0.00042	0.00272	0.01400	-0.00210	0.00060	0.00402	-0.00116	0.00008	0.00048	-0.00007	0.00011	-0.00115	0.00101	0.00044	-0.00034	0.00095	0.00033	-0.00675	-0.00039	0.00038	0.00014	0.00062	0.00089	0.00157	-0.00001	-0.00014	0.00001	0.00031	0.00034	-0.01247	-0.00095	-0.00043	-0.00565	-0.00127	-0.00001	-0.00026	-0.00002	0.00174	0.00096	0.00066
162	0.01075	0.00919	-0.00042	-0.00038	0.00117	0.00107	-0.00016	0.00044	0.00085	0.00227	0.01129	-0.00149	-0.00004	0.00010	0.00042	0.00308	0.01333	-0.00194	0.00052	0.00200	-0.00034	0.00009	0.00048	-0.00007	0.00045	-0.00080	0.00067	0.00046	-0.00022	0.00070	0.00050	-0.00604	-0.00032	0.00032	0.00014	0.00048	0.00066	0.00229	-0.00000	-0.00007	-0.00007	0.00038	0.00110	-0.01040	-0.00067	0.00004	-0.00420	-0.00092	-0.00001	-0.00026	-0.00002	0.00190	-0.00003	0.00079
163	0.01381	0.01478	0.00123	-0.00030	0.00136	0.00116	-0.00016	0.00044	0.00085	0.00250	0.01140	-0.00151	-0.00006	0.00011	0.00044	0.00311	0.01242	-0.00178	0.00016	0.00010	0.00015	0.00010	0.00046	-0.00007	0.00056	-0.00047	0.00039	0.00045	-0.00014	0.00053	0.00070	-0.00498	-0.00021	0.00030	0.00012	0.00046	0.00115	0.00191	-0.00003	-0.00008	-0.00002	0.00045	0.00228	-0.00725	-0.00023	0.00095	-0.00220	-0.00007	-0.00001	-0.00027	-0.00002	0.00216	0.00179	0.00071
164	0.01813	0.01674	0.00169	-0.00009	0.00112	0.00090	-0.00016	0.00035	0.00067	0.00243	0.01061	-0.00142	-0.00007	0.00010	0.00038	0.00309	0.01045	-0.00159	0.00048	-0.00179	0.00025	0.00011	0.00041	-0.00007	0.00052	-0.00046	0.00036	0.00042	-0.00012	0.00048	0.00095	-0.00417	-0.00011	0.00024	0.00005	0.00047	0.00241	0.00145	-0.00009	-0.00001	0.00012	0.00024	0.00324	-0.00415	0.00018	0.00168	-0.00022	0.00048	-0.00000	-0.00027	-0.00002	0.00287	0.00325	0.00059
165	0.02111	0.01676	0.00190	-0.00010	0.00095	0.00076	-0.00020	0.00027	0.00054	0.00261	0.00908	-0.00134	-0.00009	0.00010	0.00031	0.00326	0.00833	-0.00146	0.00102	-0.00279	0.00041	0.00013	0.00033	-0.00007	0.00066	-0.00036	0.00022	0.00039	-0.00002	0.00027	0.00140	-0.00383	0.00001	0.00015	0.00004	0.00029	0.00282	0.00145	-0.00010	0.00012	0.00018	0.00007	0.00376	-0.00191	0.00048	0.00166	0.00182	0.00084	0.00001	-0.00024	-0.00002	0.00352	0.00336	0.00070
166	0.02252	0.01877	0.00240	-0.00008	0.00104	0.00078	-0.00020	0.00026	0.00051	0.00288	0.00720	-0.00128	-0.00013	0.00011	0.00028	0.00355	0.00602	-0.00133	0.00129	-0.00294	0.00071	0.00013	0.00027	-0.00006	0.00070	0.00018	-0.00021	0.00032	0.00019	-0.00012	0.00190	-0.00323	0.00018	0.00009	0.00009	0.00005	0.00235	0.00208	-0.00006	0.00025	0.00013	0.00015	0.00416	-0.00005	0.00079	0.00150	0.00367	0.00130	0.00003	-0.00021	-0.00001	0.00378	0.00395	0.00073
167	0.02300	0.01647	0.00157	0.00025	0.00066	0.00040	-0.00007	0.00019	0.00033	0.00272	0.00391	-0.00106	-0.00011	0.00009	0.00021	0.00374	0.00231	-0.00111	0.00155	-0.00257	0.00052	0.00013	0.00017	-0.00006	0.00057	0.00056	-0.00049	0.00023	0.00026	-0.00028	0.00195	-0.00174	0.00035	0.00006	0.00009	-0.00002	0.00222	0.00235	-0.00005	0.00037	0.00018	0.00002	0.00407	0.00211	0.00105	0.00169	0.00452	0.00148	0.00006	-0.00014	0.00000	0.00358	0.00352	0.00029
168	0.02300	0.01409	0.00081	0.00044	0.00013	-0.00006	0.00007	0.00007	0.00007	0.00247	0.00017	-0.00083	-0.00007	0.00005	0.00009	0.00392	-0.00075	-0.00103	0.00168	-0.00136	-0.00008	0.00011	0.00003	-0.00005	0.00050	0.00046	-0.00041	0.00011	0.00016	-0.00022	0.00208	0.00033	0.00061	0.00000	0.00001	-0.00002	0.00218	0.00205	-0.00006	0.00041	0.00033	-0.00020	0.00387	0.00451	0.00138	0.00172	0.00510	0.00158	0.00008	-0.00001	0.00002	0.00343	0.00281	0.00001
169	0.02242	0.01918	0.00250	0.00051	0.00025	-0.00008	0.00019	0.00004	-0.00007	0.00227	-0.00223	-0.00070	-0.00005	0.00002	-0.00000	0.00399	-0.00213	-0.00103	0.00149	-0.00033	-0.00003	0.00008	-0.00009	-0.00003	0.00045	0.00054	-0.00045	-0.00006	0.00013	-0.00027	0.00262	0.00228	0.00100	-0.00012	-0.00009	-0.00012	0.00201	0.00265	-0.00002	0.00029	0.00034	0.00003	0.00400	0.00736	0.00190	0.00128	0.00656	0.00212	0.00010	0.00011	0.00004	0.00336	0.00379	0.00022
170	0.02176	0.01947	0.00362	0.00076	0.00037	-0.00016	0.00032	0.00000	-0.00022	0.00232	-0.00418	-0.00069	-0.00001	-0.00001	-0.00007	0.00408	-0.00433	-0.00099	0.00123	-0.00059	0.00054	0.00007	-0.00018	-0.00003	0.00033	0.00079	-0.00066	-0.00020	0.00026	-0.00054	0.00289	0.00367	0.00126	-0.00025	-0.00015	-0.00031	0.00186	0.00276	-0.00001	0.00014	0.00024	0.00035	0.00403	0.00955	0.00231	0.00098	0.00753	0.00259	0.00011	0.00016	0.00005	0.00309	0.00360	0.00023
171	0.02123	0.01114	0.00225	0.00096	-0.00011	-0.00063	0.00036	-0.00016	-0.00053	0.00236	-0.00610	-0.00073	0.00000	-0.00005	-0.00020	0.00409	-0.00736	-0.00095	0.00119	-0.00141	0.00067	0.00007	-0.00024	-0.00003	0.00029	0.00057	-0.00064	-0.00021	0.00040	-0.00078	0.00291	0.00472	0.00144	-0.00029	-0.00014	-0.00043	0.00128	0.00141	-0.00003	0.00010	0.00022	0.00031	0.00404	0.01013	0.00240	0.00114	0.00705	0.00241	0.00013	0.00021	0.00006	0.00281	0.00198	-0.00007
172	0.02051	0.00613	0.00089	0.00097	-0.00051	-0.00095	0.00029	-0.00030	-0.00075	0.00204	-0.00704	-0.00067	-0.00007	-0.00006	-0.00034	0.00369	-0.00919	-0.00090	0.00114	-0.00210	0.00061	0.00004	-0.00025	-0.00002	0.00033	0.00050	-0.00060	-0.00020	0.00040	-0.00079	0.00290	0.00612	0.00170	-0.00029	-0.00012	-0.00045	0.00094	0.00026	-0.00006	0.00022	0.00011	0.00009	0.00415	0.01047	0.00242	0.00164	0.00619	0.00181	0.00013	0.00030	0.00007	0.00258	0.00133	-0.00027
173	0.01941	0.00525	0.00101	0.00085	-0.00035	-0.00077	0.00018	-0.00027	-0.00066	0.00169	-0.00719	-0.00059	-0.00015	-0.00003	-0.00035	0.00305	-0.01018	-0.00080	0.00068	-0.00311	0.00089	0.00002	-0.00025	-0.00001	0.00027	0.00107	-0.00086	-0.00027	0.00039	-0.00078	0.00284	0.00759	0.00199	-0.00031	-0.00013	-0.00049	0.00136	-0.00074	-0.00016	0.00026	-0.00007	-0.00002	0.00422	0.01170	0.00262	0.00207	0.00593	0.00137	0.00013	0.00037	0.00009	0.00250	0.00053	-0.00047
174	0.01547	0.00493	0.00209	0.00060	-0.00014	-0.00049	0.00011	-0.00020	-0.00050	0.00144	-0.00734	-0.00056	-0.00015	-0.00001	-0.00028	0.00242	-0.01142	-0.00065	0.00004	-0.00422	0.00112	0.00001	-0.00024	-0.00001	0.00014	0.00143	-0.00103	-0.00028	0.00044	-0.00084	0.00268	0.00837	0.00215	-0.00031	-0.00012	-0.00055	0.00103	-0.00102	-0.00015	-0.00003	-0.00012	-0.00009	0.00387	0.01302	0.00295	0.00169	0.00610	0.00149	0.00013	0.00038	0.00009	0.00210	0.00003	-0.00058
175	0.00924	0.00441	0.00231	0.00033	-0.00032	-0.00052	0.00004	-0.00023	-0.00051	0.00104	-0.00755	-0.00053	-0.00011	-0.00003	-0.00030	0.00165	-0.01240	-0.00051	-0.00036	-0.00462	0.00090	0.00001	-0.00024	-0.00001	0.00011	0.00124	-0.00091	-0.00020	0.00042	-0.00079	0.00235	0.00884	0.00227	-0.00026	-0.00009	-0.00052	-0.00043	0.00033	0.00006	-0.00023	-0.00011	-0.00039	0.00323	0.01319	0.00307	0.00099	0.00535	0.00142	0.00012	0.00039	0.00009	0.00096	0.00025	-0.00050
176	0.00483	0.00060	0.00144	0.00016	-0.00075	-0.00078	-0.00002	-0.00029	-0.00058	0.00049	-0.00755	-0.00050	-0.00008	-0.00007	-0.00035	0.00072	-0.01231	-0.00044	-0.00046	-0.00449	0.00071	0.00001	-0.00025	-0.00001	0.00018	0.00087	-0.00069	-0.00015	0.00032	-0.00063	0.00194	0.00933	0.00242	-0.00019	-0.00006	-0.00042	-0.00127	0.00085	0.00016	-0.00005	-0.00003	-0.00057	0.00277	0.01244	0.00291	0.00080	0.00348	0.00073	0.00008	0.00042	0.00010	-0.00009	-0.00131	-0.00062
177	0.00013	-0.00431	0.00139	0.00005	-0.00096	-0.00090	-0.00004	-0.00030	-0.00057	0.00005	-0.00693	-0.00045	-0.00003	-0.00010	-0.00033	-0.00016	-0.01047	-0.00037	-0.00069	-0.00366	0.00088	0.00000	-0.00026	-0.00001	0.00010	0.00052	-0.00042	-0.00014	0.00021	-0.00042	0.00105	0.00903	0.00246	-0.00013	-0.00003	-0.00030	-0.00140	-0.00114	0.00005	0.00003	0.00025	-0.00028	0.00195	0.01116	0.00271	0.00052	0.00163	0.00014	0.00002	0.00038	0.00010	-0.00107	-0.00364	-0.00090
178	-0.00683	-0.00889	0.00162	-0.00016	-0.00094	-0.00076	-0.00005	-0.00022	-0.00039	-0.00016	-0.00585	-0.00038	0.00002	-0.00010	-0.00025	-0.00113	-0.00756	-0.00027	-0.00142	-0.00197	0.00085	0.00001	-0.00025	-0.00001	-0.00015	0.00013	-0.00008	-0.00011	0.00009	-0.00016	-0.00017	0.00723	0.00218	-0.00009	-0.00003	-0.00017	-0.00191	-0.00356	-0.00005	-0.00007	0.00035	-0.00003	0.00079	0.00821	0.00216	-0.00001	-0.00014	-0.00028	-0.00005	0.00028	0.00009	-0.00215	-0.00457	-0.00085
179	-0.01254	-0.01346	0.00035	-0.00055	-0.00101	-0.00066	-0.00008	-0.00018	-0.00027	-0.00033	-0.00484	-0.00034	0.00010	-0.00015	-0.00021	-0.00251	-0.00463	-0.00020	-0.00245	0.00003	0.00047	0.00002	-0.00024	-0.00001	-0.00029	-0.00028	0.00022	-0.00007	0.00001	0.00000	-0.00085	0.00441	0.00152	-0.00007	-0.00003	-0.00006	-0.00233	-0.00425	-0.00005	-0.00003	0.00011	0.00007	-0.00005	0.00354	0.00104	-0.00028	-0.00204	-0.00082	-0.00009	0.00016	0.00007	-0.00267	-0.00407	-0.00043
180	-0.01753	-0.01245	-0.00105	-0.00068	-0.00087	-0.00054	-0.00009	-0.00020	-0.00030	-0.00087	-0.00377	-0.00035	0.00017	-0.00021	-0.00019	-0.00465	-0.00111	-0.00022	-0.00362	0.00253	0.00013	0.00002	-0.00023	-0.00001	-0.00045	-0.00037	0.00040	-0.00014	-0.00007	0.00019	-0.00083	0.00152	0.00068	-0.00003	-0.00002	0.00011	-0.00229	-0.00359	-0.00003	0.00001	0.00004	0.00030	-0.00059	-0.00071	-0.00005	-0.00031	-0.00326	-0.00121	-0.00007	0.00005	0.00003	-0.00314	-0.00218	-0.00000
181	-0.02208	-0.00944	-0.00115	-0.00039	-0.00006	0.00006	-0.00009	0.00001	0.00003	-0.00172	-0.00259	-0.00039	0.00014	-0.00014	-0.00003	-0.00678	0.00234	-0.00028	-0.00469	0.00500	-0.00012	0.00001	-0.00020	-0.00001	-0.00079	-0.00040	0.00065	-0.00023	-0.00023	0.00059	-0.00033	-0.00164	-0.00036	0.00006	0.00000	0.00035	-0.00224	-0.00314	-0.00001	-0.00011	0.00018	0.00049	-0.00072	-0.00430	-0.00104	-0.00040	-0.00344	-0.00126	-0.00001	-0.00006	-0.00001	-0.00381	-0.00077	0.00020
182	-0.02313	-0.01279	-0.00131	-0.00024	0.00068	0.00072	-0.00006	0.00034	0.00062	-0.00232	-0.00149	-0.00041	0.00003	0.00001	0.00016	-0.00766	0.00422	-0.00031	-0.00528	0.00615	-0.00033	-0.00002	-0.00013	-0.00001	-0.00101	-0.00072	0.00098	-0.00019	-0.00037	0.00093	0.00033	-0.00510	-0.00150	0.00014	0.00003	0.00049	-0.00190	-0.00313	-0.00002	-0.00023	0.00016	0.00061	-0.00048	-0.00826	-0.00223	-0.00068	-0.00338	-0.00119	0.00004	-0.00017	-0.00005	-0.00361	-0.00163	0.00022
183	-0.02265	-0.01615	-0.00165	-0.00042	0.00080	0.00092	0.00003	0.00044	0.00085	-0.00286	0.00002	-0.00043	0.00005	0.00004	0.00024	-0.00778	0.00540	-0.00033	-0.00563	0.00621	-0.00027	-0.00009	-0.00003	-0.00001	-0.00104	-0.00102	0.00117	-0.00019	-0.00037	0.00092	0.00049	-0.00682	-0.00202	0.00014	0.00003	0.00047	-0.00128	-0.00274	-0.00003	-0.00027	0.00009	0.00084	-0.00049	-0.01077	-0.00292	-0.00078	-0.00390	-0.00133	0.00005	-0.00022	-0.00007	-0.00257	-0.00332	0.00036
184	-0.02268	-0.01364	-0.00064	-0.00062	0.00078	0.00098	0.00004	0.00040	0.00083	-0.00371	0.00204	-0.00053	0.00013	-0.00001	0.00031	-0.00819	0.00673	-0.00037	-0.00596	0.00576	0.00019	-0.00016	0.00009	-0.00002	-0.00094	-0.00122	0.00128	-0.00025	-0.00038	0.00087	0.00051	-0.00619	-0.00183	0.00002	-0.00004	0.00035	-0.00085	-0.00240	-0.00003	-0.00025	0.00008	0.00108	-0.00032	-0.01061	-0.00286	-0.00043	-0.00465	-0.00150	0.00004	-0.00020	-0.00006	-0.00173	-0.00384	0.00067
185	-0.02202	-0.01174	0.00069	-0.00083	0.00084	0.00112	-0.00009	0.00039	0.00086	-0.00461	0.00362	-0.00066	0.00015	-0.00002	0.00038	-0.00875	0.00739	-0.00035	-0.00610	0.00485	0.00081	-0.00022	0.00018	-0.00002	-0.00069	-0.00147	0.00143	-0.00020	-0.00045	0.00102	0.00103	-0.00554	-0.00171	-0.00006	-0.00010	0.00028	-0.00062	-0.00295	-0.00005	-0.00019	0.00003	0.00117	0.00067	-0.01001	-0.00286	-0.00002	-0.00485	-0.00152	0.00004	-0.00018	-0.00006	-0.00154	-0.00346	0.00084
186	-0.02089	-0.01414	0.00062	-0.00096	0.00077	0.00113	-0.00019	0.00035	0.00081	-0.00515	0.00468	-0.00078	0.00012	-0.00001	0.00037	-0.00883	0.00746	-0.00031	-0.00594	0.00367	0.00126	-0.00025	0.00022	-0.00002	-0.00052	-0.00160	0.00151	-0.00016	-0.00048	0.00108	0.00147	-0.00582	-0.00184	-0.00002	-0.00008	0.00034	-0.00046	-0.00376	-0.00007	-0.00024	-0.00005	0.00117	0.00151	-0.01042	-0.00313	0.00020	-0.00496	-0.00160	0.00005	-0.00019	-0.00006	-0.00151	-0.00390	0.00076
187	-0.01960	-0.01788	-0.00007	-0.00093	0.00057	0.00096	-0.00019	0.00029	0.00070	-0.00542	0.00574	-0.00092	0.00010	-0.00001	0.00033	-0.00850	0.00730	-0.00031	-0.00543	0.00209	0.00178	-0.00028	0.00026	-0.00003	-0.00046	-0.00150	0.00139	-0.00020	-0.00043	0.00090	0.00141	-0.00596	-0.00188	-0.00003	-0.00007	0.00028	-0.00016	-0.00427	-0.00008	-0.00036	-0.00016	0.00125	0.00154	-0.01085	-0.00325	0.00045	-0.00525	-0.00169	0.00006	-0.00021	-0.00007	-0.00121	-0.00541	0.00056
188	-0.01750	-0.01963	-0.00035	-0.00090	0.00028	0.00075	-0.00023	0.00023	0.00064	-0.00568	0.00664	-0.00106	0.00007	0.00001	0.00031	-0.00811	0.00684	-0.00024	-0.00444	0.00014	0.00240	-0.00028	0.00030	-0.00003	-0.00026	-0.00130	0.00116	-0.00021	-0.00033	0.00058	0.00132	-0.00563	-0.00177	-0.00020	-0.00019	-0.00007	0.00029	-0.00472	-0.00008	-0.00043	-0.00024	0.00133	0.00154	-0.01019	-0.00306	0.00072	-0.00487	-0.00155	0.00007	-0.00021	-0.00007	-0.00077	-0.00639	0.00043
189	-0.01495	-0.01867	-0.00033	-0.00081	0.00003	0.00052	-0.00025	0.00015	0.00053	-0.00607	0.00711	-0.00113	0.00003	0.00002	0.00026	-0.00775	0.00621	-0.00013	-0.00296	-0.00168	0.00267	-0.00028	0.00030	-0.00003	-0.00001	-0.00116	0.00097	-0.00018	-0.00022	0.00026	0.00135	-0.00517	-0.00163	-0.00031	-0.00027	-0.00037	0.00056	-0.00490	-0.00008	-0.00044	-0.00025	0.00128	0.00165	-0.00874	-0.00264	0.00082	-0.00379	-0.00120	0.00007	-0.00020	-0.00007	-0.00035	-0.00609	0.00046
190	-0.01191	-0.01691	0.00016	-0.00050	0.00002	0.00032	-0.00017	0.00007	0.00030	-0.00637	0.00707	-0.00109	-0.00002	0.00002	0.00016	-0.00717	0.00521	0.00005	-0.00128	-0.00330	0.00278	-0.00028	0.00028	-0.00003	0.00018	-0.00100	0.00082	-0.00015	-0.00014	0.00002	0.00140	-0.00484	-0.00152	-0.00027	-0.00023	-0.00042	0.00073	-0.00434	-0.00006	-0.00042	-0.00032	0.00130	0.00145	-0.00735	-0.00220	0.00073	-0.00257	-0.00064	0.00007	-0.00020	-0.00007	0.00014	-0.00530	0.00045
191	-0.00886	-0.01482	0.00092	-0.00016	0.00011	0.00017	-0.00007	0.00002	0.00008	-0.00627	0.00650	-0.00094	-0.00006	0.00002	0.00007	-0.00648	0.00378	0.00039	0.00019	-0.00433	0.00300	-0.00027	0.00026	-0.00002	0.00040	-0.00063	0.00051	-0.00010	-0.00002	-0.00030	0.00124	-0.00471	-0.00150	-0.00021	-0.00017	-0.00046	0.00105	-0.00343	-0.00003	-0.00036	-0.00035	0.00143	0.00094	-0.00613	-0.00184	0.00068	-0.00113	0.00005	0.00007	-0.00021	-0.00007	0.00055	-0.00440	0.00037
192	-0.00761	-0.01351	0.00121	0.00016	0.00003	-0.00004	0.00005	0.00001	-0.00004	-0.00597	0.00523	-0.00057	-0.00005	0.00002	0.00007	-0.00615	0.00215	0.00092	0.00096	-0.00426	0.00291	-0.00025	0.00022	-0.00002	0.00049	-0.00030	0.00020	-0.00004	0.00013	-0.00066	0.00047	-0.00451	-0.00153	-0.00021	-0.00016	-0.00060	0.00124	-0.00305	-0.00001	-0.00030	-0.00026	0.00139	0.00031	-0.00495	-0.00154	0.00099	0.00014	0.00046	0.00004	-0.00020	-0.00007	0.00066	-0.00375	0.00034
193	-0.00739	-0.01441	0.00106	0.00059	-0.00007	-0.00032	0.00030	0.00003	-0.00020	-0.00497	0.00319	-0.00003	-0.00001	0.00001	0.00007	-0.00561	0.00039	0.00141	0.00080	-0.00351	0.00236	-0.00018	0.00014	-0.00000	0.00042	-0.00024	0.00010	-0.00004	0.00020	-0.00085	-0.00084	-0.00403	-0.00153	-0.00028	-0.00021	-0.00079	0.00149	-0.00310	0.00001	-0.00029	-0.00020	0.00133	-0.00062	-0.00382	-0.00127	0.00112	0.00092	0.00067	-0.00004	-0.00018	-0.00007	0.00078	-0.00392	0.00018
194	-0.00726	-0.01483	0.00100	0.00088	-0.00006	-0.00050	0.00054	0.00003	-0.00040	-0.00294	0.00047	0.00058	0.00005	-0.00000	0.00002	-0.00406	-0.00160	0.00176	0.00025	-0.00245	0.00170	-0.00008	0.00002	0.00002	0.00043	-0.00013	-0.00001	-0.00003	0.00026	-0.00103	-0.00227	-0.00352	-0.00159	-0.00033	-0.00026	-0.00102	0.00177	-0.00266	0.00004	-0.00034	-0.00017	0.00146	-0.00213	-0.00251	-0.00100	0.00044	0.00192	0.00110	-0.00014	-0.00016	-0.00007	0.00069	-0.00400	-0.00007
195	-0.00760	-0.01397	0.00115	0.00095	-0.00001	-0.00055	0.00070	0.00001	-0.00059	-0.00093	-0.00261	0.00142	0.00012	-0.00003	-0.00006	-0.00201	-0.00404	0.00231	-0.00002	-0.00126	0.00110	-0.00000	-0.00010	0.00005	0.00051	0.00020	-0.00028	0.00002	0.00039	-0.00139	-0.00341	-0.00301	-0.00165	-0.00031	-0.00027	-0.00125	0.00160	-0.00196	0.00005	-0.00041	-0.00014	0.00144	-0.00382	-0.00097	-0.00073	-0.00032	0.00320	0.00152	-0.00019	-0.00013	-0.00007	-0.00006	-0.00324	-0.00018
196	-0.00750	-0.01376	0.00013	0.00125	-0.00007	-0.00078	0.00093	-0.00002	-0.00085	0.00049	-0.00482	0.00208	0.00021	-0.00006	-0.00015	-0.00015	-0.00592	0.00274	-0.00009	-0.00038	0.00051	0.00003	-0.00017	0.00007	0.00048	0.00044	-0.00048	0.00002	0.00050	-0.00175	-0.00402	-0.00223	-0.00158	-0.00034	-0.00030	-0.00149	0.00128	-0.00222	0.00001	-0.00051	-0.00011	0.00112	-0.00517	0.00063	-0.00044	-0.00077	0.00390	0.00151	-0.00019	-0.00010	-0.00006	-0.00095	-0.00285	-0.00033
197	-0.00707	-0.01241	-0.00193	0.00170	-0.00035	-0.00124	0.00120	-0.00009	-0.00124	0.00123	-0.00517	0.00207	0.00034	-0.00010	-0.00028	0.00103	-0.00617	0.00258	0.00003	-0.00025	0.00030	0.00003	-0.00016	0.00007	0.00033	0.00049	-0.00053	-0.00003	0.00056	-0.00197	-0.00428	-0.00117	-0.00139	-0.00040	-0.00036	-0.00173	0.00103	-0.00287	-0.00004	-0.00061	-0.00001	0.00087	-0.00613	0.00226	-0.00012	-0.00115	0.00414	0.00138	-0.00018	-0.00005	-0.00004	-0.00120	-0.00312	-0.00062
198	-0.00669	-0.00810	-0.00304	0.00184	-0.00073	-0.00167	0.00137	-0.00020	-0.00165	0.00124	-0.00475	0.00188	0.00047	-0.00013	-0.00046	0.00149	-0.00584	0.00234	0.00053	-0.00059	0.00054	0.00003	-0.00014	0.00006	0.00009	0.00064	-0.00067	-0.00006	0.00063	-0.00216	-0.00449	-0.00004	-0.00119	-0.00038	-0.00037	-0.00183	0.00094	-0.00205	-0.00001	-0.00054	0.00001	0.00085	-0.00666	0.00377	0.00019	-0.00119	0.00448	0.00151	-0.00018	-0.00000	-0.00003	-0.00118	-0.00279	-0.00076
199	-0.00685	-0.00419	-0.00350	0.00184	-0.00107	-0.00201	0.00143	-0.00030	-0.00204	0.00086	-0.00481	0.00196	0.00052	-0.00014	-0.00073	0.00138	-0.00601	0.00244	0.00097	-0.00087	0.00080	0.00002	-0.00015	0.00006	-0.00004	0.00089	-0.00087	-0.00002	0.00070	-0.00236	-0.00464	0.00110	-0.00100	-0.00031	-0.00037	-0.00188	0.00130	-0.00073	0.00010	-0.00036	-0.00006	0.00085	-0.00680	0.00504	0.00045	-0.00105	0.00474	0.00157	-0.00019	0.00005	-0.00003	-0.00176	-0.00220	-0.00081
200	-0.00779	-0.00422	-0.00381	0.00187	-0.00131	-0.00226	0.00131	-0.00038	-0.00239	0.00047	-0.00498	0.00208	0.00042	-0.00009	-0.00108	0.00085	-0.00652	0.00274	0.00075	-0.00158	0.00118	0.00001	-0.00016	0.00007	-0.00002	0.00096	-0.00091	0.00010	0.00067	-0.00231	-0.00452	0.00233	-0.00078	-0.00022	-0.00040	-0.00195	0.00155	-0.00139	0.00009	-0.00034	-0.00008	0.00066	-0.00638	0.00629	0.00069	-0.00097	0.00482	0.00136	-0.00019	0.00010	-0.00002	-0.00249	-0.00249	-0.00097
201	-0.00758	-0.00592	-0.00333	0.00154	-0.00145	-0.00231	0.00092	-0.00038	-0.00260	0.00023	-0.00498	0.00211	0.00018	0.00004	-0.00138	0.00039	-0.00725	0.00314	0.00023	-0.00271	0.00178	-0.00000	-0.00018	0.00008	-0.00004	0.00086	-0.00081	0.00026	0.00055	-0.00207	-0.00398	0.00356	-0.00052	-0.00007	-0.00042	-0.00184	0.00134	-0.00306	-0.00004	-0.00028	-0.00009	0.00022	-0.00527	0.00755	0.00088	-0.00034	0.00488	0.00108	-0.00017	0.00016	-0.00001	-0.00251	-0.00299	-0.00105
202	-0.00634	-0.00519	-0.00268	0.00084	-0.00151	-0.00222	0.00034	-0.00031	-0.00277	0.00001	-0.00507	0.00216	-0.00017	0.00027	-0.00168	-0.00004	-0.00802	0.00355	0.00003	-0.00331	0.00222	-0.00002	-0.00018	0.00009	0.00000	0.00073	-0.00071	0.00049	0.00042	-0.00194	-0.00310	0.00446	-0.00030	0.00011	-0.00042	-0.00159	0.00091	-0.00309	-0.00009	-0.00009	0.00005	-0.00029	-0.00394	0.00833	0.00096	0.00054	0.00481	0.00093	-0.00013	0.00019	-0.00001	-0.00213	-0.00254	-0.00100
203	-0.00517	-0.00301	-0.00282	0.00036	-0.00153	-0.00220	-0.00024	-0.00018	-0.00310	-0.00032	-0.00507	0.00214	-0.00060	0.00060	-0.00215	-0.00052	-0.00862	0.00387	0.00015	-0.00362	0.00246	-0.00002	-0.00018	0.00009	0.00020	0.00071	-0.00070	0.00067	0.00032	-0.00184	-0.00206	0.00491	-0.00014	0.00024	-0.00044	-0.00143	0.00039	-0.00189	-0.00008	-0.00000	0.00033	-0.00058	-0.00264	0.00844	0.00087	0.00099	0.00448	0.00085	-0.00008	0.00021	-0.00000	-0.00168	-0.00146	-0.00087
204	-0.00323	-0.00265	-0.00355	0.00007	-0.00153	-0.00223	-0.00069	-0.00002	-0.00326	-0.00055	-0.00485	0.00203	-0.00096	0.00093	-0.00248	-0.00065	-0.00903	0.00405	0.00023	-0.00427	0.00252	-0.00002	-0.00017	0.00008	0.00035	0.00086	-0.00085	0.00076	0.00024	-0.00167	-0.00090	0.00519	-0.00004	0.00029	-0.00044	-0.00123	-0.00037	-0.00136	-0.00015	0.00007	0.00035	-0.00082	-0.00105	0.00824	0.00064	0.00130	0.00395	0.00055	-0.00003	0.00022	-0.00000	-0.00108	-0.00095	-0.00068
205	-0.00127	-0.00441	-0.00383	-0.00032	-0.00140	-0.00208	-0.00093	0.00015	-0.00293	-0.00073	-0.00467	0.00193	-0.00110	0.00111	-0.00233	-0.00067	-0.00941	0.00420	0.00009	-0.00491	0.00233	-0.00003	-0.00017	0.00008	0.00046	0.00097	-0.00097	0.00079	0.00013	-0.00135	0.00041	0.00531	0.00002	0.00028	-0.00037	-0.00086	-0.00137	-0.00161	-0.00031	0.00026	0.00019	-0.00131	0.00083	0.00788	0.00035	0.00161	0.00333	0.00009	0.00003	0.00023	-0.00001	-0.00087	-0.00115	-0.00070
206	-0.00077	-0.00624	-0.00353	-0.00065	-0.00129	-0.00197	-0.00121	0.00040	-0.00270	-0.00110	-0.00469	0.00189	-0.00116	0.00123	-0.00212	-0.00125	-0.01004	0.00444	-0.00025	-0.00543	0.00233	-0.00004	-0.00017	0.00008	0.00057	0.00093	-0.00093	0.00069	0.00006	-0.00101	0.00169	0.00525	0.00001	0.00025	-0.00030	-0.00053	-0.00201	-0.00149	-0.00040	0.00040	0.00018	-0.00164	0.00252	0.00737	0.00005	0.00172	0.00281	-0.00009	0.00009	0.00022	-0.00001	-0.00102	-0.00128	-0.00093
207	-0.00062	-0.00738	-0.00322	-0.00085	-0.00129	-0.00209	-0.00156	0.00073	-0.00276	-0.00155	-0.00481	0.00185	-0.00126	0.00144	-0.00207	-0.00213	-0.01093	0.00476	-0.00049	-0.00598	0.00266	-0.00005	-0.00018	0.00008	0.00065	0.00095	-0.00093	0.00060	0.00012	-0.00100	0.00264	0.00516	-0.00004	0.00021	-0.00024	-0.00045	-0.00218	-0.00054	-0.00037	0.00050	0.00012	-0.00158	0.00376	0.00687	-0.00026	0.00178	0.00237	-0.00006	0.00013	0.00022	-0.00002	-0.00081	-0.00138	-0.00095
208	-0.00071	-0.00964	-0.00249	-0.00102	-0.00105	-0.00193	-0.00156	0.00086	-0.00242	-0.00222	-0.00491	0.00174	-0.00120	0.00144	-0.00186	-0.00319	-0.01195	0.00503	-0.00058	-0.00664	0.00296	-0.00006	-0.00018	0.00008	0.00078	0.00094	-0.00097	0.00065	0.00014	-0.00110	0.00332	0.00512	-0.00010	0.00019	-0.00021	-0.00040	-0.00247	0.00009	-0.00038	0.00057	0.00002	-0.00148	0.00478	0.00635	-0.00062	0.00187	0.00181	-0.00016	0.00015	0.00021	-0.00002	-0.00071	-0.00167	-0.00086
209	-0.00214	-0.01285	-0.00072	-0.00102	-0.00071	-0.00149	-0.00121	0.00070	-0.00176	-0.00305	-0.00492	0.00152	-0.00095	0.00115	-0.00147	-0.00460	-0.01287	0.00514	-0.00098	-0.00753	0.00338	-0.00007	-0.00018	0.00008	0.00085	0.00083	-0.00091	0.00059	0.00008	-0.00087	0.00376	0.00508	-0.00016	0.00013	-0.00014	-0.00021	-0.00269	-0.00028	-0.00043	0.00053	0.00008	-0.00131	0.00563	0.00587	-0.00096	0.00187	0.00122	-0.00028	0.00016	0.00020	-0.00002	-0.00108	-0.00144	-0.00097
210	-0.00328	-0.01545	0.00168	-0.00096	-0.00049	-0.00117	-0.00093	0.00056	-0.00129	-0.00349	-0.00465	0.00125	-0.00071	0.00087	-0.00110	-0.00577	-0.01354	0.00518	-0.00151	-0.00866	0.00401	-0.00007	-0.00019	0.00008	0.00078	0.00060	-0.00067	0.00036	0.00002	-0.00046	0.00408	0.00489	-0.00024	0.00005	-0.00004	-0.00003	-0.00265	-0.00015	-0.00042	0.00048	0.00008	-0.00091	0.00617	0.00520	-0.00125	0.00175	0.00064	-0.00018	0.00016	0.00018	-0.00003	-0.00100	-0.00078	-0.00109
211	-0.00439	-0.01745	0.00192	-0.00092	-0.00026	-0.00089	-0.00076	0.00055	-0.00096	-0.00384	-0.00399	0.00077	-0.00057	0.00064	-0.00087	-0.00671	-0.01342	0.00479	-0.00177	-0.00952	0.00423	-0.00008	-0.00020	0.00009	0.00071	0.00039	-0.00048	0.00030	-0.00006	-0.00024	0.00426	0.00443	-0.00035	0.00002	-0.00002	0.00006	-0.00271	0.00093	-0.00040	0.00048	0.00003	-0.00076	0.00643	0.00403	-0.00157	0.00151	-0.00024	-0.00033	0.00017	0.00015	-0.00003	-0.00092	-0.00090	-0.00111
212	-0.00709	-0.01623	-0.00128	-0.00085	-0.00009	-0.00064	-0.00057	0.00043	-0.00068	-0.00432	-0.00337	0.00026	-0.00047	0.00029	-0.00074	-0.00746	-0.01173	0.00354	-0.00204	-0.00877	0.00339	-0.00011	-0.00021	0.00008	0.00072	0.00071	-0.00074	0.00041	-0.00009	-0.00028	0.00423	0.00403	-0.00042	0.00002	-0.00001	0.00017	-0.00251	0.00117	-0.00036	0.00035	0.00019	-0.00088	0.00632	0.00312	-0.00175	0.00100	-0.00111	-0.00092	0.00017	0.00013	-0.00004	-0.00198	-0.00093	-0.00126
213	-0.00923	-0.01236	-0.00397	-0.00078	0.00007	-0.00044	-0.00040	0.00018	-0.00050	-0.00453	-0.00370	0.00042	-0.00038	-0.00007	-0.00059	-0.00716	-0.00950	0.00239	-0.00239	-0.00612	0.00175	-0.00016	-0.00022	0.00008	0.00063	0.00113	-0.00105	0.00044	-0.00006	-0.00031	0.00430	0.00354	-0.00057	-0.00001	0.00002	0.00028	-0.00232	0.00051	-0.00034	0.00014	0.00025	-0.00078	0.00586	0.00260	-0.00170	0.00018	-0.00147	-0.00113	0.00019	0.00010	-0.00005	-0.00286	0.00036	-0.00142
214	-0.00958	-0.01180	-0.00345	-0.00065	0.00031	-0.00018	-0.00025	-0.00001	-0.00034	-0.00403	-0.00485	0.00139	-0.00028	-0.00029	-0.00041	-0.00585	-0.00834	0.00231	-0.00276	-0.00324	-0.00004	-0.00018	-0.00024	0.00008	0.00044	0.00086	-0.00079	0.00028	-0.00006	-0.00012	0.00415	0.00257	-0.00076	-0.00003	0.00004	0.00031	-0.00265	0.00038	-0.00039	0.00001	0.00012	-0.00064	0.00492	0.00148	-0.00162	-0.00048	-0.00178	-0.00090	0.00019	0.00006	-0.00006	-0.00240	0.00119	-0.00126
215	-0.00958	-0.01442	-0.00180	-0.00044	0.00035	0.00001	-0.00009	-0.00009	-0.00012	-0.00286	-0.00582	0.00256	-0.00018	-0.00040	-0.00024	-0.00433	-0.00759	0.00257	-0.00290	-0.00109	-0.00158	-0.00014	-0.00027	0.00011	0.00020	0.00037	-0.00032	-0.00006	0.00000	0.00017	0.00316	0.00144	-0.00072	-0.00010	0.00010	0.00033	-0.00287	0.00058	-0.00043	-0.00003	-0.00001	-0.00062	0.00351	-0.00024	-0.00157	-0.00076	-0.00236	-0.00099	0.00014	0.00003	-0.00005	-0.00182	0.00056	-0.00092
216	-0.00875	-0.01567	-0.00074	-0.00027	0.00023	0.00008	0.00005	-0.00014	0.00010	-0.00133	-0.00577	0.00325	-0.00010	-0.00046	-0.00008	-0.00271	-0.00604	0.00245	-0.00243	0.00065	-0.00249	-0.00006	-0.00026	0.00015	-0.00006	0.00035	-0.00017	-0.00036	0.00011	0.00040	0.00175	0.00026	-0.00055	-0.00021	0.00022	0.00050	-0.00244	0.00024	-0.00036	-0.00001	-0.00016	-0.00052	0.00196	-0.00214	-0.00155	-0.00088	-0.00285	-0.00128	0.00007	0.00001	-0.00003	-0.00172	0.00005	-0.00064
217	-0.00631	-0.01476	-0.00035	-0.00010	0.00026	0.00024	0.00018	-0.00015	0.00032	0.00010	-0.00469	0.00325	-0.00002	-0.00057	0.00008	-0.00097	-0.00387	0.00200	-0.00144	0.00214	-0.00288	0.00001	-0.00021	0.00015	-0.00022	0.00056	-0.00024	-0.00045	0.00011	0.00054	0.00017	-0.00115	-0.00041	-0.00022	0.00026	0.00075	-0.00163	-0.00013	-0.00024	0.00004	-0.00024	-0.00053	0.00022	-0.00400	-0.00145	-0.00072	-0.00303	-0.00142	-0.00001	-0.00003	-0.00001	-0.00127	-0.00002	-0.00051
218	-0.00482	-0.01300	-0.00093	0.00010	0.00039	0.00047	0.00030	-0.00012	0.00054	0.00082	-0.00346	0.00280	0.00007	-0.00070	0.00028	0.00030	-0.00182	0.00130	-0.00029	0.00335	-0.00324	0.00005	-0.00015	0.00013	-0.00036	0.00058	-0.00020	-0.00050	0.00004	0.00077	-0.00151	-0.00287	-0.00037	-0.00015	0.00022	0.00093	-0.00115	-0.00002	-0.00017	0.00003	-0.00016	-0.00072	-0.00159	-0.00545	-0.00126	-0.00030	-0.00275	-0.00153	-0.00006	-0.00011	-0.00001	-0.00057	0.00003	-0.00065
219	-0.00609	-0.01069	-0.00178	0.00022	0.00046	0.00059	0.00036	-0.00010	0.00066	0.00105	-0.00259	0.00235	0.00011	-0.00063	0.00037	0.00115	-0.00005	0.00058	0.00067	0.00436	-0.00363	0.00006	-0.00012	0.00011	-0.00057	0.00064	-0.00016	-0.00059	-0.00002	0.00104	-0.00285	-0.00460	-0.00047	-0.00010	0.00019	0.00104	-0.00131	0.00024	-0.00020	0.00000	-0.00017	-0.00067	-0.00332	-0.00663	-0.00105	-0.00025	-0.00220	-0.00147	-0.00011	-0.00019	-0.00002	-0.00063	0.00072	-0.00085
220	-0.00695	-0.00883	-0.00190	0.00022	0.00041	0.00054	0.00034	-0.00010	0.00061	0.00133	-0.00201	0.00214	0.00010	-0.00046	0.00029	0.00225	0.00151	0.00021	0.00180	0.00535	-0.00383	0.00006	-0.00008	0.00009	-0.00070	0.00085	-0.00026	-0.00057	-0.00005	0.00111	-0.00366	-0.00577	-0.00057	0.00000	0.00015	0.00116	-0.00138	0.00080	-0.00022	0.00013	-0.00027	-0.00045	-0.00495	-0.00776	-0.00084	-0.00068	-0.00202	-0.00122	-0.00012	-0.00023	-0.00002	-0.00111	0.00084	-0.00063
221	-0.00479	-0.00955	-0.00156	0.00007	0.00036	0.00041	0.00032	-0.00009	0.00057	0.00148	-0.00148	0.00190	0.00011	-0.00049	0.00032	0.00349	0.00280	0.00009	0.00326	0.00605	-0.00370	0.00005	-0.00005	0.00007	-0.00084	0.00071	-0.00009	-0.00055	-0.00011	0.00120	-0.00398	-0.00617	-0.00059	0.00010	0.00012	0.00127	-0.00091	0.00086	-0.00016	0.00033	-0.00027	-0.00049	-0.00581	-0.00863	-0.00082	-0.00099	-0.00243	-0.00138	-0.00012	-0.00022	-0.00002	-0.00080	-0.00051	-0.00014
222	-0.00094	-0.01039	-0.00060	0.00010	0.00064	0.00068	0.00040	0.00006	0.00092	0.00143	-0.00066	0.00136	0.00017	-0.00057	0.00056	0.00443	0.00427	-0.00037	0.00446	0.00642	-0.00345	0.00005	-0.00003	0.00005	-0.00107	0.00010	0.00046	-0.00060	-0.00027	0.00155	-0.00390	-0.00604	-0.00056	0.00016	0.00012	0.00140	-0.00039	-0.00060	-0.00003	0.00038	-0.00027	-0.00060	-0.00560	-0.00897	-0.00096	-0.00089	-0.00297	-0.00181	-0.00013	-0.00020	-0.00002	0.00008	-0.00144	0.00023
223	0.00338	-0.00781	0.00037	0.00044	0.00113	0.00123	0.00054	0.00029	0.00142	0.00153	0.00040	0.00076	0.00023	-0.00051	0.00077	0.00525	0.00622	-0.00116	0.00536	0.00716	-0.00351	0.00005	0.00001	0.00003	-0.00123	-0.00046	0.00098	-0.00060	-0.00049	0.00199	-0.00347	-0.00609	-0.00063	0.00027	0.00012	0.00159	-0.00010	-0.00124	0.00003	0.00038	-0.00035	-0.00050	-0.00491	-0.00948	-0.00121	-0.00068	-0.00345	-0.00184	-0.00012	-0.00019	-0.00001	0.00045	-0.00086	0.00043
224	0.00649	-0.00498	-0.00028	0.00054	0.00122	0.00129	0.00052	0.00030	0.00140	0.00185	0.00128	0.00043	0.00023	-0.00041	0.00080	0.00620	0.00768	-0.00155	0.00620	0.00790	-0.00366	0.00007	0.00004	0.00002	-0.00133	-0.00074	0.00130	-0.00055	-0.00065	0.00231	-0.00315	-0.00646	-0.00074	0.00040	0.00012	0.00168	0.00014	0.00001	0.00002	0.00049	-0.00027	-0.00052	-0.00463	-0.01074	-0.00155	-0.00088	-0.00438	-0.00192	-0.00011	-0.00020	-0.00002	0.00049	0.00031	0.00042
225	0.00788	-0.00218	-0.00111	0.00027	0.00116	0.00112	0.00040	0.00025	0.00115	0.00251	0.00219	0.00031	0.00021	-0.00031	0.00079	0.00736	0.00862	-0.00153	0.00685	0.00815	-0.00361	0.00010	0.00008	0.00001	-0.00138	-0.00086	0.00147	-0.00044	-0.00074	0.00247	-0.00338	-0.00640	-0.00073	0.00052	0.00014	0.00165	0.00035	0.00112	0.00001	0.00051	-0.00011	-0.00060	-0.00537	-0.01139	-0.00165	-0.00163	-0.00530	-0.00230	-0.00011	-0.00020	-0.00002	0.00111	0.00143	0.00033
226	0.00909	0.00386	-0.00056	0.00012	0.00131	0.00121	0.00034	0.00033	0.00121	0.00324	0.00344	0.00006	0.00020	-0.00024	0.00084	0.00845	0.01013	-0.00184	0.00742	0.00854	-0.00353	0.00013	0.00014	0.00000	-0.00140	-0.00102	0.00164	-0.00022	-0.00083	0.00258	-0.00358	-0.00598	-0.00066	0.00074	0.00020	0.00168	0.00070	0.00195	0.00003	0.00033	-0.00003	-0.00045	-0.00634	-0.01083	-0.00144	-0.00267	-0.00539	-0.00229	-0.00011	-0.00020	-0.00002	0.00174	0.00232	0.00042
227	0.00914	0.00745	0.00009	0.00006	0.00131	0.00121	0.00026	0.00041	0.00125	0.00372	0.00440	-0.00018	0.00018	-0.00018	0.00083	0.00919	0.01125	-0.00207	0.00757	0.00874	-0.00335	0.00016	0.00019	-0.00001	-0.00137	-0.00132	0.00191	0.00001	-0.00090	0.00270	-0.00339	-0.00582	-0.00064	0.00097	0.00031	0.00173	0.00076	0.00233	0.00002	0.00014	0.00013	-0.00038	-0.00670	-0.01040	-0.00130	-0.00375	-0.00524	-0.00209	-0.00011	-0.00020	-0.00002	0.00145	0.00245	0.00047
228	0.00810	0.00593	-0.00004	-0.00012	0.00124	0.00110	0.00008	0.00047	0.00116	0.00425	0.00505	-0.00020	0.00012	-0.00010	0.00074	0.00978	0.01130	-0.00188	0.00714	0.00826	-0.00309	0.00018	0.00022	-0.00001	-0.00106	-0.00153	0.00201	0.00025	-0.00086	0.00258	-0.00322	-0.00571	-0.00063	0.00097	0.00033	0.00153	0.00018	0.00150	-0.00002	-0.00003	0.00016	-0.00034	-0.00690	-0.01065	-0.00130	-0.00460	-0.00562	-0.00216	-0.00011	-0.00020	-0.00002	0.00120	0.00208	0.00049
229	0.00927	0.00559	-0.00084	-0.00028	0.00150	0.00127	-0.00006	0.00057	0.00121	0.00483	0.00608	-0.00037	0.00007	-0.00002	0.00070	0.01034	0.01184	-0.00193	0.00691	0.00815	-0.00318	0.00020	0.00027	-0.00002	-0.00060	-0.00146	0.00180	0.00050	-0.00068	0.00216	-0.00318	-0.00556	-0.00061	0.00079	0.00028	0.00118	0.00035	0.00087	0.00002	-0.00008	-0.00004	-0.00015	-0.00719	-0.01151	-0.00138	-0.00493	-0.00662	-0.00227	-0.00011	-0.00020	-0.00002	0.00171	0.00212	0.00075
230	0.01184	0.00590	-0.00128	-0.00037	0.00178	0.00149	-0.00014	0.00067	0.00133	0.00540	0.00700	-0.00050	0.00004	0.00003	0.00069	0.01094	0.01248	-0.00197	0.00696	0.00835	-0.00349	0.00023	0.00032	-0.00003	-0.00023	-0.00143	0.00169	0.00070	-0.00055	0.00191	-0.00313	-0.00570	-0.00061	0.00078	0.00032	0.00103	0.00149	0.00115	0.00015	-0.00006	-0.00008	-0.00009	-0.00745	-0.01279	-0.00151	-0.00524	-0.00771	-0.00234	-0.00011	-0.00020	-0.00002	0.00201	0.00228	0.00099
231	0.01296	0.00511	-0.00082	-0.00043	0.00174	0.00149	-0.00020	0.00070	0.00137	0.00617	0.00755	-0.00042	0.00003	0.00004	0.00066	0.01157	0.01232	-0.00172	0.00659	0.00780	-0.00352	0.00026	0.00035	-0.00003	-0.00001	-0.00158	0.00183	0.00086	-0.00054	0.00198	-0.00300	-0.00593	-0.00059	0.00094	0.00046	0.00112	0.00183	0.00173	0.00018	-0.00023	0.00004	-0.00014	-0.00743	-0.01355	-0.00160	-0.00572	-0.00806	-0.00238	-0.00011	-0.00021	-0.00002	0.00183	0.00224	0.00097
232	0.01357	0.00694	-0.00042	-0.00040	0.00158	0.00140	-0.00022	0.00067	0.00129	0.00686	0.00848	-0.00048	0.00002	0.00005	0.00061	0.01166	0.01250	-0.00170	0.00556	0.00665	-0.00311	0.00029	0.00038	-0.00003	0.00013	-0.00157	0.00180	0.00090	-0.00047	0.00187	-0.00257	-0.00561	-0.00050	0.00093	0.00047	0.00110	0.00115	0.00237	0.00008	-0.00038	0.00001	-0.00004	-0.00649	-0.01293	-0.00148	-0.00545	-0.00753	-0.00221	-0.00011	-0.00021	-0.00002	0.00170	0.00209	0.00099
233	0.01453	0.00974	-0.00012	-0.00042	0.00158	0.00139	-0.00026	0.00064	0.00122	0.00696	0.00921	-0.00062	-0.00001	0.00007	0.00056	0.01088	0.01268	-0.00176	0.00426	0.00541	-0.00250	0.00030	0.00040	-0.00004	0.00031	-0.00128	0.00146	0.00074	-0.00037	0.00147	-0.00212	-0.00479	-0.00040	0.00070	0.00033	0.00084	0.00100	0.00262	0.00006	-0.00031	-0.00015	0.00016	-0.00498	-0.01149	-0.00119	-0.00421	-0.00680	-0.00183	-0.00011	-0.00019	-0.00002	0.00181	0.00185	0.00106
234	0.01629	0.00924	0.00067	-0.00056	0.00161	0.00143	-0.00034	0.00062	0.00120	0.00664	0.00922	-0.00067	-0.00003	0.00008	0.00053	0.00997	0.01208	-0.00161	0.00338	0.00431	-0.00196	0.00028	0.00040	-0.00004	0.00049	-0.00102	0.00123	0.00062	-0.00038	0.00129	-0.00193	-0.00438	-0.00035	0.00056	0.00019	0.00074	0.00168	0.00224	0.00013	-0.00027	-0.00027	0.00024	-0.00368	-0.01086	-0.00091	-0.00292	-0.00654	-0.00154	-0.00011	-0.00019	-0.00002	0.00252	0.00211	0.00098
235	0.01864	0.00793	0.00100	-0.00066	0.00147	0.00133	-0.00038	0.00053	0.00104	0.00648	0.00936	-0.00068	-0.00003	0.00007	0.00046	0.00950	0.01160	-0.00146	0.00286	0.00321	-0.00152	0.00026	0.00039	-0.00004	0.00057	-0.00077	0.00097	0.00058	-0.00028	0.00107	-0.00166	-0.00461	-0.00025	0.00047	-0.00003	0.00077	0.00229	0.00201	0.00020	-0.00023	-0.00022	0.00009	-0.00251	-0.01084	-0.00057	-0.00206	-0.00632	-0.00139	-0.00011	-0.00022	-0.00002	0.00327	0.00257	0.00099
236	0.01938	0.00894	0.00056	-0.00063	0.00126	0.00112	-0.00034	0.00039	0.00076	0.00628	0.00970	-0.00069	-0.00002	0.00004	0.00035	0.00871	0.01128	-0.00132	0.00203	0.00185	-0.00106	0.00025	0.00040	-0.00004	0.00059	-0.00027	0.00035	0.00031	-0.00002	0.00036	-0.00119	-0.00463	-0.00009	0.00024	-0.00025	0.00057	0.00271	0.00221	0.00024	-0.00008	-0.00008	0.00002	-0.00132	-0.00988	-0.00019	-0.00136	-0.00539	-0.00099	-0.00012	-0.00023	-0.00002	0.00332	0.00257	0.00118
237	0.02038	0.00969	0.00119	-0.00040	0.00097	0.00085	-0.00029	0.00029	0.00057	0.00585	0.00957	-0.00066	-0.00004	0.00004	0.00028	0.00753	0.01038	-0.00114	0.00117	0.00025	-0.00058	0.00023	0.00038	-0.00003	0.00077	0.00007	-0.00003	0.00014	0.00012	-0.00009	-0.00075	-0.00428	0.00004	0.00011	-0.00017	0.00032	0.00304	0.00226	0.00026	0.00005	-0.00003	0.00023	-0.00024	-0.00838	0.00015	-0.00047	-0.00405	-0.00032	-0.00010	-0.00022	-0.00002	0.00378	0.00248	0.00135
238	0.02292	0.00905	0.00238	-0.00017	0.00064	0.00057	-0.00023	0.00021	0.00043	0.00533	0.00923	-0.00060	-0.00008	0.00006	0.00018	0.00670	0.00952	-0.00099	0.00109	-0.00103	-0.00033	0.00020	0.00035	-0.00003	0.00095	0.00001	0.00014	0.00033	0.00012	0.00012	-0.00041	-0.00427	0.00017	0.00016	-0.00002	0.00029	0.00332	0.00250	0.00029	0.00018	-0.00002	0.00032	0.00055	-0.00739	0.00045	0.00040	-0.00291	0.00010	-0.00007	-0.00021	-0.00001	0.00467	0.00225	0.00128
239	0.02421	0.00850	0.00237	-0.00013	0.00062	0.00051	-0.00016	0.00015	0.00029	0.00462	0.00870	-0.00049	-0.00010	0.00006	0.00010	0.00605	0.00896	-0.00089	0.00150	-0.00131	-0.00044	0.00018	0.00031	-0.00003	0.00091	0.00005	0.00020	0.00043	0.00009	0.00031	-0.00016	-0.00468	0.00029	0.00022	-0.00004	0.00039	0.00389	0.00276	0.00033	0.00036	0.00004	0.00006	0.00089	-0.00681	0.00062	0.00096	-0.00205	0.00015	-0.00004	-0.00022	0.00000	0.00480	0.00189	0.00097
240	0.02390	0.00726	0.00233	-0.00001	0.00073	0.00054	-0.00016	0.00015	0.00028	0.00390	0.00737	-0.00042	-0.00009	0.00005	0.00013	0.00533	0.00762	-0.00081	0.00169	-0.00092	-0.00043	0.00016	0.00027	-0.00002	0.00083	0.00028	0.00003	0.00043	0.00008	0.00033	0.00012	-0.00496	0.00041	0.00023	-0.00014	0.00047	0.00409	0.00242	0.00034	0.00041	-0.00002	-0.00020	0.00105	-0.00618	0.00064	0.00145	-0.00127	0.00031	0.00000	-0.00022	0.00002	0.00447	0.00200	0.00072
241	0.02277	0.00629	0.00279	0.00034	0.00056	0.00033	-0.00008	0.00012	0.00017	0.00299	0.00558	-0.00031	-0.00007	0.00004	0.00010	0.00436	0.00562	-0.00071	0.00157	-0.00060	-0.00023	0.00012	0.00022	-0.00001	0.00071	0.00044	-0.00013	0.00044	0.00018	0.00024	0.00067	-0.00483	0.00064	0.00019	-0.00015	0.00040	0.00352	0.00236	0.00030	0.00033	-0.00017	-0.00017	0.00157	-0.00517	0.00083	0.00192	-0.00030	0.00069	0.00005	-0.00021	0.00004	0.00416	0.00260	0.00061
242	0.02218	0.00686	0.00256	0.00065	0.00026	-0.00000	0.00010	0.00001	-0.00009	0.00198	0.00371	-0.00019	-0.00008	0.00002	-0.00005	0.00354	0.00405	-0.00065	0.00139	0.00003	-0.00027	0.00006	0.00017	-0.00000	0.00058	0.00053	-0.00027	0.00027	0.00023	-0.00000	0.00125	-0.00444	0.00091	0.00011	-0.00008	0.00023	0.00347	0.00275	0.00032	0.00032	-0.00015	-0.00002	0.00232	-0.00375	0.00122	0.00214	0.00084	0.00097	0.00007	-0.00019	0.00005	0.00401	0.00287	0.00042
243	0.02282	0.00820	0.00262	0.00079	0.00005	-0.00022	0.00022	-0.00005	-0.00023	0.00138	0.00169	-0.00022	-0.00007	0.00000	-0.00012	0.00316	0.00270	-0.00066	0.00129	0.00085	-0.00030	0.00003	0.00008	-0.00000	0.00060	0.00060	-0.00035	0.00009	0.00016	-0.00013	0.00152	-0.00375	0.00102	0.00005	-0.00011	0.00014	0.00397	0.00294	0.00035	0.00032	0.00007	0.00007	0.00297	-0.00187	0.00157	0.00230	0.00221	0.00133	0.00008	-0.00017	0.00005	0.00411	0.00279	0.00032
244	0.02330	0.01021	0.00382	0.00097	0.00006	-0.00032	0.00035	-0.00007	-0.00033	0.00110	-0.00029	-0.00040	-0.00005	-0.00001	-0.00015	0.00276	0.00075	-0.00072	0.00113	0.00093	-0.00004	0.00002	-0.00002	-0.00001	0.00061	0.00065	-0.00040	0.00007	0.00017	-0.00018	0.00163	-0.00262	0.00105	0.00006	-0.00010	0.00017	0.00393	0.00309	0.00036	0.00020	0.00016	0.00021	0.00359	0.00048	0.00187	0.00265	0.00383	0.00203	0.00009	-0.00013	0.00005	0.00421	0.00333	0.00062
245	0.02274	0.01013	0.00375	0.00120	0.00018	-0.00038	0.00045	-0.00014	-0.00052	0.00098	-0.00235	-0.00065	-0.00008	-0.00001	-0.00022	0.00214	-0.00174	-0.00084	0.00069	0.00068	0.00023	0.00000	-0.00010	-0.00002	0.00038	0.00097	-0.00070	-0.00003	0.00042	-0.00053	0.00176	-0.00149	0.00110	0.00006	0.00002	0.00011	0.00358	0.00298	0.00034	0.00011	0.00004	0.00034	0.00413	0.00236	0.00218	0.00293	0.00504	0.00252	0.00009	-0.00008	0.00005	0.00436	0.00334	0.00073
246	0.02181	0.00688	0.00190	0.00131	-0.00001	-0.00057	0.00042	-0.00021	-0.00064	0.00067	-0.00446	-0.00087	-0.00011	-0.00001	-0.00026	0.00144	-0.00416	-0.00097	0.00027	0.00091	0.00034	-0.00002	-0.00016	-0.00002	0.00017	0.00147	-0.00113	-0.00016	0.00070	-0.00095	0.00197	-0.00070	0.00123	-0.00005	0.00008	-0.00012	0.00338	0.00196	0.00024	0.00015	0.00004	0.00024	0.00466	0.00345	0.00252	0.00316	0.00555	0.00255	0.00009	-0.00004	0.00005	0.00445	0.00249	0.00025
247	0.02158	0.00549	0.00193	0.00133	-0.00022	-0.00074	0.00044	-0.00024	-0.00068	0.00003	-0.00589	-0.00088	-0.00014	-0.00001	-0.00032	0.00090	-0.00601	-0.00106	0.00014	0.00095	0.00029	-0.00005	-0.00019	-0.00001	0.00030	0.00156	-0.00115	-0.00014	0.00057	-0.00080	0.00235	0.00011	0.00146	-0.00014	-0.00002	-0.00027	0.00330	0.00099	0.00016	0.00011	0.00014	0.00009	0.00548	0.00487	0.00299	0.00356	0.00609	0.00266	0.00010	-0.00001	0.00006	0.00401	0.00279	0.00015
248	0.02041	0.00600	0.00406	0.00136	-0.00028	-0.00084	0.00054	-0.00029	-0.00080	-0.00088	-0.00647	-0.00073	-0.00018	-0.00001	-0.00044	-0.00007	-0.00748	-0.00102	-0.00013	0.00004	0.00023	-0.00008	-0.00020	-0.00000	0.00044	0.00121	-0.00086	-0.00013	0.00023	-0.00042	0.00287	0.00121	0.00180	-0.00014	-0.00017	-0.00020	0.00303	0.00166	0.00022	-0.00010	0.00014	0.00011	0.00648	0.00668	0.00355	0.00403	0.00676	0.00290	0.00012	0.00003	0.00007	0.00324	0.00292	0.00049
249	0.01657	0.00572	0.00437	0.00126	-0.00051	-0.00104	0.00053	-0.00039	-0.00100	-0.00173	-0.00654	-0.00055	-0.00017	-0.00006	-0.00054	-0.00161	-0.00883	-0.00082	-0.00081	-0.00137	0.00028	-0.00009	-0.00020	0.00000	0.00036	0.00107	-0.00082	-0.00025	0.00020	-0.00048	0.00328	0.00277	0.00213	-0.00017	-0.00026	-0.00019	0.00210	0.00273	0.00033	-0.00029	0.00008	-0.00004	0.00711	0.00826	0.00398	0.00429	0.00698	0.00288	0.00014	0.00010	0.00009	0.00261	0.00170	0.00017
250	0.01185	0.00714	0.00351	0.00098	-0.00076	-0.00119	0.00041	-0.00046	-0.00110	-0.00215	-0.00620	-0.00043	-0.00012	-0.00009	-0.00055	-0.00273	-0.00962	-0.00064	-0.00143	-0.00270	0.00037	-0.00009	-0.00020	0.00000	0.00039	0.00114	-0.00093	-0.00028	0.00037	-0.00074	0.00328	0.00464	0.00230	-0.00023	-0.00030	-0.00029	0.00105	0.00235	0.00027	-0.00035	0.00008	-0.00035	0.00699	0.01009	0.00420	0.00420	0.00719	0.00283	0.00014	0.00020	0.00010	0.00178	0.00142	-0.00034
251	0.00816	0.01022	0.00451	0.00077	-0.00079	-0.00114	0.00021	-0.00046	-0.00111	-0.00239	-0.00590	-0.00036	-0.00017	-0.00004	-0.00052	-0.00333	-0.00993	-0.00056	-0.00160	-0.00389	0.00063	-0.00009	-0.00021	0.00000	0.00056	0.00117	-0.00097	-0.00017	0.00045	-0.00081	0.00312	0.00621	0.00238	-0.00024	-0.00028	-0.00036	0.00057	0.00172	0.00020	-0.00023	0.00013	-0.00019	0.00635	0.01197	0.00432	0.00390	0.00776	0.00315	0.00014	0.00027	0.00010	0.00078	0.00204	-0.00027
252	0.00494	0.01200	0.00568	0.00050	-0.00074	-0.00105	-0.00005	-0.00045	-0.00113	-0.00254	-0.00584	-0.00033	-0.00030	0.00003	-0.00058	-0.00379	-0.01025	-0.00055	-0.00146	-0.00486	0.00100	-0.00009	-0.00021	0.00000	0.00057	0.00127	-0.00103	-0.00013	0.00049	-0.00085	0.00297	0.00743	0.00249	-0.00023	-0.00020	-0.00046	0.00034	0.00168	0.00020	0.00005	0.00010	0.00018	0.00547	0.01301	0.00428	0.00337	0.00786	0.00346	0.00013	0.00032	0.00011	0.00014	0.00236	-0.00006
253	0.00205	0.01129	0.00470	-0.00002	-0.00085	-0.00108	-0.00030	-0.00048	-0.00122	-0.00236	-0.00571	-0.00034	-0.00038	0.00002	-0.00074	-0.00399	-0.01077	-0.00052	-0.00144	-0.00565	0.00103	-0.00008	-0.00020	-0.00000	0.00059	0.00135	-0.00109	-0.00006	0.00050	-0.00086	0.00271	0.00862	0.00259	-0.00018	-0.00008	-0.00053	0.00017	0.00125	0.00015	0.00030	0.00000	0.00004	0.00445	0.01340	0.00410	0.00266	0.00698	0.00315	0.00011	0.00038	0.00011	-0.00015	0.00252	-0.00010
254	-0.00043	0.00822	0.00274	-0.00041	-0.00115	-0.00126	-0.00044	-0.00048	-0.00123	-0.00227	-0.00541	-0.00033	-0.00036	-0.00003	-0.00082	-0.00441	-0.01133	-0.00048	-0.00167	-0.00640	0.00078	-0.00007	-0.00019	-0.00000	0.00069	0.00131	-0.00108	0.00013	0.00048	-0.00078	0.00247	0.00949	0.00267	-0.00007	0.00005	-0.00046	0.00015	0.00097	0.00011	0.00031	-0.00005	-0.00036	0.00356	0.01337	0.00391	0.00210	0.00552	0.00234	0.00011	0.00042	0.00012	-0.00025	0.00166	-0.00041
255	-0.00404	0.00342	0.00150	-0.00057	-0.00126	-0.00126	-0.00050	-0.00040	-0.00106	-0.00252	-0.00521	-0.00033	-0.00034	0.00001	-0.00070	-0.00513	-0.01177	-0.00049	-0.00189	-0.00696	0.00073	-0.00007	-0.00019	-0.00000	0.00065	0.00124	-0.00103	0.00017	0.00049	-0.00078	0.00223	0.00985	0.00267	-0.00002	0.00010	-0.00040	0.00002	0.00111	0.00013	0.00015	-0.00014	-0.00047	0.00257	0.01265	0.00360	0.00145	0.00373	0.00149	0.00010	0.00044	0.00012	-0.00034	-0.00027	-0.00072
256	-0.00809	-0.00047	0.00118	-0.00067	-0.00103	-0.00103	-0.00059	-0.00025	-0.00085	-0.00280	-0.00503	-0.00033	-0.00036	0.00014	-0.00052	-0.00543	-0.01166	-0.00051	-0.00200	-0.00702	0.00081	-0.00008	-0.00020	-0.00000	0.00058	0.00117	-0.00096	0.00011	0.00047	-0.00076	0.00198	0.01010	0.00267	-0.00003	0.00009	-0.00037	-0.00026	0.00037	0.00005	0.00003	-0.00035	-0.00038	0.00159	0.01158	0.00321	0.00046	0.00170	0.00076	0.00009	0.00044	0.00012	-0.00071	-0.00099	-0.00072
257	-0.01029	0.00125	0.00161	-0.00054	-0.00082	-0.00083	-0.00056	-0.00015	-0.00068	-0.00299	-0.00453	-0.00032	-0.00035	0.00021	-0.00039	-0.00557	-0.01046	-0.00048	-0.00222	-0.00636	0.00073	-0.00009	-0.00021	-0.00000	0.00061	0.00123	-0.00096	0.00017	0.00039	-0.00064	0.00199	0.01047	0.00276	0.00001	0.00009	-0.00031	-0.00041	-0.00003	0.00000	-0.00008	-0.00046	-0.00018	0.00114	0.01106	0.00301	-0.00048	0.00011	0.00046	0.00009	0.00043	0.00012	-0.00101	0.00029	-0.00067
258	-0.01151	0.00697	0.00234	-0.00032	-0.00063	-0.00062	-0.00041	-0.00008	-0.00045	-0.00290	-0.00398	-0.00031	-0.00039	0.00025	-0.00043	-0.00594	-0.00882	-0.00047	-0.00270	-0.00519	0.00054	-0.00009	-0.00019	-0.00000	0.00067	0.00129	-0.00101	0.00027	0.00038	-0.00065	0.00195	0.01059	0.00280	0.00006	0.00012	-0.00029	-0.00034	0.00141	0.00017	-0.00026	-0.00034	0.00010	0.00102	0.01093	0.00298	-0.00106	-0.00059	0.00054	0.00007	0.00041	0.00011	-0.00116	0.00141	-0.00068
259	-0.01276	0.00989	0.00247	-0.00026	-0.00035	-0.00035	-0.00043	0.00012	-0.00019	-0.00278	-0.00374	-0.00030	-0.00049	0.00038	-0.00051	-0.00605	-0.00753	-0.00052	-0.00279	-0.00386	0.00026	-0.00008	-0.00018	-0.00000	0.00069	0.00101	-0.00089	0.00031	0.00035	-0.00063	0.00164	0.01024	0.00273	0.00012	0.00015	-0.00026	-0.00052	0.00231	0.00028	-0.00034	-0.00017	0.00010	0.00098	0.01045	0.00288	-0.00133	-0.00091	0.00026	0.00004	0.00038	0.00011	-0.00146	0.00124	-0.00049
260	-0.01174	0.00902	0.00181	-0.00021	-0.00020	-0.00022	-0.00049	0.00025	-0.00008	-0.00289	-0.00387	-0.00031	-0.00040	0.00035	-0.00036	-0.00554	-0.00665	-0.00054	-0.00205	-0.00253	-0.00004	-0.00009	-0.00018	-0.00000	0.00054	0.00074	-0.00068	0.00035	0.00024	-0.00051	0.00151	0.00941	0.00251	0.00017	0.00016	-0.00021	-0.00098	0.00137	0.00019	-0.00021	-0.00005	-0.00010	0.00124	0.00953	0.00259	-0.00131	-0.00107	-0.00024	0.00003	0.00035	0.00010	-0.00140	0.00116	-0.00027
261	-0.00925	0.00806	0.00115	-0.00008	-0.00023	-0.00028	-0.00030	0.00007	-0.00019	-0.00295	-0.00438	-0.00028	-0.00018	0.00012	-0.00018	-0.00489	-0.00635	-0.00050	-0.00143	-0.00146	-0.00019	-0.00010	-0.00019	-0.00000	0.00034	0.00098	-0.00070	0.00034	0.00029	-0.00052	0.00145	0.00789	0.00208	0.00016	0.00015	-0.00021	-0.00104	0.00150	0.00020	-0.00008	-0.00004	-0.00009	0.00155	0.00810	0.00211	-0.00091	-0.00058	0.00001	0.00001	0.00029	0.00008	-0.00114	0.00190	-0.00019
262	-0.00944	0.00870	0.00105	0.00006	-0.00025	-0.00032	-0.00009	-0.00015	-0.00030	-0.00295	-0.00469	-0.00026	-0.00012	0.00005	-0.00014	-0.00451	-0.00574	-0.00048	-0.00141	-0.00037	-0.00026	-0.00012	-0.00020	-0.00000	0.00021	0.00114	-0.00070	0.00024	0.00036	-0.00054	0.00109	0.00584	0.00155	0.00009	0.00013	-0.00022	-0.00088	0.00298	0.00036	-0.00013	-0.00010	0.00006	0.00141	0.00643	0.00164	-0.00066	0.00041	0.00065	-0.00001	0.00021	0.00007	-0.00167	0.00264	-0.00007
263	-0.01104	0.00950	0.00081	0.00004	-0.00022	-0.00027	-0.00006	-0.00013	-0.00024	-0.00297	-0.00416	-0.00030	-0.00010	0.00001	-0.00014	-0.00399	-0.00377	-0.00055	-0.00124	0.00103	-0.00049	-0.00013	-0.00018	-0.00001	0.00007	0.00071	-0.00041	0.00014	0.00022	-0.00033	0.00075	0.00427	0.00114	0.00007	0.00008	-0.00014	-0.00100	0.00256	0.00032	-0.00026	0.00009	0.00004	0.00085	0.00537	0.00145	-0.00084	0.00093	0.00057	-0.00001	0.00016	0.00005	-0.00236	0.00251	0.00011
264	-0.01045	0.00922	0.00011	-0.00008	-0.00007	-0.00011	-0.00005	-0.00006	-0.00013	-0.00283	-0.00359	-0.00031	-0.00002	-0.00004	-0.00005	-0.00336	-0.00219	-0.00059	-0.00076	0.00203	-0.00077	-0.00014	-0.00015	-0.00001	0.00003	0.00042	-0.00024	0.00012	0.00009	-0.00016	0.00037	0.00323	0.00091	0.00011	0.00007	-0.00007	-0.00091	0.00151	0.00020	-0.00018	0.00031	-0.00011	0.00016	0.00463	0.00136	-0.00066	0.00092	0.00012	0.00001	0.00012	0.00003	-0.00223	0.00199	0.00003
265	-0.00962	0.01053	0.00032	0.00000	0.00030	0.00022	-0.00003	0.00008	0.00005	-0.00260	-0.00342	-0.00027	-0.00002	0.00010	0.00003	-0.00312	-0.00182	-0.00055	-0.00042	0.00245	-0.00081	-0.00013	-0.00015	-0.00001	0.00008	0.00064	-0.00037	0.00016	0.00015	-0.00024	-0.00040	0.00195	0.00073	0.00014	0.00008	-0.00009	-0.00072	0.00254	0.00030	-0.00004	0.00008	-0.00016	-0.00070	0.00343	0.00120	-0.00018	0.00128	0.00036	-0.00001	0.00006	0.00002	-0.00162	0.00278	-0.00008
266	-0.01051	0.01258	0.00145	0.00016	0.00048	0.00041	-0.00003	0.00021	0.00020	-0.00245	-0.00300	-0.00030	-0.00007	0.00022	0.00003	-0.00298	-0.00108	-0.00058	-0.00026	0.00281	-0.00068	-0.00012	-0.00014	-0.00001	0.00003	0.00079	-0.00044	0.00016	0.00026	-0.00038	-0.00113	0.00040	0.00047	0.00011	0.00010	-0.00013	-0.00114	0.00331	0.00041	-0.00007	-0.00016	-0.00004	-0.00151	0.00207	0.00103	-0.00015	0.00207	0.00099	-0.00005	-0.00000	0.00002	-0.00103	0.00424	0.00044
267	-0.01102	0.01099	0.00177	0.00016	0.00041	0.00039	0.00002	0.00020	0.00023	-0.00226	-0.00245	-0.00031	-0.00004	0.00014	0.00003	-0.00259	-0.00008	-0.00063	-0.00014	0.00313	-0.00066	-0.00010	-0.00011	-0.00001	-0.00016	0.00059	-0.00024	0.00008	0.00023	-0.00029	-0.00166	-0.00106	0.00019	0.00008	0.00009	-0.00011	-0.00127	0.00258	0.00034	-0.00011	0.00000	0.00010	-0.00204	0.00080	0.00077	-0.00013	0.00254	0.00113	-0.00006	-0.00005	0.00001	-0.00081	0.00403	0.00083
268	-0.01070	0.00723	0.00162	0.00013	0.00062	0.00060	0.00017	0.00022	0.00039	-0.00186	-0.00202	-0.00026	0.00007	0.00005	0.00010	-0.00216	0.00064	-0.00066	-0.00004	0.00339	-0.00079	-0.00009	-0.00009	-0.00001	-0.00043	0.00035	0.00008	-0.00009	0.00006	0.00003	-0.00257	-0.00232	0.00009	0.00005	0.00003	-0.00002	-0.00055	0.00178	0.00021	0.00004	0.00012	0.00008	-0.00277	-0.00068	0.00050	0.00055	0.00242	0.00085	-0.00009	-0.00009	0.00001	-0.00105	0.00276	0.00041
269	-0.01048	0.00488	0.00165	0.00015	0.00086	0.00086	0.00025	0.00033	0.00061	-0.00148	-0.00136	-0.00026	0.00014	0.00002	0.00020	-0.00187	0.00169	-0.00074	0.00009	0.00374	-0.00091	-0.00007	-0.00007	-0.00001	-0.00063	0.00017	0.00035	-0.00024	-0.00006	0.00031	-0.00323	-0.00368	-0.00010	0.00001	-0.00003	0.00006	-0.00054	0.00104	0.00014	0.00022	0.00005	0.00003	-0.00345	-0.00232	0.00026	0.00133	0.00242	0.00072	-0.00009	-0.00012	0.00000	-0.00108	0.00221	0.00012
270	-0.00995	0.00634	0.00150	0.00023	0.00083	0.00084	0.00025	0.00038	0.00066	-0.00132	-0.00037	-0.00040	0.00013	-0.00002	0.00018	-0.00147	0.00320	-0.00090	0.00054	0.00412	-0.00095	-0.00005	-0.00003	-0.00001	-0.00066	-0.00005	0.00049	-0.00030	-0.00008	0.00037	-0.00307	-0.00469	-0.00042	-0.00001	-0.00006	0.00011	-0.00119	0.00147	0.00023	0.00023	0.00008	0.00009	-0.00367	-0.00325	0.00007	0.00117	0.00282	0.00081	-0.00007	-0.00014	-0.00001	-0.00068	0.00213	0.00035
271	-0.00792	0.00944	0.00120	0.00022	0.00085	0.00082	0.00032	0.00027	0.00054	-0.00093	0.00078	-0.00050	0.00018	-0.00014	0.00015	-0.00060	0.00485	-0.00102	0.00113	0.00460	-0.00098	-0.00002	0.00002	-0.00001	-0.00081	-0.00025	0.00068	-0.00040	-0.00013	0.00048	-0.00277	-0.00454	-0.00045	-0.00003	-0.00010	0.00017	-0.00080	0.00251	0.00029	0.00013	0.00010	0.00007	-0.00358	-0.00341	-0.00003	0.00049	0.00229	0.00048	-0.00006	-0.00013	-0.00001	-0.00039	0.00188	0.00052
272	-0.00511	0.00864	-0.00004	0.00006	0.00071	0.00069	0.00026	0.00015	0.00037	-0.00008	0.00178	-0.00042	0.00022	-0.00020	0.00016	0.00034	0.00627	-0.00107	0.00112	0.00518	-0.00102	0.00000	0.00006	-0.00001	-0.00104	-0.00018	0.00082	-0.00053	-0.00017	0.00064	-0.00230	-0.00408	-0.00043	-0.00006	-0.00014	0.00022	-0.00037	0.00155	0.00017	0.00022	0.00002	-0.00006	-0.00293	-0.00430	-0.00040	0.00021	0.00036	-0.00024	-0.00006	-0.00012	-0.00001	-0.00016	0.00175	0.00054
273	-0.00465	0.00572	-0.00186	-0.00010	0.00041	0.00047	0.00003	0.00014	0.00025	0.00050	0.00254	-0.00038	0.00007	-0.00010	0.00004	0.00071	0.00697	-0.00107	0.00056	0.00544	-0.00106	0.00003	0.00010	-0.00001	-0.00096	0.00007	0.00064	-0.00053	-0.00008	0.00053	-0.00171	-0.00431	-0.00057	-0.00010	-0.00014	0.00019	-0.00122	0.00017	0.00013	0.00028	0.00005	-0.00009	-0.00229	-0.00587	-0.00091	-0.00003	-0.00121	-0.00054	-0.00005	-0.00013	-0.00002	0.00015	0.00166	0.00056
274	-0.00483	0.00493	-0.00218	-0.00027	0.00055	0.00060	0.00003	0.00012	0.00026	0.00072	0.00332	-0.00047	0.00003	-0.00012	-0.00006	0.00091	0.00731	-0.00108	0.00029	0.00523	-0.00103	0.00005	0.00014	-0.00002	-0.00076	-0.00013	0.00064	-0.00044	-0.00011	0.00049	-0.00141	-0.00475	-0.00071	-0.00010	-0.00013	0.00019	-0.00149	0.00044	0.00018	0.00011	0.00013	-0.00002	-0.00217	-0.00668	-0.00112	-0.00058	-0.00156	-0.00055	-0.00004	-0.00016	-0.00002	0.00029	0.00132	0.00056
275	-0.00263	0.00516	-0.00136	-0.00041	0.00087	0.00090	0.00019	0.00009	0.00033	0.00112	0.00426	-0.00055	0.00022	-0.00023	0.00014	0.00157	0.00817	-0.00114	0.00049	0.00507	-0.00104	0.00006	0.00018	-0.00002	-0.00077	-0.00079	0.00109	-0.00037	-0.00038	0.00083	-0.00113	-0.00476	-0.00075	-0.00002	-0.00016	0.00030	-0.00080	0.00037	0.00011	-0.00000	0.00015	0.00001	-0.00209	-0.00685	-0.00115	-0.00102	-0.00203	-0.00094	-0.00003	-0.00017	-0.00003	0.00035	0.00138	0.00056
276	-0.00018	0.00544	-0.00070	-0.00041	0.00083	0.00089	0.00018	0.00016	0.00044	0.00179	0.00517	-0.00055	0.00034	-0.00019	0.00039	0.00266	0.00911	-0.00119	0.00069	0.00502	-0.00097	0.00007	0.00022	-0.00003	-0.00068	-0.00119	0.00133	-0.00025	-0.00060	0.00108	-0.00082	-0.00439	-0.00072	0.00008	-0.00016	0.00040	-0.00089	-0.00057	0.00004	-0.00000	0.00019	0.00006	-0.00202	-0.00704	-0.00123	-0.00142	-0.00295	-0.00124	-0.00002	-0.00016	-0.00003	0.00051	0.00201	0.00061
277	0.00041	0.00525	-0.00035	-0.00040	0.00066	0.00074	0.00006	0.00026	0.00051	0.00239	0.00581	-0.00053	0.00023	-0.00008	0.00033	0.00350	0.00912	-0.00108	0.00054	0.00446	-0.00062	0.00009	0.00025	-0.00003	-0.00040	-0.00110	0.00109	-0.00003	-0.00061	0.00099	-0.00067	-0.00399	-0.00065	0.00016	-0.00013	0.00042	-0.00119	-0.00023	0.00009	-0.00006	0.00017	0.00018	-0.00211	-0.00723	-0.00132	-0.00199	-0.00357	-0.00108	-0.00003	-0.00015	-0.00003	0.00032	0.00161	0.00063
278	-0.00076	0.00243	-0.00065	-0.00044	0.00064	0.00073	-0.00008	0.00030	0.00051	0.00250	0.00624	-0.00056	0.00007	0.00003	0.00018	0.00340	0.00887	-0.00099	0.00017	0.00355	-0.00037	0.00009	0.00028	-0.00003	-0.00031	-0.00103	0.00096	0.00015	-0.00057	0.00085	-0.00054	-0.00389	-0.00064	0.00022	-0.00009	0.00042	-0.00091	0.00031	0.00011	-0.00008	0.00005	0.00024	-0.00216	-0.00770	-0.00141	-0.00239	-0.00416	-0.00119	-0.00003	-0.00015	-0.00002	-0.00042	-0.00025	0.00058
279	-0.00153	-0.00294	-0.00063	-0.00042	0.00077	0.00085	-0.00017	0.00036	0.00057	0.00259	0.00675	-0.00063	-0.00000	0.00013	0.00020	0.00323	0.00910	-0.00102	-0.00016	0.00262	-0.00021	0.00009	0.00029	-0.00004	-0.00039	-0.00144	0.00122	0.00014	-0.00061	0.00090	-0.00042	-0.00396	-0.00065	0.00022	-0.00009	0.00042	-0.00100	-0.00104	0.00002	-0.00003	-0.00007	0.00036	-0.00208	-0.00849	-0.00155	-0.00233	-0.00511	-0.00167	-0.00002	-0.00015	-0.00003	-0.00077	-0.00202	0.00060
280	-0.00195	-0.00832	0.00056	-0.00034	0.00102	0.00102	-0.00015	0.00044	0.00068	0.00267	0.00729	-0.00068	-0.00001	0.00019	0.00027	0.00330	0.00879	-0.00097	-0.00035	0.00128	0.00030	0.00010	0.00031	-0.00004	-0.00030	-0.00166	0.00130	0.00011	-0.00063	0.00092	-0.00052	-0.00404	-0.00067	0.00020	-0.00009	0.00040	-0.00158	-0.00251	-0.00003	-0.00010	-0.00027	0.00070	-0.00211	-0.00957	-0.00173	-0.00209	-0.00602	-0.00166	-0.00002	-0.00016	-0.00003	-0.00076	-0.00267	0.00076
281	-0.00314	-0.01068	0.00143	-0.00028	0.00115	0.00110	-0.00010	0.00051	0.00079	0.00246	0.00745	-0.00069	-0.00001	0.00024	0.00033	0.00306	0.00771	-0.00083	-0.00051	-0.00007	0.00061	0.00009	0.00031	-0.00004	-0.00008	-0.00123	0.00093	0.00023	-0.00049	0.00071	-0.00060	-0.00432	-0.00071	0.00020	-0.00005	0.00036	-0.00190	-0.00284	-0.00002	-0.00033	-0.00044	0.00093	-0.00216	-0.01038	-0.00189	-0.00210	-0.00606	-0.00111	-0.00002	-0.00017	-0.00003	-0.00109	-0.00200	0.00098
282	-0.00169	-0.01025	0.00143	-0.00027	0.00110	0.00105	-0.00010	0.00049	0.00076	0.00273	0.00740	-0.00072	-0.00002	0.00026	0.00034	0.00323	0.00689	-0.00079	-0.00045	-0.00107	0.00055	0.00009	0.00031	-0.00004	0.00004	-0.00124	0.00092	0.00027	-0.00055	0.00077	-0.00030	-0.00425	-0.00068	0.00021	-0.00007	0.00038	-0.00182	-0.00305	-0.00004	-0.00042	-0.00029	0.00072	-0.00160	-0.00966	-0.00176	-0.00215	-0.00522	-0.00100	-0.00002	-0.00017	-0.00003	-0.00109	-0.00113	0.00098
283	0.00146	-0.00982	0.00124	-0.00030	0.00101	0.00095	-0.00008	0.00038	0.00059	0.00270	0.00765	-0.00072	-0.00001	0.00021	0.00029	0.00333	0.00673	-0.00079	0.00010	-0.00203	0.00060	0.00010	0.00031	-0.00004	0.00013	-0.00182	0.00136	0.00024	-0.00087	0.00118	0.00004	-0.00342	-0.00051	0.00020	-0.00015	0.00044	-0.00154	-0.00283	-0.00005	-0.00024	-0.00008	0.00034	-0.00075	-0.00831	-0.00149	-0.00176	-0.00508	-0.00161	-0.00002	-0.00013	-0.00002	-0.00065	-0.00139	0.00071
284	0.00246	-0.00704	0.00067	-0.00038	0.00086	0.00084	-0.00009	0.00030	0.00048	0.00196	0.00777	-0.00062	0.00002	0.00018	0.00028	0.00275	0.00703	-0.00073	0.00067	-0.00214	0.00043	0.00008	0.00030	-0.00003	0.00014	-0.00178	0.00131	0.00036	-0.00074	0.00109	0.00007	-0.00265	-0.00039	0.00025	-0.00006	0.00043	-0.00122	-0.00147	0.00000	-0.00002	-0.00014	0.00010	-0.00054	-0.00759	-0.00133	-0.00121	-0.00543	-0.00176	-0.00001	-0.00010	-0.00002	-0.00036	-0.00137	0.00059
285	0.00169	-0.00143	-0.00016	-0.00042	0.00050	0.00061	-0.00013	0.00023	0.00040	0.00138	0.00733	-0.00050	0.00001	0.00015	0.00023	0.00213	0.00740	-0.00065	0.00081	-0.00121	-0.00010	0.00006	0.00026	-0.00003	0.00005	-0.00125	0.00088	0.00041	-0.00029	0.00058	-0.00009	-0.00287	-0.00046	0.00031	0.00010	0.00041	-0.00102	-0.00002	0.00006	0.00009	-0.00021	0.00004	-0.00085	-0.00715	-0.00128	-0.00094	-0.00459	-0.00109	-0.00000	-0.00012	-0.00002	-0.00011	0.00029	0.00074
286	0.00160	0.00019	-0.00054	-0.00028	0.00029	0.00040	-0.00009	0.00016	0.00029	0.00094	0.00651	-0.00038	0.00001	0.00011	0.00017	0.00164	0.00692	-0.00054	0.00099	-0.00056	-0.00042	0.00004	0.00023	-0.00002	0.00003	-0.00100	0.00073	0.00030	-0.00031	0.00053	-0.00010	-0.00348	-0.00056	0.00026	0.00005	0.00036	-0.00076	0.00078	0.00009	0.00011	-0.00006	0.00003	-0.00075	-0.00697	-0.00126	-0.00068	-0.00352	-0.00063	-0.00000	-0.00014	-0.00002	-0.00006	0.00120	0.00070
287	0.00241	-0.00194	-0.00058	-0.00017	0.00055	0.00052	-0.00005	0.00019	0.00030	0.00079	0.00535	-0.00033	0.00007	0.00009	0.00021	0.00148	0.00570	-0.00050	0.00120	-0.00015	-0.00042	0.00004	0.00021	-0.00002	0.00007	-0.00082	0.00072	0.00027	-0.00052	0.00074	0.00001	-0.00349	-0.00054	0.00020	-0.00004	0.00032	-0.00063	0.00105	0.00009	0.00017	0.00005	-0.00006	-0.00041	-0.00672	-0.00118	-0.00042	-0.00326	-0.00068	-0.00000	-0.00015	-0.00002	-0.00020	0.00004	0.00025
288	0.00196	-0.00114	-0.00049	-0.00017	0.00072	0.00063	-0.00004	0.00022	0.00033	0.00071	0.00397	-0.00028	0.00008	0.00011	0.00024	0.00139	0.00474	-0.00050	0.00101	0.00062	-0.00047	0.00003	0.00017	-0.00001	-0.00007	-0.00059	0.00055	0.00023	-0.00037	0.00057	0.00010	-0.00329	-0.00049	0.00017	0.00002	0.00024	-0.00126	0.00088	0.00012	0.00023	-0.00001	-0.00002	-0.00017	-0.00580	-0.00097	-0.00029	-0.00245	-0.00049	-0.00000	-0.00014	-0.00002	0.00001	0.00008	0.00006
289	0.00198	0.00148	-0.00020	-0.00008	0.00048	0.00043	0.00002	0.00019	0.00026	0.00054	0.00242	-0.00019	0.00003	0.00011	0.00019	0.00129	0.00375	-0.00051	0.00069	0.00141	-0.00061	0.00001	0.00011	-0.00001	-0.00022	-0.00060	0.00044	0.00011	-0.00009	0.00022	0.00016	-0.00336	-0.00049	0.00012	0.00008	0.00014	-0.00162	0.00073	0.00014	0.00019	-0.00008	0.00018	0.00013	-0.00458	-0.00071	-0.00007	-0.00084	0.00004	-0.00000	-0.00015	-0.00003	0.00069	0.00190	0.00031
290	0.00423	0.00135	0.00056	-0.00004	0.00037	0.00035	0.00007	0.00018	0.00023	0.00063	0.00080	-0.00021	0.00001	0.00010	0.00015	0.00152	0.00226	-0.00049	0.00073	0.00179	-0.00048	0.00001	0.00003	-0.00000	-0.00021	-0.00070	0.00048	0.00011	-0.00002	0.00016	0.00008	-0.00338	-0.00051	0.00014	0.00010	0.00015	-0.00067	0.00096	0.00009	0.00003	-0.00007	0.00024	0.00035	-0.00373	-0.00049	0.00020	0.00033	0.00044	0.00000	-0.00015	-0.00002	0.00127	0.00248	0.00050
291	0.00699	-0.00145	0.00219	-0.00005	0.00036	0.00033	0.00009	0.00015	0.00019	0.00099	-0.00041	-0.00034	0.00004	0.00007	0.00013	0.00182	0.00048	-0.00042	0.00082	0.00110	0.00001	0.00003	-0.00004	-0.00001	-0.00012	-0.00072	0.00058	0.00012	-0.00026	0.00039	0.00029	-0.00337	-0.00045	0.00015	0.00001	0.00021	0.00022	0.00156	0.00005	-0.00003	-0.00001	0.00028	0.00094	-0.00306	-0.00019	0.00041	0.00122	0.00077	0.00001	-0.00015	-0.00002	0.00127	0.00163	0.00069
292	0.00872	-0.00642	0.00308	0.00015	0.00027	0.00013	0.00013	0.00007	0.00003	0.00151	-0.00135	-0.00053	0.00006	0.00003	0.00009	0.00198	-0.00126	-0.00049	0.00039	0.00003	0.00040	0.00005	-0.00007	-0.00002	0.00004	-0.00082	0.00066	0.00008	-0.00048	0.00054	0.00076	-0.00356	-0.00036	0.00010	-0.00019	0.00023	0.00007	0.00127	0.00005	0.00012	0.00004	0.00033	0.00180	-0.00231	0.00013	0.00072	0.00207	0.00106	0.00002	-0.00016	-0.00002	0.00074	-0.00001	0.00083
293	0.00901	-0.01003	0.00273	0.00033	0.00035	0.00009	0.00019	0.00007	-0.00001	0.00180	-0.00232	-0.00062	0.00009	0.00002	0.00009	0.00214	-0.00227	-0.00064	-0.00025	0.00000	0.00053	0.00004	-0.00008	-0.00002	0.00018	-0.00099	0.00072	0.00006	-0.00050	0.00051	0.00072	-0.00355	-0.00037	0.00009	-0.00027	0.00024	-0.00026	-0.00044	0.00001	0.00022	-0.00001	0.00028	0.00200	-0.00153	0.00032	0.00112	0.00256	0.00116	0.00001	-0.00017	-0.00003	0.00052	-0.00091	0.00047
294	0.01029	-0.00623	0.00368	0.00037	0.00061	0.00024	0.00030	0.00016	0.00006	0.00148	-0.00289	-0.00051	0.00015	0.00001	0.00010	0.00214	-0.00284	-0.00062	-0.00045	-0.00001	0.00067	0.00001	-0.00009	-0.00001	0.00016	-0.00086	0.00063	0.00004	-0.00046	0.00046	0.00079	-0.00286	-0.00023	0.00007	-0.00025	0.00021	-0.00001	-0.00063	-0.00002	0.00008	-0.00010	0.00035	0.00241	0.00016	0.00081	0.00149	0.00366	0.00149	0.00001	-0.00015	-0.00002	0.00125	0.00032	0.00006
295	0.01227	0.00162	0.00523	0.00051	0.00080	0.00028	0.00045	0.00021	0.00005	0.00100	-0.00315	-0.00038	0.00021	-0.00002	0.00010	0.00181	-0.00368	-0.00049	-0.00026	-0.00059	0.00067	0.00000	-0.00010	-0.00000	0.00007	-0.00038	0.00030	0.00001	-0.00030	0.00030	0.00121	-0.00193	0.00007	0.00009	-0.00017	0.00020	0.00067	0.00187	0.00002	-0.00007	-0.00005	0.00046	0.00321	0.00264	0.00146	0.00169	0.00541	0.00212	0.00002	-0.00013	-0.00002	0.00167	0.00120	0.00007
296	0.01148	0.00573	0.00527	0.00049	0.00083	0.00029	0.00043	0.00016	-0.00002	0.00088	-0.00352	-0.00037	0.00016	-0.00003	0.00006	0.00158	-0.00412	-0.00051	0.00003	-0.00042	0.00035	0.00002	-0.00011	-0.00001	0.00011	-0.00023	0.00016	-0.00001	-0.00019	0.00016	0.00108	-0.00135	0.00013	0.00009	-0.00019	0.00021	0.00093	0.00321	0.00005	-0.00004	0.00013	0.00040	0.00297	0.00409	0.00161	0.00142	0.00618	0.00237	0.00003	-0.00012	-0.00001	0.00132	0.00141	0.00042
297	0.00881	0.00509	0.00623	0.00026	0.00070	0.00031	0.00034	0.00004	-0.00016	0.00081	-0.00350	-0.00037	0.00009	-0.00004	-0.00002	0.00110	-0.00431	-0.00047	-0.00002	-0.00079	0.00058	0.00002	-0.00011	-0.00001	0.00020	-0.00047	0.00034	-0.00019	-0.00054	0.00026	0.00097	-0.00065	0.00023	-0.00008	-0.00057	0.00001	0.00077	0.00144	-0.00001	-0.00006	0.00015	0.00048	0.00243	0.00492	0.00168	0.00090	0.00617	0.00229	0.00003	-0.00010	-0.00001	0.00123	0.00275	0.00109
298	0.00558	0.00540	0.00887	0.00017	0.00056	0.00027	0.00033	-0.00001	-0.00023	0.00051	-0.00309	-0.00029	0.00015	-0.00007	-0.00003	0.00024	-0.00511	-0.00024	-0.00048	-0.00258	0.00141	0.00002	-0.00011	-0.00001	0.00024	-0.00043	0.00037	-0.00035	-0.00081	0.00033	0.00117	0.00050	0.00052	-0.00022	-0.00090	-0.00015	0.00085	0.00040	-0.00006	-0.00030	-0.00002	0.00077	0.00218	0.00656	0.00207	0.00043	0.00678	0.00270	0.00005	-0.00006	0.00000	0.00059	0.00379	0.00142
299	0.00209	0.00971	0.01040	0.00005	0.00057	0.00041	0.00029	0.00006	-0.00005	0.00030	-0.00317	-0.00024	0.00018	-0.00004	0.00006	-0.00012	-0.00586	-0.00013	-0.00065	-0.00348	0.00156	0.00001	-0.00011	-0.00001	0.00032	-0.00024	0.00022	-0.00026	-0.00059	0.00019	0.00116	0.00171	0.00076	-0.00019	-0.00072	-0.00017	0.00069	0.00201	0.00003	-0.00039	-0.00001	0.00091	0.00153	0.00823	0.00237	-0.00025	0.00771	0.00341	0.00004	0.00002	0.00002	-0.00063	0.00360	0.00106
300	-0.00057	0.01252	0.01009	-0.00024	0.00054	0.00058	0.00017	0.00008	0.00007	0.00026	-0.00357	-0.00024	0.00003	0.00003	0.00006	0.00005	-0.00622	-0.00020	-0.00021	-0.00336	0.00128	0.00001	-0.00012	-0.00001	0.00033	-0.00004	0.00001	-0.00028	-0.00032	-0.00014	0.00107	0.00292	0.00099	-0.00019	-0.00055	-0.00025	0.00012	0.00254	0.00011	-0.00012	0.00012	0.00091	0.00052	0.00890	0.00239	-0.00124	0.00793	0.00371	0.00004	0.00012	0.00004	-0.00089	0.00352	0.00079
301	-0.00225	0.00990	0.00857	-0.00055	0.00006	0.00041	-0.00005	-0.00006	-0.00004	0.00034	-0.00351	-0.00024	-0.00005	0.00002	-0.00001	0.00049	-0.00649	-0.00024	0.00042	-0.00376	0.00127	0.00001	-0.00013	-0.00001	0.00017	0.00032	-0.00026	-0.00041	-0.00015	-0.00049	0.00062	0.00385	0.00107	-0.00022	-0.00070	-0.00020	0.00011	0.00090	0.00003	0.00011	0.00006	0.00080	-0.00081	0.00850	0.00214	-0.00201	0.00722	0.00349	0.00003	0.00019	0.00005	-0.00045	0.00358	0.00080
302	-0.00303	0.00641	0.00798	-0.00087	-0.00039	0.00036	-0.00029	-0.00008	0.00008	0.00028	-0.00310	-0.00020	-0.00001	0.00004	0.00009	0.00083	-0.00661	-0.00022	0.00069	-0.00453	0.00117	0.00000	-0.00013	-0.00000	0.00013	0.00045	-0.00028	-0.00032	-0.00013	-0.00037	0.00007	0.00439	0.00104	-0.00019	-0.00073	-0.00010	0.00023	0.00013	-0.00002	0.00007	0.00003	0.00054	-0.00149	0.00828	0.00201	-0.00196	0.00634	0.00318	0.00001	0.00022	0.00005	-0.00023	0.00224	0.00065
303	-0.00391	0.00734	0.00928	-0.00094	-0.00012	0.00066	-0.00030	0.00008	0.00037	0.00007	-0.00269	-0.00015	-0.00008	0.00011	0.00017	0.00064	-0.00646	-0.00019	0.00068	-0.00508	0.00117	-0.00000	-0.00011	-0.00000	0.00017	0.00021	-0.00010	-0.00024	-0.00021	-0.00015	-0.00005	0.00530	0.00121	-0.00016	-0.00057	-0.00021	-0.00007	0.00087	0.00005	0.00002	0.00013	0.00052	-0.00147	0.00926	0.00224	-0.00178	0.00609	0.00319	0.00001	0.00024	0.00006	-0.00042	0.00030	0.00046
304	-0.00492	0.00755	0.00920	-0.00067	0.00018	0.00060	-0.00020	0.00000	0.00017	0.00012	-0.00269	-0.00017	-0.00021	0.00008	-0.00001	0.00048	-0.00679	-0.00023	0.00091	-0.00535	0.00142	0.00001	-0.00009	-0.00000	0.00011	0.00009	-0.00009	-0.00029	-0.00015	-0.00032	-0.00011	0.00637	0.00145	-0.00017	-0.00050	-0.00039	-0.00013	0.00077	0.00005	0.00011	0.00008	0.00065	-0.00201	0.00988	0.00238	-0.00237	0.00563	0.00320	0.00000	0.00029	0.00006	-0.00051	-0.00025	0.00043
305	-0.00491	0.00357	0.00817	-0.00048	-0.00015	0.00014	-0.00037	-0.00029	-0.00027	0.00029	-0.00312	-0.00023	-0.00028	0.00007	-0.00004	0.00054	-0.00775	-0.00029	0.00110	-0.00580	0.00162	0.00002	-0.00010	-0.00001	0.00001	0.00006	-0.00011	-0.00030	-0.00008	-0.00042	-0.00012	0.00703	0.00159	-0.00017	-0.00049	-0.00037	-0.00009	-0.00098	-0.00003	0.00012	-0.00009	0.00070	-0.00245	0.00994	0.00242	-0.00281	0.00488	0.00294	-0.00001	0.00032	0.00007	0.00009	0.00011	0.00046
306	-0.00491	0.00679	0.00961	-0.00047	-0.00029	0.00004	-0.00057	-0.00028	-0.00021	0.00024	-0.00319	-0.00022	-0.00032	0.00023	0.00024	0.00059	-0.00787	-0.00026	0.00108	-0.00607	0.00170	0.00002	-0.00011	-0.00001	0.00000	0.00008	-0.00011	-0.00024	-0.00005	-0.00036	-0.00045	0.00792	0.00177	-0.00012	-0.00038	-0.00034	0.00003	-0.00095	-0.00004	-0.00012	-0.00012	0.00100	-0.00249	0.01110	0.00267	-0.00267	0.00504	0.00302	-0.00003	0.00036	0.00008	0.00061	0.00136	0.00065
307	-0.00561	0.01460	0.01063	-0.00045	0.00002	0.00032	-0.00044	-0.00001	0.00015	0.00014	-0.00278	-0.00018	-0.00028	0.00015	0.00011	0.00064	-0.00685	-0.00020	0.00101	-0.00550	0.00153	0.00001	-0.00011	-0.00001	0.00009	0.00039	-0.00029	-0.00021	0.00007	-0.00055	-0.00137	0.00884	0.00196	-0.00009	-0.00030	-0.00046	0.00052	0.00140	0.00001	-0.00032	-0.00008	0.00123	-0.00275	0.01197	0.00283	-0.00254	0.00498	0.00327	-0.00008	0.00041	0.00009	0.00051	0.00203	0.00081
308	-0.00547	0.00907	0.00784	-0.00044	0.00003	0.00038	-0.00023	0.00012	0.00029	0.00027	-0.00211	-0.00015	-0.00027	0.00001	-0.00015	0.00065	-0.00563	-0.00020	0.00080	-0.00472	0.00109	0.00001	-0.00009	-0.00001	0.00015	0.00045	-0.00037	-0.00019	0.00019	-0.00080	-0.00201	0.00839	0.00189	-0.00010	-0.00034	-0.00057	0.00047	0.00065	-0.00002	-0.00013	-0.00009	0.00083	-0.00287	0.01018	0.00249	-0.00207	0.00290	0.00263	-0.00012	0.00037	0.00008	0.00060	-0.00124	0.00043
309	-0.00332	-0.00270	0.00507	-0.00039	-0.00009	0.00024	-0.00018	0.00009	0.00022	0.00040	-0.00164	-0.00013	-0.00030	0.00012	0.00001	0.00084	-0.00466	-0.00017	0.00107	-0.00395	0.00091	0.00001	-0.00007	-0.00000	0.00016	0.00003	-0.00012	-0.00012	0.00017	-0.00068	-0.00208	0.00681	0.00157	-0.00009	-0.00031	-0.00051	0.00016	-0.00246	-0.00013	0.00020	-0.00003	0.00042	-0.00279	0.00714	0.00193	-0.00121	0.00040	0.00146	-0.00011	0.00028	0.00006	0.00111	-0.00453	-0.00003
310	-0.00087	-0.00498	0.00520	-0.00022	0.00012	0.00018	-0.00022	-0.00001	0.00007	0.00026	-0.00210	-0.00015	-0.00018	0.00005	-0.00001	0.00109	-0.00465	-0.00011	0.00158	-0.00330	0.00119	0.00001	-0.00007	-0.00000	0.00018	-0.00024	0.00010	-0.00007	0.00004	-0.00027	-0.00198	0.00580	0.00135	-0.00006	-0.00018	-0.00027	0.00068	-0.00306	-0.00021	0.00019	0.00000	0.00065	-0.00256	0.00560	0.00157	-0.00080	-0.00042	0.00090	-0.00009	0.00022	0.00005	0.00134	-0.00278	0.00016
311	-0.00068	-0.00541	0.00560	-0.00008	0.00022	0.00017	-0.00016	0.00001	0.00007	0.00020	-0.00258	-0.00017	-0.00011	-0.00003	-0.00010	0.00094	-0.00529	-0.00017	0.00122	-0.00346	0.00122	0.00002	-0.00009	-0.00001	0.00019	-0.00047	0.00026	-0.00009	-0.00007	-0.00004	-0.00199	0.00565	0.00132	-0.00006	-0.00014	-0.00017	0.00100	-0.00272	-0.00023	0.00002	-0.00015	0.00094	-0.00233	0.00492	0.00136	-0.00059	-0.00085	0.00074	-0.00009	0.00023	0.00005	0.00123	-0.00060	0.00036
312	-0.00208	-0.00870	0.00528	-0.00014	0.00015	0.00026	-0.00005	0.00020	0.00030	0.00035	-0.00250	-0.00017	-0.00028	0.00008	-0.00004	0.00073	-0.00592	-0.00026	0.00062	-0.00422	0.00098	0.00002	-0.00008	-0.00001	0.00021	-0.00066	0.00033	-0.00005	-0.00002	-0.00010	-0.00238	0.00557	0.00138	-0.00002	-0.00012	-0.00024	0.00046	-0.00207	-0.00015	-0.00005	-0.00034	0.00087	-0.00243	0.00438	0.00127	-0.00007	-0.00133	0.00057	-0.00011	0.00024	0.00006	0.00111	-0.00205	0.00024
313	-0.00258	-0.00854	0.00466	-0.00012	0.00004	0.00009	-0.00009	0.00005	0.00009	0.00042	-0.00276	-0.00019	-0.00030	0.00001	-0.00010	0.00117	-0.00657	-0.00025	0.00075	-0.00473	0.00102	0.00001	-0.00010	-0.00001	0.00025	-0.00030	0.00012	0.00006	0.00007	-0.00016	-0.00289	0.00549	0.00149	0.00006	-0.00002	-0.00024	0.00019	-0.00104	-0.00007	-0.00018	-0.00037	0.00077	-0.00256	0.00499	0.00136	0.00022	-0.00090	0.00043	-0.00014	0.00023	0.00007	0.00057	-0.00263	0.00023
314	-0.00237	-0.00566	0.00356	0.00009	-0.00031	-0.00047	-0.00028	-0.00050	-0.00057	0.00050	-0.00282	-0.00018	-0.00009	0.00007	0.00009	0.00173	-0.00583	-0.00015	0.00107	-0.00390	0.00099	0.00000	-0.00010	-0.00001	0.00032	-0.00006	0.00004	0.00011	0.00007	-0.00010	-0.00326	0.00525	0.00157	0.00008	0.00003	-0.00018	0.00035	-0.00204	-0.00014	-0.00027	-0.00021	0.00070	-0.00267	0.00523	0.00142	0.00018	-0.00084	0.00014	-0.00016	0.00020	0.00007	-0.00006	0.00009	0.00032
315	-0.00209	-0.00048	0.00424	0.00011	-0.00009	-0.00032	-0.00029	-0.00035	-0.00040	0.00078	-0.00204	-0.00011	0.00002	0.00015	0.00021	0.00169	-0.00369	-0.00002	0.00106	-0.00202	0.00067	0.00002	-0.00007	-0.00000	0.00045	-0.00038	0.00026	0.00012	0.00004	-0.00008	-0.00345	0.00488	0.00160	0.00004	-0.00001	-0.00018	0.00029	-0.00141	-0.00010	-0.00014	-0.00010	0.00069	-0.00280	0.00457	0.00134	0.00014	-0.00128	0.00002	-0.00017	0.00017	0.00007	0.00006	0.00117	0.00059
316	-0.00129	0.00220	0.00587	-0.00014	0.00073	0.00054	0.00002	0.00037	0.00039	0.00098	-0.00170	-0.00008	-0.00009	-0.00005	-0.00013	0.00149	-0.00298	-0.00002	0.00091	-0.00120	0.00059	0.00003	-0.00006	-0.00000	0.00045	-0.00050	0.00033	0.00010	0.00003	-0.00006	-0.00313	0.00422	0.00145	0.00002	-0.00003	-0.00015	0.00023	0.00146	0.00007	0.00006	-0.00012	0.00070	-0.00256	0.00395	0.00122	0.00001	-0.00094	0.00023	-0.00016	0.00014	0.00007	0.00049	-0.00112	0.00075
317	-0.00107	-0.00457	0.00519	-0.00021	0.00076	0.00063	0.00019	0.00044	0.00044	0.00094	-0.00223	-0.00012	-0.00016	-0.00005	-0.00019	0.00149	-0.00395	-0.00014	0.00068	-0.00166	0.00062	0.00003	-0.00008	-0.00000	0.00023	-0.00053	0.00032	0.00006	-0.00004	0.00010	-0.00258	0.00241	0.00113	0.00002	0.00001	-0.00003	0.00031	0.00020	-0.00001	0.00008	-0.00012	0.00056	-0.00232	0.00230	0.00106	-0.00013	-0.00038	0.00035	-0.00013	0.00007	0.00006	0.00042	-0.00171	0.00042
318	-0.00079	-0.00964	0.00492	-0.00008	0.00040	0.00024	0.00020	0.00014	0.00007	0.00107	-0.00229	-0.00011	0.00014	0.00003	0.00007	0.00169	-0.00387	-0.00011	0.00047	-0.00164	0.00046	0.00003	-0.00008	-0.00001	0.00010	-0.00094	0.00056	0.00002	-0.00017	0.00037	-0.00214	0.00032	0.00085	-0.00001	0.00001	0.00010	0.00030	-0.00258	-0.00017	-0.00007	-0.00018	0.00047	-0.00226	0.00022	0.00086	-0.00026	-0.00006	0.00052	-0.00009	-0.00001	0.00004	0.00010	0.00106	0.00069
319	-0.00012	-0.00566	0.00750	-0.00022	0.00077	0.00066	0.00031	0.00042	0.00040	0.00121	-0.00196	-0.00007	0.00025	0.00020	0.00033	0.00181	-0.00261	0.00007	0.00048	-0.00049	0.00044	0.00003	-0.00008	-0.00001	0.00021	-0.00117	0.00078	0.00004	-0.00024	0.00052	-0.00153	-0.00095	0.00057	-0.00006	-0.00004	0.00013	0.00020	-0.00108	-0.00007	-0.00009	-0.00035	0.00056	-0.00196	-0.00089	0.00061	-0.00073	0.00033	0.00096	-0.00005	-0.00005	0.00002	-0.00003	0.00253	0.00159
320	-0.00006	-0.00567	0.00794	-0.00057	0.00123	0.00135	0.00032	0.00085	0.00100	0.00094	-0.00220	-0.00012	0.00018	0.00028	0.00038	0.00130	-0.00212	0.00002	0.00026	0.00049	0.00049	0.00002	-0.00009	-0.00001	0.00034	-0.00093	0.00069	0.00008	-0.00019	0.00044	-0.00043	-0.00189	0.00015	-0.00007	-0.00008	0.00008	-0.00001	0.00034	0.00002	0.00001	-0.00039	0.00065	-0.00108	-0.00181	0.00026	-0.00128	0.00060	0.00131	-0.00001	-0.00008	0.00001	-0.00005	0.00032	0.00122
321	0.00227	-0.01124	0.00548	-0.00062	0.00092	0.00115	0.00014	0.00063	0.00079	0.00103	-0.00211	-0.00009	0.00032	0.00008	0.00019	0.00102	-0.00212	-0.00005	-0.00028	-0.00011	0.00038	0.00003	-0.00007	-0.00000	0.00033	-0.00093	0.00067	0.00008	-0.00021	0.00051	0.00077	-0.00216	-0.00030	0.00000	0.00007	0.00021	0.00013	-0.00212	-0.00013	-0.00004	-0.00021	0.00073	0.00032	-0.00189	-0.00016	-0.00126	0.00075	0.00133	0.00002	-0.00008	-0.00000	0.00027	-0.00170	0.00026
322	-0.00080	-0.02280	0.00351	-0.00068	0.00014	0.00062	-0.00005	0.00014	0.00028	0.00082	-0.00213	-0.00013	0.00060	0.00005	0.00029	0.00013	-0.00303	-0.00028	-0.00109	-0.00129	0.00029	0.00002	-0.00008	-0.00001	0.00033	-0.00100	0.00070	0.00013	-0.00023	0.00065	0.00111	-0.00271	-0.00045	0.00001	0.00020	0.00049	-0.00017	-0.00370	-0.00021	-0.00011	-0.00008	0.00065	0.00058	-0.00369	-0.00036	-0.00128	-0.00055	0.00106	0.00003	-0.00009	-0.00001	-0.00118	-0.00474	-0.00008
323	-0.00459	-0.02043	0.00306	-0.00077	-0.00016	0.00054	-0.00016	0.00000	0.00018	0.00045	-0.00175	-0.00014	0.00039	0.00007	0.00028	-0.00042	-0.00217	-0.00028	-0.00133	-0.00040	0.00020	0.00000	-0.00008	-0.00001	0.00027	-0.00094	0.00068	0.00009	-0.00025	0.00062	0.00079	-0.00284	-0.00036	-0.00011	-0.00002	0.00039	-0.00041	-0.00106	-0.00004	-0.00010	-0.00008	0.00034	0.00007	-0.00486	-0.00031	-0.00114	-0.00155	0.00064	0.00002	-0.00009	-0.00001	-0.00223	-0.00425	0.00032
324	0.01013	0.01907	0.00781	-0.00060	0.00032	0.00066	-0.00014	-0.00009	0.00005	0.00240	0.00083	0.00054	-0.00011	-0.00011	-0.00023	0.00300	0.00335	0.00090	-0.00026	0.00195	-0.00007	0.00007	0.00001	0.00001	0.00012	-0.00183	0.00127	0.00005	-0.00060	0.00120	0.00076	0.00005	-0.00025	-0.00009	0.00000	0.00034	0.00132	0.00257	0.00008	-0.00017	0.00004	0.00043	0.00115	0.00177	-0.00020	0.00014	0.00196	0.00054	0.00004	0.00003	-0.00001	0.00245	0.00881	0.00255
325	-0.00793	-0.02655	0.00235	-0.00091	0.00014	0.00085	-0.00004	0.00014	0.00030	-0.00041	-0.00194	-0.00033	0.00018	-0.00008	-0.00009	-0.00306	-0.00109	-0.00054	-0.00320	0.00090	0.00008	-0.00001	-0.00013	-0.00001	0.00027	-0.00136	0.00090	0.00021	-0.00041	0.00130	0.00136	-0.00395	-0.00061	-0.00012	0.00022	0.00096	-0.00045	-0.00112	-0.00004	0.00007	-0.00016	0.00075	0.00142	-0.00884	-0.00113	-0.00033	-0.00448	-0.00002	0.00004	-0.00014	-0.00001	-0.00292	-0.00425	0.00000
326	-0.01037	-0.03416	0.00034	-0.00084	0.00004	0.00069	-0.00001	0.00015	0.00024	-0.00088	-0.00259	-0.00046	0.00032	-0.00001	0.00008	-0.00365	-0.00316	-0.00091	-0.00288	-0.00056	0.00001	-0.00003	-0.00014	-0.00001	0.00032	-0.00071	0.00045	0.00025	-0.00017	0.00092	0.00097	-0.00417	-0.00047	-0.00006	0.00037	0.00086	-0.00107	-0.00181	-0.00005	0.00017	-0.00016	0.00068	0.00088	-0.00919	-0.00092	-0.00041	-0.00458	-0.00005	0.00002	-0.00016	-0.00000	-0.00347	-0.00731	-0.00071
327	-0.03081	-0.10343	-0.00785	-0.00026	-0.00092	-0.00006	0.00008	0.00038	0.00042	-0.00194	-0.00905	-0.00166	-0.00004	0.00039	0.00081	-0.00500	-0.01470	-0.00216	-0.00288	-0.00339	0.00129	-0.00004	-0.00041	-0.00004	0.00061	0.00090	-0.00051	0.00024	0.00036	0.00009	-0.00048	-0.00776	-0.00029	0.00002	0.00053	0.00074	-0.00305	-0.00666	-0.00023	0.00031	-0.00043	0.00006	-0.00376	-0.02025	-0.00069	-0.00325	-0.01204	-0.00016	-0.00005	-0.00031	0.00002	-0.01133	-0.03006	-0.00549
328																																																						