	D:\visual3d_file\Theia data practical\sidestep\files\pp2 sidestep 003 pose_filt_0.c3d	D:\visual3d_file\Theia data practical\sidestep\files\pp2 sidestep 003 pose_filt_0.c3d	D:\visual3d_file\Theia data practical\sidestep\files\pp2 sidestep 003 pose_filt_0.c3d	D:\visual3d_file\Theia data practical\sidestep\files\pp2 sidestep 003 pose_filt_0.c3d	D:\visual3d_file\Theia data practical\sidestep\files\pp2 sidestep 003 pose_filt_0.c3d	D:\visual3d_file\Theia data practical\sidestep\files\pp2 sidestep 003 pose_filt_0.c3d	D:\visual3d_file\Theia data practical\sidestep\files\pp2 sidestep 003 pose_filt_0.c3d	D:\visual3d_file\Theia data practical\sidestep\files\pp2 sidestep 003 pose_filt_0.c3d	D:\visual3d_file\Theia data practical\sidestep\files\pp2 sidestep 003 pose_filt_0.c3d	D:\visual3d_file\Theia data practical\sidestep\files\pp2 sidestep 003 pose_filt_0.c3d	D:\visual3d_file\Theia data practical\sidestep\files\pp2 sidestep 003 pose_filt_0.c3d	D:\visual3d_file\Theia data practical\sidestep\files\pp2 sidestep 003 pose_filt_0.c3d	D:\visual3d_file\Theia data practical\sidestep\files\pp2 sidestep 003 pose_filt_0.c3d	D:\visual3d_file\Theia data practical\sidestep\files\pp2 sidestep 003 pose_filt_0.c3d	D:\visual3d_file\Theia data practical\sidestep\files\pp2 sidestep 003 pose_filt_0.c3d	D:\visual3d_file\Theia data practical\sidestep\files\pp2 sidestep 003 pose_filt_0.c3d	D:\visual3d_file\Theia data practical\sidestep\files\pp2 sidestep 003 pose_filt_0.c3d	D:\visual3d_file\Theia data practical\sidestep\files\pp2 sidestep 003 pose_filt_0.c3d	D:\visual3d_file\Theia data practical\sidestep\files\pp2 sidestep 003 pose_filt_0.c3d	D:\visual3d_file\Theia data practical\sidestep\files\pp2 sidestep 003 pose_filt_0.c3d	D:\visual3d_file\Theia data practical\sidestep\files\pp2 sidestep 003 pose_filt_0.c3d	D:\visual3d_file\Theia data practical\sidestep\files\pp2 sidestep 003 pose_filt_0.c3d	D:\visual3d_file\Theia data practical\sidestep\files\pp2 sidestep 003 pose_filt_0.c3d	D:\visual3d_file\Theia data practical\sidestep\files\pp2 sidestep 003 pose_filt_0.c3d	D:\visual3d_file\Theia data practical\sidestep\files\pp2 sidestep 003 pose_filt_0.c3d	D:\visual3d_file\Theia data practical\sidestep\files\pp2 sidestep 003 pose_filt_0.c3d	D:\visual3d_file\Theia data practical\sidestep\files\pp2 sidestep 003 pose_filt_0.c3d	D:\visual3d_file\Theia data practical\sidestep\files\pp2 sidestep 003 pose_filt_0.c3d	D:\visual3d_file\Theia data practical\sidestep\files\pp2 sidestep 003 pose_filt_0.c3d	D:\visual3d_file\Theia data practical\sidestep\files\pp2 sidestep 003 pose_filt_0.c3d	D:\visual3d_file\Theia data practical\sidestep\files\pp2 sidestep 003 pose_filt_0.c3d	D:\visual3d_file\Theia data practical\sidestep\files\pp2 sidestep 003 pose_filt_0.c3d	D:\visual3d_file\Theia data practical\sidestep\files\pp2 sidestep 003 pose_filt_0.c3d	D:\visual3d_file\Theia data practical\sidestep\files\pp2 sidestep 003 pose_filt_0.c3d	D:\visual3d_file\Theia data practical\sidestep\files\pp2 sidestep 003 pose_filt_0.c3d	D:\visual3d_file\Theia data practical\sidestep\files\pp2 sidestep 003 pose_filt_0.c3d	D:\visual3d_file\Theia data practical\sidestep\files\pp2 sidestep 003 pose_filt_0.c3d	D:\visual3d_file\Theia data practical\sidestep\files\pp2 sidestep 003 pose_filt_0.c3d	D:\visual3d_file\Theia data practical\sidestep\files\pp2 sidestep 003 pose_filt_0.c3d	D:\visual3d_file\Theia data practical\sidestep\files\pp2 sidestep 003 pose_filt_0.c3d	D:\visual3d_file\Theia data practical\sidestep\files\pp2 sidestep 003 pose_filt_0.c3d	D:\visual3d_file\Theia data practical\sidestep\files\pp2 sidestep 003 pose_filt_0.c3d	D:\visual3d_file\Theia data practical\sidestep\files\pp2 sidestep 003 pose_filt_0.c3d	D:\visual3d_file\Theia data practical\sidestep\files\pp2 sidestep 003 pose_filt_0.c3d	D:\visual3d_file\Theia data practical\sidestep\files\pp2 sidestep 003 pose_filt_0.c3d	D:\visual3d_file\Theia data practical\sidestep\files\pp2 sidestep 003 pose_filt_0.c3d	D:\visual3d_file\Theia data practical\sidestep\files\pp2 sidestep 003 pose_filt_0.c3d	D:\visual3d_file\Theia data practical\sidestep\files\pp2 sidestep 003 pose_filt_0.c3d	D:\visual3d_file\Theia data practical\sidestep\files\pp2 sidestep 003 pose_filt_0.c3d	D:\visual3d_file\Theia data practical\sidestep\files\pp2 sidestep 003 pose_filt_0.c3d	D:\visual3d_file\Theia data practical\sidestep\files\pp2 sidestep 003 pose_filt_0.c3d	D:\visual3d_file\Theia data practical\sidestep\files\pp2 sidestep 003 pose_filt_0.c3d	D:\visual3d_file\Theia data practical\sidestep\files\pp2 sidestep 003 pose_filt_0.c3d	D:\visual3d_file\Theia data practical\sidestep\files\pp2 sidestep 003 pose_filt_0.c3d
	NORMALIZED_WBAM	NORMALIZED_WBAM	NORMALIZED_WBAM	Normalized_LAR	Normalized_LAR	Normalized_LAR	Normalized_LFA	Normalized_LFA	Normalized_LFA	Normalized_LFT	Normalized_LFT	Normalized_LFT	Normalized_LHA	Normalized_LHA	Normalized_LHA	Normalized_LSK	Normalized_LSK	Normalized_LSK	Normalized_LTH	Normalized_LTH	Normalized_LTH	Normalized_LTO	Normalized_LTO	Normalized_LTO	Normalized_RAR	Normalized_RAR	Normalized_RAR	Normalized_RFA	Normalized_RFA	Normalized_RFA	Normalized_RFT	Normalized_RFT	Normalized_RFT	Normalized_RHA	Normalized_RHA	Normalized_RHA	Normalized_RHE	Normalized_RHE	Normalized_RHE	Normalized_RPV	Normalized_RPV	Normalized_RPV	Normalized_RSK	Normalized_RSK	Normalized_RSK	Normalized_RTH	Normalized_RTH	Normalized_RTH	Normalized_RTO	Normalized_RTO	Normalized_RTO	Normalized_RTX	Normalized_RTX	Normalized_RTX
	DERIVED	DERIVED	DERIVED	DERIVED	DERIVED	DERIVED	DERIVED	DERIVED	DERIVED	DERIVED	DERIVED	DERIVED	DERIVED	DERIVED	DERIVED	DERIVED	DERIVED	DERIVED	DERIVED	DERIVED	DERIVED	DERIVED	DERIVED	DERIVED	DERIVED	DERIVED	DERIVED	DERIVED	DERIVED	DERIVED	DERIVED	DERIVED	DERIVED	DERIVED	DERIVED	DERIVED	DERIVED	DERIVED	DERIVED	DERIVED	DERIVED	DERIVED	DERIVED	DERIVED	DERIVED	DERIVED	DERIVED	DERIVED	DERIVED	DERIVED	DERIVED	DERIVED	DERIVED	DERIVED
	PROCESSED	PROCESSED	PROCESSED	Normalized_MC	Normalized_MC	Normalized_MC	Normalized_MC	Normalized_MC	Normalized_MC	Normalized_MC	Normalized_MC	Normalized_MC	Normalized_MC	Normalized_MC	Normalized_MC	Normalized_MC	Normalized_MC	Normalized_MC	Normalized_MC	Normalized_MC	Normalized_MC	Normalized_MC	Normalized_MC	Normalized_MC	Normalized_MC	Normalized_MC	Normalized_MC	Normalized_MC	Normalized_MC	Normalized_MC	Normalized_MC	Normalized_MC	Normalized_MC	Normalized_MC	Normalized_MC	Normalized_MC	Normalized_MC	Normalized_MC	Normalized_MC	Normalized_MC	Normalized_MC	Normalized_MC	Normalized_MC	Normalized_MC	Normalized_MC	Normalized_MC	Normalized_MC	Normalized_MC	Normalized_MC	Normalized_MC	Normalized_MC	Normalized_MC	Normalized_MC	Normalized_MC
ITEM	X	Y	Z	X	Y	Z	X	Y	Z	X	Y	Z	X	Y	Z	X	Y	Z	X	Y	Z	X	Y	Z	X	Y	Z	X	Y	Z	X	Y	Z	X	Y	Z	X	Y	Z	X	Y	Z	X	Y	Z	X	Y	Z	X	Y	Z	X	Y	Z
1																																																						
2																																																						
3	0.00394	-0.00302	0.00005	0.00018	-0.00007	-0.00004	0.00002	0.00001	0.00001	0.00025	0.00017	0.00004	-0.00002	-0.00001	0.00002	0.00109	-0.00042	0.00021	0.00071	-0.00078	0.00021	0.00000	0.00000	-0.00000	0.00002	-0.00019	0.00004	-0.00001	0.00001	-0.00005	-0.00004	0.00012	0.00001	0.00001	0.00004	0.00003	0.00027	0.00113	-0.00003	0.00001	-0.00007	-0.00016	0.00030	-0.00017	-0.00008	0.00025	-0.00045	-0.00029	-0.00000	0.00000	0.00000	0.00091	-0.00234	0.00013
4	0.00470	-0.00338	0.00003	0.00026	-0.00000	0.00000	0.00004	-0.00000	0.00000	0.00028	0.00015	0.00004	-0.00001	-0.00001	0.00002	0.00112	-0.00059	0.00023	0.00086	-0.00080	0.00016	-0.00000	0.00000	-0.00000	0.00001	-0.00005	0.00002	-0.00001	-0.00001	0.00000	0.00004	0.00017	0.00000	-0.00001	0.00003	0.00005	0.00002	0.00016	-0.00000	0.00011	-0.00014	-0.00011	0.00044	-0.00046	-0.00005	0.00039	-0.00071	-0.00049	0.00000	0.00000	-0.00000	0.00118	-0.00111	0.00014
5	0.00489	-0.00169	0.00005	0.00015	-0.00013	-0.00009	0.00002	-0.00002	-0.00004	0.00029	0.00018	0.00004	-0.00001	-0.00001	0.00002	0.00107	-0.00068	0.00022	0.00089	-0.00079	0.00005	0.00000	0.00001	-0.00000	0.00003	0.00023	-0.00007	0.00003	0.00000	0.00008	0.00003	0.00010	0.00000	-0.00000	0.00003	0.00004	0.00016	0.00001	-0.00000	0.00011	-0.00006	-0.00006	0.00054	-0.00041	-0.00006	0.00055	-0.00043	-0.00014	0.00000	0.00001	-0.00000	0.00104	0.00027	0.00007
6	0.00457	-0.00161	-0.00039	0.00013	-0.00024	-0.00016	0.00003	-0.00002	-0.00004	0.00021	0.00006	0.00003	-0.00000	-0.00001	0.00001	0.00088	-0.00039	0.00017	0.00074	-0.00036	0.00000	0.00000	0.00000	-0.00000	0.00008	0.00023	-0.00009	0.00006	0.00004	0.00006	0.00002	0.00008	-0.00000	0.00000	0.00002	0.00003	0.00055	-0.00016	-0.00001	0.00003	-0.00001	-0.00007	0.00046	-0.00042	-0.00011	0.00052	-0.00050	-0.00002	0.00000	0.00001	-0.00000	0.00085	0.00006	-0.00018
7	0.00375	-0.00225	-0.00089	0.00018	-0.00015	-0.00011	0.00003	-0.00002	-0.00006	0.00010	0.00003	0.00002	0.00000	-0.00001	0.00000	0.00067	-0.00003	0.00012	0.00063	0.00003	0.00003	0.00000	0.00000	-0.00000	0.00016	-0.00008	0.00006	0.00004	0.00003	0.00001	0.00005	-0.00001	-0.00001	-0.00001	0.00001	0.00003	0.00052	-0.00054	0.00000	0.00003	-0.00008	-0.00014	0.00030	-0.00061	-0.00013	0.00034	-0.00076	-0.00040	-0.00000	0.00001	-0.00000	0.00072	-0.00007	-0.00029
8	0.00332	-0.00260	-0.00055	0.00010	-0.00011	-0.00008	-0.00001	-0.00002	-0.00008	0.00009	0.00008	0.00002	-0.00002	-0.00001	0.00001	0.00075	0.00003	0.00013	0.00075	-0.00006	0.00012	-0.00000	0.00001	-0.00000	0.00011	-0.00016	0.00010	0.00002	0.00000	0.00001	0.00006	-0.00010	-0.00001	-0.00000	0.00002	0.00003	0.00009	-0.00072	0.00001	0.00012	-0.00006	-0.00018	0.00025	-0.00053	-0.00010	0.00021	-0.00058	-0.00046	-0.00000	0.00000	0.00000	0.00081	-0.00040	-0.00007
9	0.00385	-0.00328	0.00007	0.00005	-0.00011	-0.00008	-0.00001	-0.00001	-0.00007	0.00017	0.00009	0.00003	-0.00002	0.00001	-0.00001	0.00082	-0.00009	0.00017	0.00069	-0.00035	0.00022	-0.00000	0.00000	-0.00000	0.00004	0.00008	-0.00002	0.00001	0.00000	0.00001	0.00006	0.00013	0.00000	0.00000	0.00003	0.00003	0.00044	-0.00092	0.00001	0.00011	-0.00002	-0.00011	0.00034	-0.00013	-0.00007	0.00025	-0.00046	-0.00013	-0.00000	0.00000	0.00000	0.00091	-0.00152	0.00009
10	0.00445	-0.00216	0.00018	0.00009	-0.00006	-0.00005	0.00002	-0.00001	-0.00004	0.00018	0.00019	0.00003	-0.00001	0.00003	-0.00004	0.00071	-0.00025	0.00018	0.00048	-0.00064	0.00024	0.00000	0.00000	-0.00000	0.00007	0.00019	-0.00006	-0.00001	-0.00001	0.00003	0.00007	0.00032	0.00000	-0.00000	0.00003	0.00004	0.00121	-0.00085	0.00000	0.00001	-0.00009	-0.00005	0.00042	0.00006	-0.00005	0.00035	-0.00041	-0.00001	-0.00000	0.00001	0.00000	0.00087	-0.00068	-0.00003
11	0.00370	-0.00043	0.00040	0.00006	-0.00007	-0.00006	-0.00000	-0.00000	-0.00002	0.00011	0.00025	0.00001	-0.00001	0.00002	-0.00002	0.00070	-0.00040	0.00018	0.00059	-0.00087	0.00028	-0.00000	0.00001	-0.00000	0.00003	0.00005	-0.00001	-0.00001	-0.00001	0.00005	0.00006	0.00022	-0.00000	-0.00000	0.00003	0.00005	0.00072	-0.00041	-0.00000	0.00001	-0.00009	0.00005	0.00032	0.00017	-0.00003	0.00032	0.00004	-0.00001	0.00000	0.00001	-0.00000	0.00081	0.00061	-0.00008
12	0.00269	-0.00234	0.00078	0.00005	-0.00015	-0.00012	-0.00002	-0.00002	-0.00007	0.00007	0.00010	0.00001	-0.00001	0.00001	-0.00001	0.00076	-0.00052	0.00018	0.00083	-0.00087	0.00030	-0.00000	0.00001	-0.00000	-0.00001	-0.00014	0.00007	-0.00001	-0.00001	0.00008	-0.00000	0.00023	0.00000	-0.00002	-0.00002	0.00001	-0.00004	0.00012	-0.00000	0.00007	-0.00001	0.00024	0.00014	-0.00003	-0.00001	0.00024	-0.00016	0.00005	0.00001	0.00001	-0.00000	0.00064	-0.00090	0.00004
13	0.00302	-0.00497	0.00052	0.00012	-0.00014	-0.00012	0.00001	-0.00003	-0.00014	0.00004	-0.00002	0.00000	0.00001	0.00003	-0.00005	0.00064	-0.00059	0.00013	0.00074	-0.00076	0.00021	0.00000	0.00001	-0.00000	0.00005	-0.00024	0.00016	-0.00001	-0.00004	0.00009	-0.00005	0.00036	0.00002	-0.00005	-0.00007	-0.00002	0.00026	0.00027	-0.00001	0.00006	0.00000	0.00025	0.00022	-0.00059	-0.00005	0.00034	-0.00104	0.00005	0.00000	0.00001	-0.00000	0.00064	-0.00214	0.00000
14	0.00332	-0.00487	-0.00001	0.00014	-0.00008	-0.00006	0.00002	-0.00001	-0.00012	0.00001	0.00008	0.00001	0.00002	0.00006	-0.00011	0.00046	-0.00055	0.00002	0.00040	-0.00089	0.00024	0.00000	0.00001	-0.00000	0.00012	-0.00022	0.00015	-0.00001	-0.00003	0.00003	-0.00001	0.00035	0.00001	-0.00003	-0.00002	0.00000	0.00074	-0.00071	0.00000	0.00002	-0.00004	0.00002	0.00023	-0.00049	-0.00008	0.00032	-0.00103	-0.00012	-0.00000	0.00001	0.00000	0.00088	-0.00128	-0.00002
15	0.00226	-0.00349	0.00009	0.00009	-0.00010	-0.00005	0.00001	0.00000	-0.00006	0.00005	0.00016	0.00001	0.00001	0.00007	-0.00011	0.00041	-0.00047	0.00001	0.00033	-0.00104	0.00037	0.00000	0.00001	-0.00000	0.00009	-0.00016	0.00008	0.00002	0.00000	0.00000	0.00006	0.00027	0.00000	0.00002	0.00004	0.00002	0.00046	-0.00143	0.00001	0.00004	-0.00011	-0.00012	-0.00000	0.00038	-0.00000	-0.00003	-0.00013	-0.00033	0.00000	0.00001	-0.00000	0.00070	-0.00100	0.00026
16	0.00115	-0.00025	0.00053	0.00008	-0.00003	-0.00001	0.00001	0.00000	-0.00000	0.00005	-0.00000	0.00001	0.00001	0.00002	-0.00003	0.00056	-0.00040	0.00011	0.00060	-0.00064	0.00033	0.00000	0.00000	-0.00000	0.00001	0.00002	-0.00002	-0.00000	0.00000	0.00001	0.00010	0.00010	-0.00001	0.00000	0.00000	-0.00000	-0.00027	-0.00016	0.00000	0.00004	-0.00003	-0.00008	-0.00006	0.00095	0.00007	-0.00031	0.00080	-0.00016	-0.00000	0.00000	0.00000	0.00034	-0.00090	0.00031
17	0.00097	0.00336	0.00028	0.00006	0.00009	0.00006	-0.00001	0.00001	0.00003	0.00005	-0.00005	0.00001	0.00001	-0.00001	0.00000	0.00064	-0.00024	0.00015	0.00064	-0.00011	0.00017	-0.00000	-0.00001	0.00000	-0.00001	0.00026	-0.00015	-0.00005	-0.00002	-0.00009	0.00000	-0.00003	0.00000	-0.00004	-0.00008	-0.00005	-0.00018	0.00114	-0.00001	-0.00002	0.00013	-0.00010	-0.00013	0.00082	0.00008	-0.00026	0.00105	0.00038	-0.00001	-0.00000	0.00000	0.00026	0.00040	-0.00021
18	0.00135	0.00296	-0.00043	0.00002	0.00002	-0.00001	-0.00003	-0.00000	-0.00007	0.00008	0.00017	0.00001	0.00001	0.00004	-0.00006	0.00038	0.00001	0.00006	0.00026	-0.00010	0.00005	-0.00000	0.00000	-0.00000	0.00006	0.00028	-0.00015	-0.00004	-0.00001	-0.00017	-0.00008	0.00007	0.00001	-0.00003	-0.00008	-0.00007	0.00059	0.00034	-0.00001	-0.00001	0.00008	-0.00012	-0.00013	0.00045	0.00007	0.00005	0.00052	0.00049	-0.00000	0.00000	0.00000	0.00024	0.00118	-0.00047
19	0.00198	0.00033	-0.00031	-0.00002	-0.00014	-0.00013	-0.00000	-0.00003	-0.00015	0.00015	0.00021	0.00002	0.00002	0.00006	-0.00011	0.00030	0.00017	0.00003	0.00014	-0.00023	0.00004	-0.00000	0.00001	-0.00000	0.00010	0.00005	0.00001	0.00000	-0.00000	-0.00004	-0.00005	0.00019	0.00001	-0.00001	-0.00003	-0.00003	0.00072	-0.00111	0.00000	0.00002	-0.00000	0.00003	0.00002	0.00037	0.00006	0.00013	0.00013	0.00002	0.00000	0.00001	-0.00000	0.00045	0.00067	-0.00005
20	0.00241	-0.00038	0.00038	-0.00004	-0.00020	-0.00015	0.00001	-0.00002	-0.00010	0.00024	0.00034	0.00003	0.00002	0.00005	-0.00009	0.00058	0.00054	0.00011	0.00036	-0.00011	0.00017	0.00000	0.00001	-0.00000	0.00005	-0.00018	0.00013	-0.00000	-0.00001	0.00008	-0.00003	0.00026	0.00001	-0.00002	-0.00002	-0.00001	0.00066	-0.00045	0.00000	-0.00003	0.00003	0.00012	-0.00005	0.00026	0.00002	-0.00010	-0.00019	-0.00021	0.00000	0.00001	-0.00000	0.00075	-0.00070	0.00027
21	0.00190	-0.00067	-0.00007	0.00006	-0.00020	-0.00012	0.00001	-0.00001	-0.00010	0.00003	0.00027	0.00000	0.00002	0.00005	-0.00010	0.00034	0.00052	0.00009	0.00031	0.00006	0.00022	0.00000	0.00001	-0.00000	0.00003	-0.00026	0.00012	-0.00003	-0.00002	0.00001	-0.00004	0.00045	0.00002	-0.00003	-0.00007	-0.00005	0.00095	0.00175	-0.00001	-0.00005	0.00005	0.00006	-0.00013	-0.00015	-0.00008	-0.00013	-0.00089	-0.00016	0.00000	0.00001	-0.00000	0.00056	-0.00224	0.00004
22	0.00156	-0.00155	-0.00122	0.00014	-0.00023	-0.00015	0.00000	-0.00002	-0.00018	-0.00037	-0.00068	-0.00004	0.00003	0.00005	-0.00011	-0.00027	-0.00060	-0.00004	0.00026	0.00025	0.00004	0.00001	0.00001	-0.00000	0.00007	-0.00014	0.00004	0.00001	0.00001	-0.00005	0.00001	0.00043	0.00001	-0.00002	-0.00006	-0.00005	0.00098	0.00204	-0.00001	0.00006	0.00004	-0.00003	0.00013	-0.00017	-0.00012	0.00021	-0.00080	-0.00027	-0.00000	0.00001	0.00000	0.00032	-0.00169	-0.00027
23	0.00185	0.00016	-0.00090	0.00007	-0.00013	-0.00011	0.00000	-0.00002	-0.00013	-0.00025	-0.00068	-0.00002	0.00004	0.00002	-0.00007	-0.00017	-0.00066	-0.00003	0.00030	0.00026	-0.00004	0.00000	0.00000	-0.00000	0.00008	0.00013	-0.00004	0.00003	0.00001	0.00002	0.00009	0.00014	-0.00001	-0.00000	-0.00000	0.00000	0.00043	0.00026	-0.00001	0.00009	0.00005	-0.00005	0.00031	0.00028	-0.00004	0.00034	0.00015	-0.00015	-0.00000	0.00001	0.00000	0.00047	0.00034	-0.00022
24	0.00110	0.00253	0.00026	0.00004	0.00004	-0.00000	0.00002	-0.00002	-0.00005	0.00021	0.00092	0.00001	0.00004	0.00001	-0.00004	0.00037	0.00102	0.00006	0.00005	-0.00018	0.00011	-0.00000	0.00001	-0.00000	0.00006	0.00013	-0.00002	-0.00002	-0.00002	-0.00001	0.00009	0.00007	-0.00001	-0.00002	-0.00003	-0.00001	-0.00030	-0.00096	0.00000	-0.00007	0.00002	0.00005	0.00015	0.00029	0.00000	0.00004	0.00023	0.00011	0.00000	0.00000	-0.00000	0.00044	0.00099	0.00007
25	0.00024	0.00168	0.00019	-0.00001	-0.00005	-0.00006	0.00002	-0.00002	-0.00007	0.00023	0.00132	0.00001	0.00004	-0.00000	-0.00003	0.00035	0.00151	0.00005	-0.00010	-0.00028	0.00016	-0.00001	0.00001	-0.00000	0.00005	-0.00009	0.00002	-0.00004	-0.00000	-0.00019	-0.00000	0.00021	0.00001	-0.00003	-0.00008	-0.00007	-0.00026	-0.00107	0.00001	-0.00011	0.00002	0.00015	0.00002	-0.00004	-0.00001	-0.00006	-0.00031	0.00011	0.00000	0.00001	-0.00000	0.00016	0.00055	0.00012
26	0.00078	0.00035	-0.00037	-0.00010	-0.00014	-0.00010	-0.00002	-0.00002	-0.00007	0.00005	0.00035	-0.00000	0.00003	0.00000	-0.00002	0.00005	0.00059	-0.00001	-0.00002	0.00010	0.00008	-0.00000	0.00001	-0.00000	0.00001	-0.00003	-0.00003	-0.00001	0.00003	-0.00021	-0.00005	0.00027	0.00002	-0.00001	-0.00008	-0.00009	0.00059	-0.00063	-0.00000	-0.00002	0.00012	0.00009	0.00007	0.00024	0.00003	0.00010	-0.00009	0.00006	0.00000	0.00001	-0.00000	0.00010	-0.00038	-0.00011
27	0.00123	0.00138	-0.00040	-0.00005	0.00003	0.00001	-0.00002	-0.00000	-0.00006	0.00006	0.00008	0.00000	0.00002	0.00003	-0.00006	0.00001	0.00021	-0.00001	-0.00001	0.00018	-0.00000	0.00001	0.00001	-0.00000	-0.00005	0.00014	-0.00004	-0.00001	-0.00000	-0.00006	0.00005	0.00033	0.00000	0.00000	-0.00005	-0.00006	0.00096	0.00016	-0.00001	-0.00001	0.00012	-0.00005	0.00008	0.00066	0.00007	0.00003	0.00024	-0.00002	-0.00000	0.00001	0.00000	0.00017	-0.00076	-0.00011
28	0.00061	0.00160	-0.00058	-0.00003	0.00002	-0.00003	-0.00001	-0.00002	-0.00012	-0.00010	-0.00016	-0.00002	0.00003	0.00003	-0.00007	-0.00011	-0.00022	-0.00002	0.00013	0.00009	-0.00018	0.00001	0.00001	-0.00000	-0.00006	0.00014	-0.00008	-0.00002	-0.00001	-0.00003	0.00008	0.00042	-0.00000	-0.00001	-0.00005	-0.00004	0.00042	0.00027	-0.00000	0.00004	-0.00002	-0.00005	0.00001	0.00065	0.00006	-0.00001	0.00016	-0.00007	0.00000	0.00001	-0.00000	0.00024	0.00026	0.00007
29	0.00028	-0.00010	-0.00046	-0.00007	-0.00015	-0.00014	-0.00000	-0.00003	-0.00015	-0.00037	-0.00073	-0.00004	0.00004	0.00001	-0.00005	-0.00032	-0.00087	-0.00004	0.00032	0.00003	-0.00028	0.00000	0.00000	0.00000	0.00004	0.00010	-0.00011	0.00001	0.00003	-0.00005	0.00004	0.00035	0.00001	-0.00001	-0.00005	-0.00003	-0.00004	-0.00007	0.00000	0.00009	-0.00006	0.00007	0.00003	0.00067	0.00006	0.00006	0.00033	0.00018	0.00000	0.00001	-0.00000	0.00044	0.00032	0.00013
30	0.00079	0.00052	0.00040	-0.00002	-0.00009	-0.00007	0.00003	-0.00002	-0.00007	-0.00026	-0.00035	-0.00003	0.00004	0.00001	-0.00004	-0.00016	-0.00040	-0.00004	0.00024	-0.00010	-0.00010	-0.00000	0.00001	-0.00000	0.00012	-0.00002	0.00004	0.00002	0.00001	-0.00002	0.00001	0.00014	0.00001	-0.00001	-0.00003	-0.00003	0.00020	0.00006	-0.00000	0.00002	0.00000	0.00008	0.00003	0.00059	0.00005	0.00002	0.00050	0.00034	-0.00000	0.00000	0.00000	0.00051	0.00021	0.00026
31	0.00108	0.00204	0.00088	0.00001	0.00000	0.00001	0.00000	-0.00000	-0.00004	0.00005	0.00024	0.00000	0.00003	0.00002	-0.00005	0.00018	0.00024	0.00002	0.00007	-0.00017	0.00020	-0.00000	0.00001	-0.00000	0.00011	-0.00013	0.00014	-0.00001	-0.00003	-0.00002	-0.00006	0.00008	0.00001	-0.00000	0.00000	-0.00001	0.00052	-0.00008	-0.00000	-0.00001	0.00001	0.00005	-0.00001	0.00031	0.00003	0.00004	0.00030	0.00020	0.00000	0.00000	-0.00000	0.00016	0.00122	0.00035
32	0.00045	0.00118	0.00085	-0.00004	-0.00004	-0.00001	-0.00003	0.00001	-0.00007	0.00012	0.00014	0.00001	0.00001	0.00003	-0.00006	0.00018	0.00006	0.00005	0.00002	-0.00027	0.00039	0.00000	0.00001	-0.00000	0.00006	-0.00010	0.00007	-0.00000	-0.00001	-0.00001	-0.00008	0.00020	0.00002	0.00001	0.00001	-0.00002	0.00016	-0.00006	-0.00000	-0.00001	-0.00001	0.00013	-0.00007	0.00043	0.00006	0.00002	0.00028	0.00011	0.00000	0.00001	-0.00000	0.00009	0.00051	0.00017
33	-0.00046	0.00144	0.00062	-0.00005	-0.00000	0.00002	-0.00001	0.00001	-0.00004	0.00002	0.00008	-0.00000	0.00000	0.00003	-0.00005	0.00001	-0.00005	-0.00000	0.00003	-0.00036	0.00021	0.00000	0.00001	-0.00000	0.00000	-0.00001	0.00002	0.00001	0.00000	0.00001	-0.00006	0.00024	0.00001	-0.00001	-0.00007	-0.00007	-0.00045	0.00021	0.00001	-0.00005	-0.00006	0.00016	-0.00022	0.00080	0.00013	-0.00019	0.00060	0.00013	-0.00000	0.00001	0.00000	0.00050	0.00001	0.00008
34	-0.00029	0.00251	-0.00004	-0.00006	0.00007	0.00005	-0.00000	0.00000	-0.00001	-0.00002	0.00024	-0.00001	0.00000	0.00003	-0.00004	0.00003	0.00022	-0.00003	0.00011	-0.00011	-0.00014	0.00000	0.00001	-0.00000	0.00001	0.00013	-0.00008	-0.00000	0.00001	-0.00004	-0.00009	0.00023	0.00002	-0.00001	-0.00010	-0.00009	-0.00023	-0.00063	0.00000	-0.00002	-0.00007	0.00005	-0.00027	0.00057	0.00007	-0.00018	0.00039	0.00009	-0.00000	0.00001	0.00000	0.00047	0.00150	0.00010
35	0.00052	0.00162	-0.00034	0.00003	0.00008	0.00005	-0.00002	0.00000	-0.00003	-0.00001	0.00022	-0.00001	0.00001	0.00004	-0.00006	0.00001	0.00046	-0.00000	0.00009	0.00029	-0.00014	-0.00000	0.00001	-0.00000	0.00004	0.00016	-0.00011	-0.00000	0.00002	-0.00008	-0.00011	0.00028	0.00003	0.00002	-0.00003	-0.00005	0.00028	-0.00075	-0.00000	0.00002	-0.00000	0.00005	-0.00009	-0.00001	-0.00003	0.00005	-0.00033	-0.00001	-0.00000	0.00001	0.00000	0.00020	0.00117	0.00004
36	0.00054	0.00200	0.00010	0.00015	0.00018	0.00012	0.00001	0.00000	-0.00003	-0.00003	0.00010	-0.00001	0.00001	0.00003	-0.00005	-0.00000	0.00047	0.00001	0.00009	0.00039	0.00002	-0.00000	0.00000	-0.00000	0.00005	-0.00009	0.00008	0.00001	-0.00001	-0.00000	-0.00005	0.00031	0.00002	0.00002	-0.00001	-0.00003	-0.00016	0.00063	0.00001	0.00003	-0.00001	0.00005	0.00006	0.00020	0.00002	0.00010	-0.00021	-0.00011	-0.00000	0.00001	0.00000	0.00026	0.00000	-0.00000
37	0.00005	0.00523	0.00014	0.00003	0.00017	0.00008	0.00002	-0.00001	-0.00002	0.00015	0.00064	0.00000	0.00002	0.00000	-0.00002	0.00029	0.00098	0.00006	0.00006	0.00018	-0.00001	-0.00000	0.00001	-0.00000	0.00003	-0.00010	0.00010	0.00002	-0.00002	0.00007	0.00007	0.00031	-0.00000	0.00000	-0.00002	-0.00002	-0.00055	0.00109	0.00001	-0.00001	0.00000	-0.00008	0.00004	0.00090	0.00009	-0.00011	0.00047	-0.00007	-0.00000	0.00001	-0.00000	-0.00001	0.00062	-0.00003
38	-0.00000	0.00571	-0.00012	-0.00009	-0.00002	-0.00005	0.00001	-0.00001	-0.00003	0.00035	0.00125	0.00001	0.00002	0.00000	-0.00002	0.00043	0.00152	0.00008	-0.00012	-0.00008	-0.00005	-0.00000	0.00002	-0.00000	0.00000	0.00016	-0.00010	0.00001	0.00002	0.00002	0.00010	0.00033	-0.00001	0.00001	0.00002	0.00001	0.00014	0.00060	0.00000	-0.00011	0.00012	-0.00010	-0.00006	0.00099	0.00006	-0.00029	0.00050	0.00012	0.00000	0.00001	-0.00000	-0.00042	0.00027	-0.00006
39	0.00041	0.00130	0.00016	-0.00001	-0.00003	0.00000	-0.00001	0.00002	0.00002	0.00003	0.00019	-0.00000	-0.00001	0.00002	-0.00002	0.00003	0.00022	-0.00001	0.00002	-0.00008	0.00003	0.00000	0.00001	-0.00000	0.00003	0.00012	-0.00008	0.00000	0.00002	-0.00004	0.00001	0.00034	0.00001	0.00002	0.00004	0.00001	0.00058	-0.00005	-0.00001	-0.00008	0.00015	0.00002	-0.00009	0.00079	0.00006	-0.00009	0.00037	0.00022	0.00000	0.00001	-0.00000	-0.00002	-0.00082	-0.00004
40	0.00082	0.00049	0.00050	0.00003	0.00013	0.00012	-0.00002	0.00003	0.00008	-0.00022	-0.00053	-0.00002	-0.00002	0.00001	0.00001	-0.00019	-0.00055	-0.00005	0.00016	0.00010	0.00007	0.00000	0.00000	0.00000	0.00009	-0.00004	0.00007	0.00000	-0.00001	-0.00003	0.00003	0.00027	0.00000	0.00000	-0.00003	-0.00004	0.00023	-0.00061	-0.00001	-0.00000	0.00009	0.00007	0.00009	0.00060	0.00008	0.00016	0.00039	0.00007	0.00000	0.00001	-0.00000	0.00049	0.00063	0.00007
41	0.00089	0.00415	0.00067	0.00003	0.00020	0.00015	0.00001	0.00002	0.00009	0.00023	0.00084	0.00001	0.00001	-0.00001	0.00001	0.00025	0.00104	0.00006	-0.00012	0.00008	0.00006	-0.00000	0.00001	-0.00000	0.00003	-0.00001	0.00007	-0.00000	-0.00002	0.00000	0.00006	0.00008	-0.00001	-0.00001	-0.00006	-0.00006	-0.00002	-0.00025	-0.00000	-0.00009	0.00001	0.00008	0.00013	0.00010	0.00001	-0.00001	0.00011	-0.00003	0.00000	0.00000	-0.00000	0.00039	0.00204	0.00023
42	0.00075	0.00402	0.00052	0.00006	0.00015	0.00011	0.00003	0.00001	0.00006	0.00042	0.00134	0.00002	0.00001	-0.00001	0.00001	0.00039	0.00179	0.00011	-0.00022	0.00014	0.00008	-0.00000	0.00002	-0.00000	-0.00007	-0.00000	-0.00008	-0.00001	0.00002	-0.00007	0.00002	-0.00003	-0.00000	0.00001	-0.00001	-0.00001	0.00018	0.00084	0.00000	-0.00011	-0.00011	0.00015	0.00003	-0.00030	-0.00006	-0.00015	-0.00025	0.00009	-0.00000	-0.00000	0.00000	0.00017	0.00040	0.00011
43	0.00063	0.00203	-0.00001	0.00000	0.00007	0.00005	0.00001	0.00001	0.00005	0.00009	0.00039	0.00000	-0.00001	-0.00002	0.00004	0.00008	0.00093	0.00003	-0.00003	0.00047	0.00003	-0.00000	0.00001	-0.00000	-0.00002	-0.00004	-0.00014	0.00000	0.00006	-0.00015	0.00004	0.00009	-0.00000	0.00003	0.00003	0.00000	0.00049	0.00146	0.00000	-0.00001	-0.00009	0.00007	0.00001	-0.00014	-0.00004	-0.00002	-0.00028	0.00019	-0.00000	0.00000	0.00000	-0.00003	-0.00092	-0.00012
44	0.00042	0.00130	0.00043	-0.00002	0.00008	0.00006	0.00000	0.00001	0.00011	0.00002	0.00015	0.00000	-0.00001	-0.00004	0.00007	0.00003	0.00023	-0.00005	0.00001	0.00006	0.00003	0.00000	0.00000	-0.00000	0.00005	-0.00004	0.00002	-0.00001	-0.00000	-0.00005	0.00008	0.00014	-0.00001	0.00001	0.00001	-0.00001	0.00029	0.00062	0.00000	-0.00001	0.00005	-0.00004	0.00006	0.00029	0.00002	0.00003	0.00013	0.00025	0.00000	0.00000	-0.00000	-0.00009	-0.00037	0.00003
45	0.00029	0.00123	0.00133	0.00012	0.00017	0.00014	0.00002	0.00002	0.00013	0.00007	0.00031	0.00000	-0.00001	-0.00003	0.00005	0.00012	0.00011	-0.00002	-0.00001	-0.00047	0.00018	0.00000	0.00000	-0.00000	0.00001	0.00003	0.00009	-0.00001	-0.00004	0.00011	0.00005	0.00016	-0.00000	-0.00001	0.00002	0.00003	-0.00020	-0.00031	0.00000	-0.00008	0.00006	0.00007	0.00011	0.00068	0.00005	-0.00002	0.00052	0.00026	-0.00000	0.00000	0.00000	0.00013	-0.00000	0.00024
46	0.00014	0.00340	0.00075	0.00017	0.00016	0.00013	0.00004	0.00001	0.00007	-0.00004	0.00016	-0.00000	0.00000	-0.00003	0.00003	0.00002	0.00051	0.00003	0.00005	0.00017	0.00015	0.00000	0.00000	-0.00000	-0.00005	0.00017	-0.00009	0.00002	0.00002	0.00005	0.00000	0.00033	0.00001	0.00002	0.00006	0.00006	-0.00022	0.00002	0.00000	-0.00005	0.00003	0.00008	0.00006	0.00090	0.00008	-0.00007	0.00048	0.00001	-0.00000	0.00001	0.00000	0.00019	0.00038	0.00015
47	0.00011	0.00384	-0.00006	0.00001	0.00010	0.00008	0.00003	0.00001	0.00008	0.00002	0.00017	-0.00000	-0.00000	-0.00006	0.00008	0.00003	0.00062	0.00004	0.00003	0.00046	-0.00002	0.00000	0.00001	-0.00000	-0.00007	0.00014	-0.00017	0.00003	0.00005	-0.00005	0.00005	0.00033	0.00000	0.00003	0.00006	0.00005	-0.00000	0.00002	0.00000	0.00001	0.00008	-0.00013	0.00001	0.00096	0.00019	-0.00007	0.00049	-0.00022	0.00000	0.00001	-0.00000	-0.00001	0.00039	0.00002
48	0.00060	0.00230	0.00039	-0.00010	0.00004	0.00004	0.00001	0.00001	0.00009	0.00017	0.00036	0.00001	-0.00001	-0.00007	0.00010	0.00017	0.00033	0.00005	-0.00008	-0.00011	0.00001	0.00000	0.00001	-0.00000	0.00001	-0.00002	0.00002	0.00002	0.00001	0.00002	0.00014	0.00014	-0.00002	0.00000	0.00003	0.00003	0.00023	-0.00003	-0.00000	-0.00004	0.00005	-0.00015	0.00009	0.00076	0.00022	-0.00004	0.00056	-0.00000	0.00001	0.00001	-0.00000	0.00002	0.00022	0.00001
49	0.00071	0.00351	0.00085	-0.00001	-0.00002	-0.00001	0.00002	-0.00000	0.00004	0.00005	0.00027	0.00000	-0.00001	-0.00003	0.00005	0.00007	0.00040	0.00002	-0.00008	0.00001	0.00006	0.00000	0.00001	-0.00000	0.00008	-0.00002	0.00011	0.00001	-0.00002	0.00008	0.00012	0.00011	-0.00002	-0.00002	0.00002	0.00004	0.00057	0.00059	-0.00000	-0.00011	-0.00002	0.00011	0.00003	0.00037	0.00007	-0.00009	0.00036	0.00032	0.00001	0.00001	-0.00000	0.00008	0.00148	-0.00002
50	0.00071	0.00294	0.00064	0.00013	0.00013	0.00009	0.00005	-0.00000	0.00006	-0.00004	0.00010	-0.00001	0.00000	-0.00003	0.00004	0.00000	0.00044	-0.00001	0.00011	0.00034	0.00004	0.00000	0.00001	-0.00000	0.00006	0.00006	0.00002	0.00003	0.00000	0.00005	0.00007	0.00015	-0.00001	0.00000	0.00006	0.00006	0.00055	0.00028	-0.00001	-0.00004	0.00003	0.00023	-0.00006	0.00008	-0.00002	-0.00010	0.00006	0.00022	0.00000	0.00001	-0.00000	-0.00006	0.00124	-0.00012
51	0.00075	0.00071	0.00026	0.00009	0.00018	0.00012	0.00003	-0.00000	0.00010	0.00005	0.00014	-0.00000	-0.00000	-0.00007	0.00010	0.00014	0.00021	0.00001	0.00022	0.00010	-0.00002	0.00000	0.00001	-0.00000	0.00002	0.00006	-0.00007	0.00004	0.00004	0.00005	0.00002	0.00021	0.00000	0.00002	0.00006	0.00006	0.00014	-0.00011	-0.00000	0.00003	0.00003	0.00001	-0.00003	0.00024	0.00003	-0.00003	-0.00003	-0.00010	0.00000	0.00001	-0.00000	0.00000	-0.00038	-0.00000
52	0.00020	0.00239	0.00001	-0.00005	-0.00011	-0.00007	0.00001	-0.00001	0.00008	0.00010	0.00014	0.00000	-0.00001	-0.00007	0.00011	0.00006	0.00006	0.00001	0.00000	0.00000	-0.00013	0.00000	0.00000	-0.00000	0.00001	0.00014	-0.00007	0.00003	0.00002	0.00006	-0.00008	0.00031	0.00003	-0.00000	0.00000	0.00001	0.00002	0.00042	0.00000	-0.00003	-0.00006	-0.00013	-0.00002	0.00061	0.00009	0.00003	0.00019	-0.00019	0.00000	0.00001	-0.00000	0.00011	0.00073	0.00021
53	0.00056	0.00360	0.00001	-0.00009	-0.00018	-0.00011	0.00002	-0.00000	0.00007	0.00017	0.00016	0.00001	-0.00001	-0.00005	0.00007	0.00001	0.00022	-0.00000	-0.00017	0.00014	-0.00006	0.00000	0.00000	-0.00000	0.00003	0.00020	-0.00005	0.00002	0.00001	0.00001	-0.00003	0.00028	0.00001	-0.00002	-0.00002	-0.00000	0.00052	0.00038	-0.00001	-0.00006	0.00002	0.00000	0.00006	0.00063	0.00005	0.00011	0.00039	-0.00004	0.00000	0.00001	-0.00000	-0.00002	0.00141	0.00005
54	0.00174	0.00176	0.00027	-0.00005	0.00006	0.00005	0.00002	0.00000	0.00011	0.00018	0.00021	0.00001	-0.00002	-0.00005	0.00008	0.00018	0.00045	0.00000	0.00001	0.00018	0.00006	0.00000	0.00001	-0.00000	0.00004	0.00006	-0.00000	0.00003	0.00002	0.00003	0.00009	0.00025	-0.00001	0.00001	0.00006	0.00006	0.00092	0.00003	-0.00002	-0.00002	0.00019	0.00004	0.00022	0.00051	0.00001	0.00020	0.00025	0.00007	0.00000	0.00001	-0.00000	-0.00007	-0.00046	-0.00024
55	0.00109	0.00078	0.00059	0.00006	0.00018	0.00013	0.00004	0.00000	0.00013	-0.00002	0.00005	-0.00000	-0.00001	-0.00006	0.00010	0.00011	0.00023	0.00001	0.00012	0.00013	0.00006	0.00000	0.00000	-0.00000	-0.00000	-0.00010	0.00006	0.00003	0.00000	0.00012	0.00013	0.00034	-0.00002	0.00000	0.00008	0.00010	0.00035	0.00013	-0.00001	0.00000	0.00013	-0.00001	0.00023	0.00038	0.00000	0.00014	-0.00007	0.00008	0.00000	0.00001	-0.00000	-0.00010	-0.00066	-0.00017
56	-0.00038	0.00084	0.00078	0.00015	0.00017	0.00014	0.00006	0.00001	0.00015	-0.00004	0.00005	-0.00000	0.00002	-0.00005	0.00007	0.00005	0.00009	0.00001	0.00008	0.00003	0.00007	-0.00000	0.00000	-0.00000	-0.00002	-0.00015	0.00007	-0.00001	-0.00002	0.00006	0.00015	0.00027	-0.00002	-0.00003	-0.00001	0.00002	-0.00047	-0.00042	0.00000	0.00002	-0.00004	0.00008	0.00001	0.00012	-0.00001	-0.00017	-0.00014	0.00004	0.00001	0.00001	-0.00000	-0.00019	0.00093	0.00009
57	0.00005	-0.00016	0.00090	0.00000	0.00015	0.00013	0.00002	0.00002	0.00022	0.00005	-0.00012	0.00001	0.00000	-0.00007	0.00011	0.00016	-0.00015	-0.00001	0.00018	-0.00001	0.00005	0.00000	0.00000	0.00000	0.00004	-0.00018	0.00007	-0.00002	-0.00000	-0.00007	0.00013	0.00003	-0.00002	-0.00003	-0.00004	-0.00002	-0.00020	-0.00101	-0.00001	0.00004	-0.00011	0.00013	-0.00008	0.00009	0.00001	-0.00031	0.00019	-0.00001	0.00001	0.00000	-0.00000	0.00006	0.00106	0.00032
58	0.00130	-0.00058	0.00103	-0.00016	0.00012	0.00011	-0.00004	0.00002	0.00025	-0.00001	-0.00059	0.00001	-0.00004	-0.00009	0.00016	0.00001	-0.00067	-0.00000	0.00020	0.00002	0.00003	0.00001	-0.00000	0.00000	0.00006	-0.00018	0.00010	0.00002	0.00000	0.00002	0.00005	-0.00002	-0.00001	-0.00001	0.00005	0.00006	0.00069	0.00004	-0.00001	0.00006	-0.00011	0.00004	0.00012	0.00037	0.00006	0.00002	0.00042	-0.00011	0.00000	-0.00000	-0.00000	0.00030	0.00003	0.00033
59	0.00092	0.00159	0.00079	-0.00007	0.00010	0.00009	-0.00001	0.00001	0.00016	0.00004	-0.00001	0.00001	-0.00003	-0.00007	0.00012	-0.00007	0.00006	0.00000	-0.00011	-0.00002	0.00007	0.00001	0.00000	-0.00000	-0.00002	-0.00014	0.00010	0.00003	-0.00001	0.00016	0.00008	0.00010	-0.00001	0.00000	0.00007	0.00008	0.00057	0.00100	0.00001	-0.00001	-0.00009	-0.00005	0.00027	0.00056	0.00006	0.00015	0.00033	-0.00014	0.00000	0.00000	-0.00000	0.00006	-0.00030	0.00014
60	-0.00038	0.00345	0.00036	0.00004	0.00011	0.00009	0.00003	0.00001	0.00009	0.00017	0.00081	0.00001	-0.00000	-0.00006	0.00009	0.00025	0.00108	0.00001	-0.00016	-0.00003	-0.00005	0.00000	0.00001	-0.00000	-0.00005	-0.00003	0.00002	0.00000	-0.00001	0.00007	0.00012	0.00011	-0.00002	0.00001	0.00004	0.00004	-0.00017	0.00015	0.00001	-0.00013	0.00001	-0.00010	-0.00002	0.00063	0.00003	-0.00026	0.00039	0.00005	0.00000	0.00000	-0.00000	-0.00022	0.00020	0.00003
61	-0.00027	0.00353	0.00049	0.00001	0.00015	0.00013	0.00000	0.00002	0.00013	0.00012	0.00043	0.00001	-0.00002	-0.00006	0.00009	0.00039	0.00071	0.00003	0.00020	0.00020	-0.00015	-0.00000	0.00001	-0.00000	-0.00002	0.00017	-0.00012	-0.00002	0.00001	-0.00005	0.00010	0.00014	-0.00002	0.00003	0.00006	0.00003	-0.00006	-0.00020	-0.00000	-0.00010	0.00014	0.00000	-0.00025	0.00061	0.00005	-0.00042	0.00053	0.00037	0.00000	0.00001	-0.00000	-0.00023	0.00060	0.00000
62	0.00095	0.00276	0.00099	0.00005	0.00017	0.00014	-0.00001	0.00002	0.00014	0.00006	0.00004	0.00000	-0.00002	-0.00004	0.00007	0.00019	0.00027	0.00006	0.00027	0.00028	-0.00000	-0.00000	0.00000	-0.00000	0.00003	0.00023	-0.00009	-0.00000	-0.00000	0.00000	0.00011	0.00010	-0.00002	0.00000	0.00001	0.00001	0.00030	0.00081	0.00001	0.00002	0.00006	0.00014	0.00000	0.00034	0.00003	-0.00005	0.00039	0.00043	0.00000	0.00000	-0.00000	-0.00001	0.00005	0.00007
63	0.00105	0.00046	0.00105	0.00011	0.00014	0.00012	0.00002	0.00002	0.00012	0.00004	0.00006	0.00000	-0.00000	-0.00003	0.00005	0.00006	-0.00007	0.00007	0.00016	-0.00018	0.00014	0.00000	-0.00000	0.00000	0.00005	0.00010	0.00004	0.00003	-0.00001	0.00008	0.00002	-0.00006	-0.00000	-0.00003	-0.00009	-0.00006	-0.00013	0.00060	0.00002	0.00006	-0.00013	0.00010	0.00008	0.00021	0.00003	0.00013	0.00038	0.00020	0.00000	-0.00001	-0.00000	0.00048	-0.00045	0.00016
64	0.00037	-0.00106	0.00053	-0.00001	0.00010	0.00008	0.00001	0.00001	0.00012	-0.00003	-0.00013	0.00000	-0.00000	-0.00003	0.00005	0.00009	-0.00052	0.00003	0.00018	-0.00046	0.00013	0.00000	-0.00000	0.00000	0.00001	0.00001	-0.00000	0.00001	0.00000	-0.00001	-0.00001	0.00007	0.00001	-0.00002	-0.00007	-0.00005	-0.00034	-0.00059	-0.00000	-0.00001	-0.00009	-0.00001	-0.00006	0.00047	0.00007	-0.00010	0.00041	-0.00003	-0.00000	-0.00000	0.00000	0.00066	-0.00025	0.00015
65	0.00061	0.00030	0.00021	-0.00007	0.00009	0.00005	0.00000	0.00000	0.00010	0.00010	-0.00005	0.00001	-0.00000	-0.00003	0.00005	0.00021	-0.00010	-0.00001	0.00006	-0.00011	0.00001	0.00000	-0.00000	0.00000	0.00002	-0.00001	-0.00004	0.00000	0.00002	-0.00008	0.00014	0.00023	-0.00002	0.00001	0.00003	0.00002	0.00048	-0.00052	-0.00002	-0.00007	0.00005	0.00001	-0.00003	0.00045	0.00005	-0.00024	0.00016	-0.00001	0.00001	0.00001	-0.00000	-0.00000	0.00009	0.00007
66	0.00092	0.00223	0.00061	0.00006	0.00018	0.00012	0.00001	0.00002	0.00011	0.00032	0.00023	0.00003	-0.00001	-0.00004	0.00006	0.00031	0.00024	0.00005	-0.00011	-0.00004	-0.00011	0.00000	-0.00000	0.00000	0.00009	-0.00011	0.00011	0.00002	-0.00000	-0.00001	0.00013	-0.00007	-0.00003	0.00001	0.00002	0.00001	0.00074	-0.00017	-0.00002	-0.00006	0.00001	0.00008	-0.00004	0.00026	0.00003	-0.00021	0.00049	0.00027	0.00001	-0.00000	-0.00000	-0.00035	0.00122	-0.00009
67	0.00054	0.00249	0.00091	0.00009	0.00029	0.00024	0.00000	0.00004	0.00017	0.00022	0.00010	0.00002	-0.00002	-0.00006	0.00008	0.00026	-0.00022	0.00009	-0.00003	-0.00035	-0.00005	0.00000	-0.00000	0.00000	0.00003	-0.00009	0.00008	-0.00003	-0.00002	-0.00001	0.00007	-0.00026	-0.00002	-0.00001	-0.00005	-0.00005	0.00001	-0.00002	-0.00000	-0.00004	-0.00002	0.00008	-0.00006	0.00050	0.00007	-0.00021	0.00115	0.00031	0.00000	-0.00001	-0.00000	0.00025	0.00151	-0.00009
68	0.00032	0.00065	0.00056	-0.00002	0.00017	0.00015	-0.00002	0.00003	0.00015	-0.00003	-0.00011	0.00000	-0.00003	-0.00005	0.00008	0.00008	-0.00037	0.00003	0.00009	-0.00031	0.00014	0.00000	0.00000	0.00000	-0.00008	0.00017	-0.00020	-0.00005	0.00001	-0.00009	0.00015	-0.00007	-0.00003	0.00000	-0.00003	-0.00003	-0.00017	0.00040	0.00001	-0.00005	0.00006	0.00005	0.00008	0.00042	0.00006	-0.00013	0.00072	0.00006	0.00000	-0.00000	-0.00000	0.00048	-0.00038	0.00018
69	-0.00004	-0.00100	0.00051	-0.00006	0.00005	0.00005	-0.00003	0.00001	0.00008	0.00001	-0.00006	-0.00000	-0.00003	-0.00004	0.00006	0.00003	-0.00009	0.00002	0.00008	-0.00004	0.00017	0.00000	-0.00000	0.00000	-0.00008	0.00018	-0.00019	-0.00002	0.00002	-0.00004	0.00013	0.00000	-0.00003	0.00001	0.00001	0.00001	-0.00007	-0.00063	-0.00001	-0.00004	0.00011	0.00002	0.00005	0.00013	0.00004	-0.00007	0.00015	0.00010	0.00000	0.00000	-0.00000	0.00005	-0.00082	0.00025
70	-0.00052	0.00026	0.00121	-0.00005	0.00015	0.00012	-0.00003	0.00001	0.00011	0.00014	-0.00013	0.00001	-0.00001	-0.00005	0.00007	0.00022	-0.00016	0.00004	0.00016	-0.00002	0.00009	0.00000	-0.00001	0.00000	0.00004	-0.00016	0.00014	0.00001	-0.00002	0.00007	-0.00000	-0.00011	-0.00000	-0.00000	-0.00003	-0.00002	-0.00030	-0.00157	-0.00003	-0.00004	0.00009	-0.00002	-0.00024	0.00066	0.00012	-0.00031	0.00085	0.00037	0.00000	-0.00000	-0.00000	-0.00010	0.00076	0.00016
71	-0.00005	0.00170	0.00174	-0.00001	0.00018	0.00014	0.00001	0.00002	0.00012	0.00013	-0.00032	0.00002	0.00000	-0.00005	0.00008	0.00037	-0.00053	0.00001	0.00030	-0.00035	0.00023	0.00001	-0.00001	0.00000	0.00014	-0.00029	0.00026	0.00001	-0.00004	0.00001	-0.00007	-0.00019	0.00001	-0.00001	-0.00006	-0.00006	-0.00006	0.00001	0.00000	-0.00002	-0.00005	0.00007	-0.00039	0.00111	0.00018	-0.00045	0.00155	0.00049	0.00000	-0.00001	-0.00000	0.00001	0.00071	0.00019
72	0.00069	0.00065	0.00141	0.00008	0.00015	0.00011	0.00003	0.00001	0.00006	0.00015	-0.00024	0.00002	0.00000	-0.00002	0.00002	0.00033	-0.00068	-0.00001	0.00022	-0.00063	0.00035	0.00001	-0.00001	0.00000	0.00000	-0.00001	0.00000	-0.00002	-0.00000	-0.00011	-0.00004	-0.00024	-0.00000	-0.00000	-0.00004	-0.00005	0.00043	0.00090	0.00001	-0.00003	-0.00011	0.00021	-0.00027	0.00072	0.00014	-0.00031	0.00127	0.00047	0.00000	-0.00001	-0.00000	0.00009	-0.00041	0.00018
73	0.00062	0.00028	0.00067	0.00009	0.00022	0.00017	0.00001	0.00002	0.00009	0.00021	-0.00008	0.00002	-0.00002	-0.00000	0.00001	0.00028	-0.00041	0.00003	0.00015	-0.00032	0.00011	0.00001	-0.00001	0.00000	-0.00012	0.00015	-0.00017	-0.00004	0.00002	-0.00012	0.00011	-0.00021	-0.00003	0.00000	-0.00003	-0.00004	0.00044	-0.00082	-0.00002	-0.00008	0.00005	0.00008	-0.00021	0.00047	0.00010	-0.00035	0.00090	0.00044	0.00000	-0.00001	-0.00000	0.00013	0.00033	0.00000
74	-0.00024	0.00022	0.00036	-0.00005	0.00016	0.00013	-0.00004	0.00002	0.00014	0.00002	-0.00016	0.00000	-0.00003	-0.00003	0.00005	0.00023	-0.00002	0.00005	0.00034	0.00022	0.00002	0.00000	-0.00001	0.00000	0.00002	0.00002	-0.00003	-0.00002	0.00000	-0.00006	0.00013	-0.00022	-0.00004	-0.00000	-0.00003	-0.00003	-0.00009	-0.00203	-0.00004	-0.00006	0.00019	-0.00006	-0.00035	0.00043	0.00009	-0.00046	0.00073	0.00038	0.00000	-0.00001	-0.00000	0.00009	0.00096	-0.00026
75	-0.00086	-0.00140	0.00068	-0.00012	-0.00002	0.00001	-0.00005	0.00001	0.00011	-0.00005	-0.00031	0.00000	-0.00003	-0.00003	0.00006	0.00034	-0.00019	0.00009	0.00050	-0.00004	0.00027	-0.00000	-0.00001	0.00000	0.00006	0.00011	-0.00001	-0.00001	-0.00000	-0.00004	-0.00000	-0.00026	-0.00002	0.00000	-0.00002	-0.00003	-0.00048	-0.00082	-0.00001	-0.00003	0.00011	0.00010	-0.00051	0.00029	0.00011	-0.00055	0.00065	0.00026	0.00001	-0.00001	-0.00000	0.00007	-0.00084	-0.00021
76	0.00008	-0.00140	0.00111	-0.00006	0.00002	0.00004	-0.00003	0.00001	0.00005	0.00020	-0.00023	0.00002	-0.00002	-0.00002	0.00004	0.00047	-0.00070	0.00007	0.00035	-0.00069	0.00026	0.00000	-0.00001	0.00000	0.00000	0.00011	-0.00006	0.00001	0.00001	-0.00002	0.00011	-0.00015	-0.00003	0.00003	-0.00001	-0.00004	0.00006	0.00067	0.00001	-0.00009	0.00003	0.00020	-0.00044	0.00054	0.00015	-0.00070	0.00084	0.00030	0.00001	-0.00001	-0.00000	0.00018	-0.00183	0.00013
77	0.00138	-0.00096	0.00117	0.00002	0.00015	0.00009	0.00002	0.00000	-0.00000	0.00029	-0.00023	0.00003	-0.00000	-0.00002	0.00003	0.00033	-0.00073	0.00002	0.00014	-0.00055	0.00007	0.00001	-0.00001	0.00000	0.00012	-0.00022	0.00012	0.00004	0.00001	0.00002	0.00025	-0.00009	-0.00005	0.00003	-0.00001	-0.00004	0.00083	0.00014	-0.00000	-0.00008	0.00002	0.00011	-0.00024	0.00051	0.00011	-0.00057	0.00073	0.00044	0.00000	-0.00001	-0.00000	0.00022	-0.00064	0.00022
78	0.00112	-0.00367	0.00098	0.00009	0.00006	-0.00000	0.00006	-0.00001	-0.00005	0.00028	-0.00036	0.00004	0.00002	-0.00001	0.00000	0.00035	-0.00066	0.00006	0.00008	-0.00038	0.00014	0.00001	-0.00001	0.00000	0.00014	-0.00012	0.00013	-0.00000	-0.00002	-0.00001	0.00002	-0.00028	-0.00002	-0.00000	-0.00005	-0.00006	0.00064	-0.00161	-0.00004	0.00001	-0.00001	0.00017	-0.00030	-0.00032	0.00006	-0.00030	0.00012	0.00038	-0.00000	-0.00001	0.00000	0.00003	0.00000	0.00019
79	-0.00004	-0.00585	0.00085	0.00011	-0.00009	-0.00007	0.00005	-0.00000	-0.00002	0.00030	-0.00027	0.00003	0.00002	0.00001	-0.00002	0.00044	-0.00130	0.00008	0.00013	-0.00122	0.00029	0.00001	-0.00001	0.00000	-0.00003	0.00023	-0.00008	-0.00002	-0.00001	-0.00008	-0.00007	-0.00037	-0.00001	-0.00000	-0.00004	-0.00005	0.00009	-0.00221	-0.00005	-0.00002	-0.00002	0.00020	-0.00044	-0.00045	0.00009	-0.00038	0.00022	0.00038	0.00000	-0.00001	-0.00000	-0.00023	-0.00031	0.00017
80	-0.00019	-0.00528	0.00114	0.00004	-0.00005	-0.00001	-0.00000	0.00001	0.00008	0.00009	-0.00060	0.00000	-0.00002	0.00000	0.00001	0.00024	-0.00222	-0.00001	0.00032	-0.00173	0.00043	0.00001	-0.00001	0.00000	-0.00006	-0.00001	-0.00003	0.00002	0.00003	-0.00007	0.00014	-0.00031	-0.00004	0.00002	0.00001	-0.00001	0.00028	-0.00097	-0.00002	-0.00002	-0.00011	0.00020	-0.00042	0.00021	0.00013	-0.00063	0.00091	0.00060	0.00001	-0.00001	-0.00000	-0.00022	-0.00041	-0.00013
81	0.00075	-0.00563	0.00151	-0.00000	-0.00001	-0.00001	0.00000	0.00000	0.00007	-0.00026	-0.00158	-0.00004	-0.00001	-0.00002	0.00004	0.00013	-0.00269	-0.00003	0.00068	-0.00109	0.00051	0.00001	-0.00003	0.00000	-0.00001	-0.00036	0.00014	0.00001	0.00001	0.00000	0.00019	-0.00036	-0.00005	0.00002	0.00002	0.00001	0.00071	0.00027	0.00001	0.00010	-0.00019	0.00038	-0.00038	0.00004	0.00012	-0.00064	0.00086	0.00061	0.00001	-0.00002	-0.00000	0.00019	-0.00049	-0.00026
82	0.00093	-0.00590	0.00099	-0.00001	-0.00016	-0.00013	0.00001	-0.00002	-0.00007	-0.00035	-0.00174	-0.00004	0.00001	-0.00000	0.00000	0.00019	-0.00227	0.00002	0.00076	-0.00048	0.00028	0.00001	-0.00003	0.00000	-0.00002	-0.00013	0.00004	-0.00003	-0.00001	0.00003	0.00010	-0.00033	-0.00003	-0.00000	-0.00000	0.00000	0.00050	-0.00010	-0.00000	0.00004	0.00003	0.00030	-0.00033	-0.00010	0.00010	-0.00049	0.00052	0.00037	0.00000	-0.00002	-0.00000	0.00054	-0.00105	0.00013
83	0.00047	-0.00393	0.00050	-0.00001	-0.00014	-0.00011	-0.00001	-0.00002	-0.00008	-0.00002	-0.00053	-0.00000	-0.00001	0.00000	-0.00001	0.00028	-0.00085	0.00006	0.00035	-0.00046	0.00012	0.00000	-0.00002	0.00000	-0.00003	0.00003	-0.00005	-0.00001	0.00001	-0.00001	0.00005	-0.00028	-0.00002	0.00001	0.00002	0.00002	0.00027	-0.00099	-0.00003	-0.00014	0.00020	0.00003	-0.00024	0.00025	0.00010	-0.00039	0.00054	0.00025	0.00000	-0.00001	-0.00000	0.00037	-0.00167	0.00023
84	0.00077	-0.00229	0.00078	0.00004	0.00008	0.00006	-0.00000	0.00000	0.00004	0.00043	0.00054	0.00006	-0.00001	-0.00002	0.00003	0.00055	0.00037	0.00015	0.00004	-0.00050	0.00021	-0.00000	-0.00001	0.00000	-0.00002	-0.00021	0.00006	0.00001	0.00000	-0.00000	0.00002	-0.00043	-0.00003	0.00002	0.00002	0.00001	0.00045	-0.00089	-0.00002	-0.00011	-0.00001	0.00008	-0.00027	-0.00015	0.00006	-0.00043	0.00027	0.00019	-0.00000	-0.00002	0.00000	0.00006	-0.00134	-0.00013
85	0.00096	-0.00220	0.00029	0.00007	0.00007	0.00004	0.00003	0.00000	0.00002	0.00047	0.00043	0.00007	0.00000	-0.00001	0.00002	0.00058	0.00009	0.00013	0.00001	-0.00059	0.00009	-0.00000	-0.00001	0.00000	-0.00002	-0.00012	0.00004	-0.00001	-0.00000	-0.00003	0.00001	-0.00056	-0.00003	0.00003	-0.00002	-0.00005	0.00028	-0.00056	-0.00001	-0.00004	-0.00016	0.00012	-0.00030	-0.00055	0.00001	-0.00037	0.00013	0.00013	-0.00000	-0.00002	-0.00000	0.00022	-0.00032	-0.00026
86	0.00061	-0.00387	-0.00063	0.00008	-0.00006	-0.00007	0.00004	-0.00001	-0.00011	0.00018	-0.00019	0.00002	-0.00000	0.00003	-0.00004	0.00021	-0.00073	-0.00002	-0.00005	-0.00054	0.00007	0.00000	-0.00001	0.00000	-0.00005	0.00015	-0.00010	-0.00003	0.00001	-0.00011	0.00010	-0.00062	-0.00005	0.00001	-0.00004	-0.00006	-0.00005	-0.00090	-0.00003	-0.00007	-0.00002	-0.00010	-0.00006	-0.00052	-0.00003	-0.00012	0.00021	0.00004	0.00000	-0.00002	-0.00000	0.00042	-0.00060	-0.00004
87	0.00104	-0.00782	-0.00048	0.00005	-0.00003	-0.00003	0.00003	-0.00001	-0.00012	0.00003	-0.00061	-0.00000	-0.00001	0.00004	-0.00006	0.00005	-0.00074	-0.00003	-0.00002	-0.00003	0.00045	0.00000	-0.00002	0.00000	-0.00002	-0.00003	-0.00000	-0.00002	-0.00000	-0.00007	0.00015	-0.00085	-0.00007	-0.00000	-0.00002	-0.00003	0.00026	-0.00094	-0.00002	-0.00000	0.00008	-0.00020	0.00013	-0.00135	-0.00011	0.00005	-0.00055	-0.00026	0.00000	-0.00003	-0.00000	0.00036	-0.00272	0.00008
88	0.00184	-0.01114	-0.00027	-0.00005	-0.00013	-0.00008	-0.00000	-0.00001	-0.00010	0.00005	-0.00096	0.00000	-0.00000	0.00003	-0.00004	0.00020	-0.00096	0.00004	0.00016	0.00018	0.00056	0.00000	-0.00003	0.00000	0.00004	-0.00019	0.00009	0.00001	0.00001	-0.00001	0.00001	-0.00098	-0.00006	0.00002	0.00001	-0.00001	0.00064	-0.00081	-0.00002	0.00011	0.00001	-0.00010	-0.00006	-0.00219	-0.00015	0.00006	-0.00129	-0.00032	0.00000	-0.00003	-0.00000	0.00064	-0.00378	-0.00006
89	0.00187	-0.01120	-0.00056	-0.00005	-0.00039	-0.00028	-0.00000	-0.00003	-0.00015	0.00012	-0.00097	0.00001	0.00001	0.00004	-0.00006	0.00022	-0.00158	0.00001	0.00019	-0.00042	0.00022	0.00001	-0.00003	0.00000	0.00004	-0.00011	0.00003	0.00001	0.00002	-0.00006	-0.00003	-0.00082	-0.00004	0.00003	0.00002	-0.00001	0.00034	-0.00169	-0.00005	0.00011	-0.00005	0.00003	-0.00011	-0.00194	-0.00011	0.00011	-0.00103	0.00003	0.00000	-0.00002	-0.00000	0.00089	-0.00220	-0.00012
90	0.00181	-0.01059	-0.00075	0.00007	-0.00048	-0.00036	0.00001	-0.00004	-0.00019	0.00013	-0.00072	0.00001	0.00000	0.00006	-0.00009	-0.00001	-0.00183	-0.00003	-0.00002	-0.00102	0.00003	0.00000	-0.00002	0.00000	0.00002	-0.00024	0.00011	0.00000	0.00000	-0.00003	0.00013	-0.00072	-0.00006	0.00001	0.00001	-0.00000	0.00010	-0.00207	-0.00007	0.00008	-0.00006	0.00013	0.00037	-0.00153	-0.00015	0.00033	-0.00066	0.00005	-0.00000	-0.00002	-0.00000	0.00058	-0.00123	-0.00010
91	0.00216	-0.00943	-0.00122	0.00017	-0.00036	-0.00027	0.00000	-0.00003	-0.00020	0.00001	-0.00065	-0.00001	-0.00001	0.00006	-0.00010	-0.00021	-0.00141	-0.00006	-0.00021	-0.00076	0.00000	0.00000	-0.00002	0.00000	0.00002	-0.00032	0.00018	0.00002	-0.00002	0.00007	0.00009	-0.00079	-0.00006	0.00001	0.00002	0.00001	0.00052	-0.00100	-0.00002	0.00005	-0.00010	-0.00001	0.00061	-0.00144	-0.00023	0.00059	-0.00067	-0.00037	0.00000	-0.00002	-0.00000	0.00052	-0.00193	-0.00017
92	0.00157	-0.00686	-0.00201	0.00015	-0.00027	-0.00022	0.00001	-0.00003	-0.00021	-0.00004	-0.00043	-0.00001	0.00000	0.00006	-0.00010	-0.00023	-0.00044	-0.00010	-0.00033	0.00006	-0.00022	-0.00000	-0.00002	0.00000	-0.00004	-0.00000	-0.00003	-0.00001	0.00000	0.00001	-0.00006	-0.00075	-0.00004	0.00002	0.00002	0.00001	0.00057	-0.00133	-0.00003	0.00004	-0.00011	-0.00025	0.00032	-0.00142	-0.00020	0.00058	-0.00085	-0.00049	0.00001	-0.00002	-0.00000	0.00060	-0.00132	-0.00014
93	0.00100	-0.00854	-0.00255	0.00008	-0.00027	-0.00024	0.00002	-0.00003	-0.00018	0.00002	-0.00046	0.00000	0.00003	0.00004	-0.00007	-0.00022	-0.00057	-0.00012	-0.00030	0.00013	-0.00048	-0.00000	-0.00002	0.00000	-0.00005	0.00027	-0.00017	-0.00004	0.00001	-0.00008	0.00001	-0.00059	-0.00003	0.00000	-0.00003	-0.00005	0.00026	-0.00306	-0.00010	0.00011	-0.00006	-0.00029	0.00023	-0.00154	-0.00014	0.00046	-0.00114	-0.00036	0.00000	-0.00002	-0.00000	0.00038	-0.00122	-0.00021
94	0.00182	-0.01312	-0.00242	0.00009	-0.00018	-0.00015	0.00003	-0.00001	-0.00011	-0.00002	-0.00094	-0.00002	0.00002	0.00004	-0.00007	-0.00027	-0.00163	-0.00011	-0.00007	-0.00028	-0.00043	0.00000	-0.00003	0.00000	0.00008	0.00007	0.00002	0.00000	-0.00001	-0.00004	0.00016	-0.00062	-0.00005	0.00000	-0.00007	-0.00010	0.00054	-0.00265	-0.00008	0.00018	-0.00001	-0.00026	0.00032	-0.00167	-0.00014	0.00037	-0.00126	-0.00046	-0.00001	-0.00003	0.00000	0.00039	-0.00382	-0.00041
95	0.00177	-0.01285	-0.00131	0.00019	0.00000	-0.00001	0.00005	-0.00000	-0.00010	-0.00006	-0.00109	-0.00003	0.00001	0.00006	-0.00010	-0.00023	-0.00147	-0.00001	-0.00002	-0.00009	-0.00003	0.00000	-0.00004	0.00000	0.00009	-0.00022	0.00015	0.00002	-0.00001	-0.00002	0.00015	-0.00104	-0.00008	0.00003	-0.00003	-0.00007	0.00031	-0.00116	-0.00003	0.00011	-0.00005	-0.00011	0.00030	-0.00194	-0.00018	0.00022	-0.00104	-0.00043	0.00000	-0.00004	-0.00000	0.00059	-0.00468	-0.00027
96	0.00015	-0.01023	-0.00081	0.00019	-0.00005	-0.00006	0.00004	-0.00001	-0.00016	-0.00010	-0.00091	-0.00003	0.00002	0.00009	-0.00014	-0.00025	-0.00090	0.00001	-0.00024	0.00005	0.00018	0.00000	-0.00004	0.00000	-0.00006	-0.00013	-0.00001	-0.00002	0.00001	-0.00011	0.00005	-0.00128	-0.00008	0.00002	-0.00001	-0.00004	-0.00046	-0.00134	-0.00008	0.00004	-0.00020	0.00006	0.00026	-0.00213	-0.00017	0.00022	-0.00081	-0.00017	0.00001	-0.00004	-0.00000	0.00045	-0.00254	-0.00003
97	-0.00034	-0.00908	-0.00172	0.00003	-0.00036	-0.00024	-0.00002	-0.00001	-0.00019	-0.00009	-0.00079	-0.00002	-0.00000	0.00012	-0.00017	-0.00031	-0.00130	-0.00008	-0.00033	-0.00044	-0.00007	0.00000	-0.00003	0.00000	-0.00017	0.00000	-0.00011	-0.00005	0.00001	-0.00014	0.00002	-0.00094	-0.00006	0.00000	-0.00004	-0.00006	-0.00007	-0.00160	-0.00006	0.00003	-0.00017	-0.00008	0.00025	-0.00152	-0.00012	0.00022	-0.00058	-0.00019	0.00000	-0.00003	-0.00000	0.00014	-0.00140	-0.00011
98	-0.00020	-0.00963	-0.00241	-0.00003	-0.00047	-0.00031	-0.00002	-0.00001	-0.00017	0.00001	-0.00071	-0.00001	-0.00001	0.00012	-0.00017	-0.00031	-0.00177	-0.00012	-0.00042	-0.00100	-0.00018	-0.00000	-0.00003	0.00000	-0.00016	-0.00004	-0.00002	-0.00005	-0.00002	-0.00012	0.00004	-0.00072	-0.00004	-0.00001	-0.00007	-0.00009	0.00041	-0.00134	-0.00003	-0.00003	0.00008	-0.00022	0.00026	-0.00093	-0.00013	0.00016	-0.00031	-0.00032	-0.00000	-0.00003	-0.00000	-0.00005	-0.00238	-0.00049
99	-0.00069	-0.01313	-0.00261	0.00009	-0.00037	-0.00028	0.00003	-0.00003	-0.00019	-0.00010	-0.00083	-0.00003	0.00003	0.00008	-0.00013	-0.00051	-0.00196	-0.00020	-0.00053	-0.00120	0.00001	-0.00000	-0.00004	0.00000	-0.00004	0.00003	-0.00002	-0.00003	-0.00001	-0.00012	-0.00001	-0.00077	-0.00005	-0.00001	-0.00006	-0.00008	-0.00009	-0.00213	-0.00009	-0.00004	0.00014	-0.00023	0.00021	-0.00120	-0.00016	0.00031	-0.00062	-0.00033	0.00000	-0.00003	-0.00000	0.00001	-0.00413	-0.00071
100	-0.00087	-0.01532	-0.00275	0.00012	-0.00035	-0.00030	0.00006	-0.00004	-0.00026	-0.00027	-0.00110	-0.00007	0.00005	0.00005	-0.00010	-0.00066	-0.00224	-0.00026	-0.00030	-0.00095	-0.00006	0.00000	-0.00004	0.00000	-0.00002	0.00013	-0.00015	-0.00003	0.00003	-0.00018	0.00002	-0.00081	-0.00005	0.00001	-0.00003	-0.00006	-0.00040	-0.00256	-0.00013	0.00011	-0.00006	-0.00026	0.00006	-0.00189	-0.00015	0.00032	-0.00130	-0.00031	0.00000	-0.00003	-0.00000	0.00006	-0.00413	-0.00043
101	-0.00103	-0.01334	-0.00228	0.00003	-0.00025	-0.00022	0.00003	-0.00003	-0.00024	-0.00025	-0.00130	-0.00007	0.00003	0.00003	-0.00007	-0.00054	-0.00247	-0.00019	-0.00000	-0.00061	-0.00021	0.00000	-0.00004	0.00000	-0.00015	0.00017	-0.00020	-0.00006	0.00002	-0.00024	0.00004	-0.00106	-0.00007	0.00000	-0.00008	-0.00012	-0.00040	-0.00150	-0.00009	0.00023	-0.00026	0.00003	-0.00001	-0.00249	-0.00017	0.00008	-0.00128	-0.00024	-0.00000	-0.00004	-0.00000	-0.00006	-0.00213	-0.00019
102	-0.00054	-0.01122	-0.00169	-0.00001	-0.00017	-0.00013	-0.00000	-0.00001	-0.00013	-0.00015	-0.00131	-0.00005	0.00002	0.00003	-0.00006	-0.00040	-0.00241	-0.00012	0.00005	-0.00056	-0.00002	0.00000	-0.00005	0.00000	-0.00017	0.00027	-0.00016	-0.00005	-0.00001	-0.00024	-0.00000	-0.00121	-0.00007	-0.00002	-0.00017	-0.00022	-0.00020	-0.00103	-0.00005	0.00020	-0.00026	0.00028	0.00016	-0.00225	-0.00020	0.00006	-0.00063	-0.00028	-0.00000	-0.00005	-0.00000	-0.00002	-0.00140	-0.00025
103	0.00023	-0.00991	-0.00176	-0.00001	-0.00030	-0.00022	-0.00000	-0.00001	-0.00012	-0.00020	-0.00114	-0.00006	0.00002	0.00006	-0.00009	-0.00049	-0.00210	-0.00017	-0.00003	-0.00066	0.00010	0.00000	-0.00004	0.00000	-0.00006	0.00021	-0.00010	-0.00001	0.00000	-0.00018	0.00003	-0.00085	-0.00005	0.00000	-0.00012	-0.00016	0.00045	-0.00140	-0.00001	0.00014	-0.00010	0.00013	0.00031	-0.00129	-0.00015	0.00022	-0.00031	-0.00041	0.00000	-0.00004	-0.00000	-0.00014	-0.00183	-0.00026
104	-0.00108	-0.00861	-0.00182	-0.00000	-0.00034	-0.00029	0.00002	-0.00004	-0.00024	-0.00037	-0.00085	-0.00010	0.00004	0.00006	-0.00011	-0.00070	-0.00153	-0.00024	-0.00021	-0.00066	-0.00006	-0.00000	-0.00002	0.00000	-0.00002	-0.00013	0.00004	0.00001	0.00000	-0.00008	-0.00003	-0.00051	-0.00003	0.00004	0.00001	-0.00002	0.00030	-0.00128	-0.00002	0.00010	-0.00006	0.00003	0.00010	-0.00094	-0.00010	0.00007	-0.00060	-0.00042	0.00000	-0.00003	-0.00000	-0.00044	-0.00170	-0.00019
105	-0.00242	-0.00745	-0.00190	0.00005	-0.00032	-0.00028	0.00003	-0.00005	-0.00030	-0.00030	-0.00051	-0.00007	0.00005	0.00005	-0.00010	-0.00064	-0.00067	-0.00020	-0.00040	-0.00033	-0.00016	-0.00000	-0.00002	0.00000	-0.00007	-0.00027	0.00012	-0.00000	-0.00001	-0.00001	-0.00013	-0.00055	-0.00002	0.00003	0.00000	-0.00002	-0.00054	-0.00151	-0.00011	0.00006	-0.00015	0.00002	-0.00016	-0.00108	-0.00012	-0.00007	-0.00075	-0.00033	0.00000	-0.00003	-0.00000	-0.00033	-0.00123	-0.00032
106	-0.00133	-0.00801	-0.00243	0.00006	-0.00041	-0.00031	0.00000	-0.00002	-0.00026	-0.00012	-0.00051	-0.00003	0.00002	0.00009	-0.00014	-0.00038	-0.00060	-0.00012	-0.00027	-0.00016	-0.00013	0.00000	-0.00003	0.00000	-0.00009	-0.00003	0.00002	-0.00001	-0.00001	-0.00004	-0.00006	-0.00078	-0.00005	0.00001	-0.00007	-0.00010	-0.00046	-0.00261	-0.00014	0.00007	-0.00020	-0.00009	-0.00009	-0.00110	-0.00012	0.00006	-0.00042	-0.00028	0.00000	-0.00003	-0.00000	-0.00008	-0.00111	-0.00064
107	0.00015	-0.01187	-0.00237	-0.00000	-0.00047	-0.00036	-0.00001	-0.00002	-0.00024	-0.00020	-0.00093	-0.00005	0.00002	0.00011	-0.00017	-0.00038	-0.00159	-0.00015	0.00000	-0.00065	-0.00001	0.00000	-0.00004	0.00000	-0.00003	0.00000	-0.00006	0.00001	0.00003	-0.00014	0.00005	-0.00101	-0.00006	0.00003	-0.00005	-0.00009	0.00005	-0.00279	-0.00009	0.00016	-0.00016	-0.00008	0.00009	-0.00137	-0.00009	0.00014	-0.00035	-0.00033	-0.00000	-0.00003	-0.00000	0.00020	-0.00253	-0.00043
108	0.00035	-0.01452	-0.00108	-0.00000	-0.00048	-0.00038	0.00002	-0.00004	-0.00022	-0.00030	-0.00114	-0.00008	0.00005	0.00008	-0.00015	-0.00059	-0.00230	-0.00023	-0.00007	-0.00128	0.00027	-0.00000	-0.00004	0.00000	0.00005	-0.00016	-0.00003	0.00006	0.00006	-0.00020	0.00009	-0.00102	-0.00006	0.00007	0.00000	-0.00005	-0.00006	-0.00185	-0.00007	0.00015	-0.00002	0.00003	0.00020	-0.00139	-0.00005	0.00013	-0.00037	-0.00016	-0.00000	-0.00004	-0.00000	0.00057	-0.00453	0.00028
109	-0.00072	-0.01145	-0.00063	0.00005	-0.00038	-0.00029	0.00002	-0.00003	-0.00024	-0.00024	-0.00102	-0.00006	0.00004	0.00008	-0.00014	-0.00074	-0.00218	-0.00023	-0.00043	-0.00135	0.00036	-0.00000	-0.00004	0.00000	0.00000	-0.00001	-0.00008	0.00004	0.00005	-0.00020	0.00013	-0.00079	-0.00004	0.00006	-0.00002	-0.00008	-0.00021	-0.00164	-0.00008	0.00002	0.00013	0.00001	0.00026	-0.00041	-0.00000	0.00002	0.00031	0.00019	-0.00000	-0.00005	-0.00000	0.00029	-0.00409	0.00025
110	-0.00231	-0.00565	-0.00217	0.00004	-0.00037	-0.00029	0.00001	-0.00003	-0.00030	-0.00020	-0.00098	-0.00005	0.00003	0.00010	-0.00016	-0.00071	-0.00170	-0.00018	-0.00055	-0.00076	0.00000	-0.00000	-0.00004	0.00000	-0.00011	0.00028	-0.00022	-0.00000	0.00004	-0.00025	0.00010	-0.00056	-0.00003	0.00003	-0.00009	-0.00015	-0.00019	-0.00177	-0.00009	-0.00007	0.00021	-0.00019	0.00005	0.00068	0.00005	-0.00032	0.00118	0.00015	0.00000	-0.00004	-0.00000	-0.00040	-0.00179	-0.00047
111	-0.00186	-0.00582	-0.00222	0.00005	-0.00042	-0.00031	0.00002	-0.00002	-0.00026	-0.00021	-0.00127	-0.00004	0.00003	0.00010	-0.00017	-0.00052	-0.00200	-0.00014	-0.00030	-0.00073	-0.00005	-0.00001	-0.00004	0.00000	-0.00019	0.00028	-0.00027	0.00000	0.00006	-0.00027	0.00016	-0.00066	-0.00004	0.00004	-0.00007	-0.00013	-0.00020	-0.00138	-0.00007	-0.00001	0.00014	-0.00009	-0.00008	0.00057	0.00006	-0.00045	0.00137	0.00022	0.00000	-0.00003	-0.00000	-0.00021	-0.00171	-0.00065
112	0.00017	-0.01315	0.00015	0.00018	-0.00023	-0.00012	0.00003	-0.00000	-0.00018	-0.00018	-0.00175	-0.00003	0.00003	0.00011	-0.00017	-0.00041	-0.00333	-0.00011	-0.00010	-0.00187	0.00048	-0.00001	-0.00006	0.00000	-0.00022	-0.00016	-0.00006	0.00000	0.00005	-0.00023	0.00031	-0.00089	-0.00006	0.00004	-0.00004	-0.00009	-0.00008	-0.00137	-0.00006	0.00013	-0.00006	0.00036	0.00011	-0.00024	-0.00001	-0.00017	0.00106	0.00079	0.00000	-0.00004	-0.00000	0.00050	-0.00433	-0.00035
113	0.00043	-0.01623	0.00039	0.00022	-0.00030	-0.00018	0.00006	-0.00002	-0.00024	-0.00022	-0.00190	-0.00004	0.00004	0.00011	-0.00019	-0.00048	-0.00392	-0.00011	-0.00012	-0.00243	0.00056	-0.00000	-0.00006	0.00000	-0.00012	-0.00047	0.00014	0.00000	0.00003	-0.00023	0.00018	-0.00076	-0.00005	0.00001	-0.00006	-0.00012	-0.00016	-0.00161	-0.00008	0.00015	-0.00005	0.00031	0.00004	-0.00021	-0.00001	0.00014	0.00090	0.00081	0.00001	-0.00004	-0.00000	0.00067	-0.00543	-0.00019
114	-0.00003	-0.01228	-0.00127	0.00011	-0.00069	-0.00050	0.00006	-0.00005	-0.00036	-0.00024	-0.00170	-0.00005	0.00004	0.00011	-0.00019	-0.00050	-0.00328	-0.00015	-0.00014	-0.00173	0.00016	-0.00000	-0.00006	0.00000	-0.00000	-0.00023	0.00009	0.00001	0.00002	-0.00007	0.00016	-0.00035	-0.00003	0.00001	-0.00003	-0.00005	-0.00005	-0.00153	-0.00006	0.00005	0.00010	-0.00015	-0.00017	0.00023	0.00006	0.00002	0.00073	0.00014	0.00002	-0.00000	-0.00000	0.00062	-0.00381	-0.00010
115	0.00018	-0.01093	-0.00154	0.00008	-0.00065	-0.00047	0.00003	-0.00004	-0.00034	-0.00013	-0.00168	-0.00002	0.00002	0.00015	-0.00020	-0.00035	-0.00293	-0.00013	-0.00010	-0.00128	0.00019	-0.00001	-0.00006	0.00000	-0.00004	0.00005	-0.00005	0.00002	0.00002	0.00009	0.00028	-0.00014	-0.00003	0.00003	0.00004	0.00005	0.00045	-0.00175	0.00000	0.00003	0.00002	-0.00023	-0.00032	0.00015	0.00004	-0.00018	0.00035	-0.00022	0.00003	0.00002	-0.00000	0.00036	-0.00318	-0.00023
116	-0.00143	-0.01278	-0.00218	0.00010	-0.00038	-0.00025	0.00001	-0.00001	-0.00021	-0.00012	-0.00187	-0.00001	-0.00000	0.00017	-0.00020	-0.00032	-0.00325	-0.00012	-0.00018	-0.00150	0.00031	-0.00000	-0.00008	0.00000	-0.00020	0.00014	-0.00023	0.00001	0.00007	-0.00028	-0.00007	0.00002	-0.00002	0.00004	-0.00004	-0.00008	0.00017	-0.00241	-0.00006	0.00009	-0.00009	-0.00017	-0.00062	0.00045	0.00003	-0.00017	0.00040	-0.00026	0.00002	0.00001	-0.00000	-0.00018	-0.00443	-0.00063
117	-0.00304	-0.01228	-0.00271	0.00008	-0.00035	-0.00024	0.00001	-0.00001	-0.00015	-0.00031	-0.00199	-0.00007	0.00001	0.00015	-0.00019	-0.00053	-0.00334	-0.00020	-0.00023	-0.00150	0.00006	-0.00000	-0.00008	0.00000	-0.00019	0.00001	-0.00010	-0.00005	0.00004	-0.00040	-0.00036	0.00041	0.00002	0.00002	-0.00007	-0.00015	-0.00044	-0.00249	-0.00015	0.00010	-0.00008	-0.00020	-0.00074	0.00093	0.00008	-0.00007	0.00037	-0.00030	-0.00000	0.00002	0.00000	-0.00036	-0.00428	-0.00072
118	-0.00298	-0.01084	-0.00119	0.00002	-0.00031	-0.00023	0.00001	-0.00000	-0.00016	-0.00044	-0.00196	-0.00013	0.00000	0.00010	-0.00013	-0.00072	-0.00296	-0.00026	-0.00011	-0.00103	0.00000	-0.00000	-0.00007	0.00000	0.00017	-0.00047	0.00046	-0.00003	-0.00011	0.00034	-0.00036	0.00041	0.00002	-0.00001	0.00005	0.00008	-0.00034	-0.00197	-0.00012	0.00009	-0.00001	-0.00015	-0.00071	0.00044	0.00006	0.00001	-0.00019	-0.00027	-0.00001	0.00002	0.00000	-0.00056	-0.00278	-0.00072
119	-0.00494	-0.01108	-0.00108	-0.00008	-0.00025	-0.00022	-0.00000	-0.00001	-0.00012	-0.00039	-0.00176	-0.00012	-0.00001	0.00005	-0.00005	-0.00093	-0.00254	-0.00033	-0.00037	-0.00086	-0.00002	-0.00000	-0.00008	0.00000	0.00021	-0.00065	0.00054	0.00004	-0.00011	0.00062	-0.00065	0.00001	-0.00000	-0.00000	0.00011	0.00020	-0.00075	-0.00183	-0.00018	0.00001	0.00003	-0.00016	-0.00091	-0.00005	-0.00000	0.00002	-0.00034	-0.00041	-0.00002	0.00000	0.00000	-0.00110	-0.00281	-0.00083
120	-0.00797	-0.01199	-0.00281	-0.00008	-0.00037	-0.00031	0.00001	-0.00002	-0.00007	-0.00034	-0.00160	-0.00010	-0.00003	0.00004	-0.00001	-0.00115	-0.00234	-0.00047	-0.00088	-0.00095	-0.00037	-0.00001	-0.00008	0.00000	-0.00033	-0.00046	0.00010	0.00002	0.00001	0.00014	-0.00091	-0.00024	-0.00001	0.00003	0.00008	0.00012	-0.00173	-0.00224	-0.00036	-0.00006	-0.00003	-0.00026	-0.00107	-0.00022	-0.00004	-0.00002	-0.00026	-0.00060	-0.00003	-0.00000	0.00000	-0.00139	-0.00330	-0.00056
121	-0.00877	-0.01363	-0.00395	-0.00002	-0.00039	-0.00030	-0.00001	-0.00001	-0.00002	-0.00050	-0.00181	-0.00016	-0.00006	0.00005	0.00002	-0.00137	-0.00219	-0.00063	-0.00089	-0.00027	-0.00068	-0.00001	-0.00009	0.00000	-0.00045	-0.00020	-0.00011	0.00001	0.00005	-0.00011	-0.00085	-0.00079	-0.00005	0.00004	0.00005	0.00005	-0.00178	-0.00310	-0.00039	-0.00002	0.00001	-0.00034	-0.00113	-0.00123	-0.00010	-0.00001	-0.00064	-0.00057	-0.00002	-0.00002	0.00000	-0.00169	-0.00307	-0.00059
122	-0.00935	-0.01796	-0.00545	-0.00015	-0.00024	-0.00020	-0.00007	0.00003	0.00006	-0.00075	-0.00218	-0.00025	-0.00008	0.00000	0.00010	-0.00189	-0.00220	-0.00089	-0.00095	0.00053	-0.00098	-0.00000	-0.00010	0.00001	-0.00009	0.00007	-0.00013	0.00008	0.00005	-0.00013	-0.00081	-0.00181	-0.00010	0.00004	0.00001	-0.00002	-0.00139	-0.00395	-0.00033	0.00006	0.00010	-0.00043	-0.00117	-0.00277	-0.00018	0.00007	-0.00125	-0.00071	-0.00001	-0.00007	-0.00000	-0.00224	-0.00420	-0.00128
123	-0.01135	-0.02091	-0.00659	-0.00027	-0.00021	-0.00018	-0.00009	0.00006	0.00014	-0.00076	-0.00234	-0.00025	-0.00006	-0.00008	0.00020	-0.00243	-0.00207	-0.00115	-0.00156	0.00080	-0.00138	-0.00000	-0.00011	0.00001	-0.00008	0.00006	-0.00013	0.00009	0.00006	-0.00011	-0.00070	-0.00247	-0.00012	0.00003	0.00002	0.00002	-0.00168	-0.00380	-0.00039	0.00005	-0.00001	-0.00040	-0.00098	-0.00379	-0.00022	0.00005	-0.00174	-0.00093	-0.00001	-0.00010	-0.00000	-0.00296	-0.00520	-0.00168
124	-0.01362	-0.01730	-0.00615	-0.00023	-0.00027	-0.00019	-0.00004	0.00003	0.00025	-0.00069	-0.00233	-0.00022	-0.00004	-0.00017	0.00029	-0.00252	-0.00101	-0.00128	-0.00196	0.00165	-0.00156	-0.00000	-0.00013	0.00001	-0.00031	0.00000	-0.00016	0.00006	0.00005	0.00001	-0.00046	-0.00268	-0.00012	0.00004	0.00012	0.00016	-0.00262	-0.00297	-0.00058	-0.00010	-0.00008	-0.00023	-0.00082	-0.00407	-0.00021	-0.00027	-0.00170	-0.00067	0.00000	-0.00011	-0.00000	-0.00364	-0.00366	-0.00166
125	-0.01543	-0.01256	-0.00578	-0.00027	-0.00018	-0.00014	-0.00001	0.00001	0.00039	-0.00084	-0.00221	-0.00030	-0.00005	-0.00022	0.00038	-0.00251	0.00051	-0.00142	-0.00187	0.00293	-0.00172	-0.00000	-0.00014	0.00001	-0.00042	0.00013	-0.00025	-0.00001	0.00003	0.00003	-0.00026	-0.00307	-0.00011	0.00001	0.00011	0.00018	-0.00371	-0.00261	-0.00080	-0.00032	0.00002	-0.00004	-0.00077	-0.00443	-0.00018	-0.00066	-0.00142	-0.00019	0.00000	-0.00011	-0.00000	-0.00374	-0.00190	-0.00161
126	-0.01564	-0.01210	-0.00625	-0.00036	0.00010	0.00002	-0.00003	0.00003	0.00054	-0.00108	-0.00180	-0.00045	-0.00010	-0.00025	0.00046	-0.00268	0.00174	-0.00163	-0.00179	0.00388	-0.00220	-0.00002	-0.00013	0.00000	-0.00047	0.00020	-0.00028	-0.00011	0.00001	0.00001	-0.00006	-0.00361	-0.00011	-0.00006	0.00004	0.00012	-0.00392	-0.00289	-0.00085	-0.00038	0.00003	0.00001	-0.00041	-0.00575	-0.00019	-0.00062	-0.00208	-0.00020	0.00000	-0.00012	-0.00000	-0.00355	-0.00152	-0.00152
127	-0.01424	-0.01178	-0.00663	-0.00033	0.00037	0.00025	-0.00007	0.00007	0.00070	-0.00124	-0.00115	-0.00059	-0.00015	-0.00028	0.00056	-0.00283	0.00294	-0.00183	-0.00157	0.00491	-0.00260	-0.00003	-0.00010	-0.00001	-0.00048	0.00013	-0.00021	-0.00014	-0.00001	0.00010	0.00002	-0.00379	-0.00010	-0.00008	0.00007	0.00018	-0.00324	-0.00336	-0.00068	-0.00018	-0.00010	-0.00014	-0.00005	-0.00703	-0.00025	-0.00020	-0.00335	-0.00061	-0.00000	-0.00011	-0.00000	-0.00365	-0.00100	-0.00139
128	-0.01302	-0.00810	-0.00636	-0.00035	0.00046	0.00035	-0.00009	0.00009	0.00084	-0.00123	-0.00069	-0.00063	-0.00016	-0.00033	0.00065	-0.00257	0.00391	-0.00187	-0.00102	0.00586	-0.00256	-0.00004	-0.00008	-0.00001	-0.00045	-0.00005	-0.00006	-0.00012	-0.00003	0.00020	-0.00010	-0.00367	-0.00012	-0.00006	0.00012	0.00024	-0.00310	-0.00312	-0.00066	-0.00001	-0.00009	-0.00036	-0.00006	-0.00677	-0.00029	-0.00007	-0.00342	-0.00083	-0.00001	-0.00011	-0.00000	-0.00360	-0.00019	-0.00125
129	-0.01268	-0.00284	-0.00627	-0.00044	0.00043	0.00031	-0.00012	0.00009	0.00094	-0.00127	-0.00012	-0.00071	-0.00016	-0.00037	0.00073	-0.00209	0.00505	-0.00183	-0.00056	0.00662	-0.00251	-0.00005	-0.00003	-0.00002	-0.00046	-0.00019	0.00006	-0.00015	-0.00006	0.00024	-0.00020	-0.00365	-0.00013	-0.00008	0.00012	0.00025	-0.00343	-0.00164	-0.00080	-0.00007	0.00024	-0.00045	-0.00012	-0.00606	-0.00029	-0.00021	-0.00281	-0.00092	-0.00000	-0.00012	-0.00000	-0.00328	-0.00034	-0.00111
130	-0.01240	0.00196	-0.00645	-0.00041	0.00053	0.00036	-0.00014	0.00010	0.00101	-0.00156	0.00123	-0.00100	-0.00019	-0.00040	0.00079	-0.00209	0.00704	-0.00210	-0.00042	0.00740	-0.00256	-0.00006	0.00006	-0.00004	-0.00055	-0.00025	0.00010	-0.00020	-0.00007	0.00044	-0.00025	-0.00370	-0.00015	-0.00011	0.00021	0.00041	-0.00301	-0.00040	-0.00075	-0.00012	0.00047	-0.00038	-0.00016	-0.00640	-0.00033	-0.00012	-0.00330	-0.00124	0.00000	-0.00013	-0.00000	-0.00302	-0.00044	-0.00102
131	-0.01092	0.00430	-0.00541	-0.00032	0.00081	0.00057	-0.00017	0.00012	0.00103	-0.00164	0.00260	-0.00121	-0.00024	-0.00039	0.00079	-0.00214	0.00837	-0.00229	-0.00037	0.00739	-0.00230	-0.00007	0.00013	-0.00005	-0.00064	-0.00046	0.00026	-0.00016	-0.00007	0.00074	-0.00018	-0.00350	-0.00012	-0.00009	0.00038	0.00065	-0.00221	-0.00060	-0.00053	0.00001	0.00034	-0.00031	-0.00002	-0.00673	-0.00030	0.00015	-0.00406	-0.00146	-0.00000	-0.00012	-0.00000	-0.00283	0.00008	-0.00087
132	-0.00859	0.00415	-0.00432	-0.00037	0.00108	0.00077	-0.00031	0.00016	0.00109	-0.00138	0.00338	-0.00118	-0.00030	-0.00038	0.00077	-0.00159	0.00885	-0.00215	-0.00011	0.00714	-0.00223	-0.00007	0.00017	-0.00006	-0.00054	-0.00048	0.00031	-0.00006	-0.00003	0.00076	-0.00010	-0.00348	-0.00010	-0.00005	0.00042	0.00067	-0.00176	-0.00086	-0.00040	0.00015	0.00034	-0.00040	0.00027	-0.00683	-0.00023	0.00028	-0.00430	-0.00140	-0.00001	-0.00012	-0.00000	-0.00265	-0.00092	-0.00053
133	-0.00645	0.00495	-0.00515	-0.00044	0.00114	0.00085	-0.00048	0.00018	0.00120	-0.00120	0.00439	-0.00125	-0.00037	-0.00038	0.00077	-0.00094	0.01006	-0.00217	0.00031	0.00774	-0.00272	-0.00006	0.00021	-0.00006	-0.00030	-0.00016	0.00012	0.00007	0.00004	0.00058	-0.00018	-0.00395	-0.00013	-0.00001	0.00043	0.00060	-0.00115	-0.00016	-0.00029	0.00013	0.00046	-0.00057	0.00019	-0.00794	-0.00034	0.00016	-0.00508	-0.00149	-0.00000	-0.00016	-0.00000	-0.00216	-0.00188	-0.00025
134	-0.00435	0.00765	-0.00541	-0.00041	0.00102	0.00077	-0.00054	0.00016	0.00117	-0.00083	0.00574	-0.00132	-0.00040	-0.00036	0.00072	-0.00049	0.01103	-0.00221	0.00038	0.00766	-0.00277	-0.00004	0.00028	-0.00007	-0.00015	-0.00014	0.00015	0.00017	0.00009	0.00060	-0.00015	-0.00414	-0.00012	0.00003	0.00048	0.00060	-0.00049	0.00040	-0.00016	-0.00010	0.00026	-0.00055	0.00004	-0.00868	-0.00041	-0.00012	-0.00569	-0.00167	0.00000	-0.00017	-0.00000	-0.00125	-0.00031	-0.00014
135	-0.00236	0.01046	-0.00387	-0.00036	0.00089	0.00068	-0.00050	0.00012	0.00096	-0.00025	0.00650	-0.00124	-0.00039	-0.00032	0.00062	0.00010	0.01121	-0.00207	0.00023	0.00674	-0.00216	-0.00002	0.00030	-0.00006	-0.00010	-0.00043	0.00041	0.00021	0.00009	0.00066	-0.00002	-0.00374	-0.00007	0.00004	0.00048	0.00059	-0.00031	0.00062	-0.00013	-0.00028	0.00015	-0.00035	0.00008	-0.00803	-0.00030	-0.00040	-0.00528	-0.00151	-0.00000	-0.00014	-0.00000	-0.00039	0.00127	0.00010
136	-0.00038	0.01137	-0.00332	-0.00038	0.00073	0.00058	-0.00050	0.00008	0.00076	0.00018	0.00681	-0.00116	-0.00039	-0.00029	0.00050	0.00066	0.01171	-0.00205	0.00038	0.00657	-0.00192	-0.00000	0.00029	-0.00006	-0.00003	-0.00053	0.00051	0.00021	0.00009	0.00056	-0.00011	-0.00324	-0.00010	0.00005	0.00045	0.00051	0.00022	0.00078	-0.00000	-0.00017	0.00033	-0.00023	-0.00015	-0.00785	-0.00036	-0.00052	-0.00574	-0.00129	-0.00001	-0.00013	-0.00000	0.00018	0.00129	0.00043
137	0.00266	0.00847	-0.00310	-0.00036	0.00059	0.00048	-0.00045	0.00006	0.00064	0.00076	0.00727	-0.00112	-0.00034	-0.00023	0.00038	0.00116	0.01171	-0.00197	0.00038	0.00597	-0.00174	0.00003	0.00031	-0.00006	0.00013	-0.00040	0.00045	0.00024	0.00013	0.00042	-0.00019	-0.00289	-0.00012	0.00006	0.00040	0.00042	0.00152	0.00053	0.00035	-0.00014	0.00028	-0.00004	-0.00030	-0.00861	-0.00048	-0.00045	-0.00713	-0.00136	-0.00001	-0.00014	-0.00000	0.00062	0.00062	0.00065
138	0.00606	0.00389	-0.00174	-0.00027	0.00055	0.00042	-0.00033	0.00007	0.00054	0.00138	0.00747	-0.00106	-0.00025	-0.00016	0.00027	0.00173	0.01031	-0.00168	0.00018	0.00390	-0.00113	0.00006	0.00032	-0.00005	0.00028	-0.00025	0.00038	0.00027	0.00016	0.00036	0.00009	-0.00297	0.00001	0.00004	0.00031	0.00037	0.00232	0.00089	0.00053	-0.00044	0.00006	0.00025	0.00028	-0.00922	-0.00023	-0.00031	-0.00736	-0.00141	-0.00001	-0.00015	-0.00000	0.00104	-0.00005	0.00069
139	0.00850	0.00045	-0.00164	-0.00027	0.00040	0.00029	-0.00024	0.00003	0.00033	0.00177	0.00696	-0.00096	-0.00019	-0.00011	0.00016	0.00233	0.00827	-0.00141	0.00048	0.00196	-0.00094	0.00009	0.00028	-0.00005	0.00038	-0.00019	0.00037	0.00025	0.00014	0.00032	0.00032	-0.00342	0.00012	0.00002	0.00025	0.00032	0.00216	0.00225	0.00040	-0.00058	-0.00002	0.00010	0.00092	-0.00929	0.00007	-0.00023	-0.00666	-0.00130	-0.00001	-0.00016	-0.00001	0.00130	-0.00024	0.00055
140	0.01108	-0.00095	-0.00176	-0.00023	0.00020	0.00016	-0.00014	0.00001	0.00014	0.00209	0.00606	-0.00085	-0.00010	-0.00005	0.00005	0.00266	0.00649	-0.00120	0.00076	0.00100	-0.00107	0.00011	0.00026	-0.00004	0.00047	-0.00015	0.00037	0.00024	0.00014	0.00025	0.00029	-0.00345	0.00011	0.00002	0.00019	0.00025	0.00218	0.00280	0.00037	-0.00034	-0.00005	-0.00025	0.00130	-0.00823	0.00030	0.00007	-0.00579	-0.00100	-0.00002	-0.00019	-0.00001	0.00173	-0.00019	0.00067
141	0.01463	-0.00030	0.00051	-0.00005	0.00004	0.00007	0.00001	0.00003	0.00003	0.00235	0.00524	-0.00076	0.00003	0.00004	-0.00009	0.00279	0.00518	-0.00101	0.00056	0.00024	-0.00063	0.00012	0.00024	-0.00004	0.00048	-0.00010	0.00032	0.00022	0.00013	0.00022	0.00041	-0.00309	0.00020	0.00001	0.00010	0.00022	0.00275	0.00206	0.00054	-0.00018	-0.00004	-0.00012	0.00184	-0.00630	0.00070	0.00068	-0.00425	-0.00028	-0.00001	-0.00019	-0.00001	0.00262	0.00038	0.00115
142	0.01649	-0.00058	0.00210	0.00007	-0.00023	-0.00010	0.00014	0.00000	-0.00016	0.00250	0.00427	-0.00066	0.00011	0.00011	-0.00023	0.00302	0.00363	-0.00082	0.00047	-0.00084	0.00010	0.00011	0.00019	-0.00004	0.00043	0.00006	0.00016	0.00014	0.00010	0.00009	0.00069	-0.00277	0.00034	-0.00001	-0.00000	0.00016	0.00309	0.00105	0.00066	-0.00013	-0.00003	0.00012	0.00204	-0.00461	0.00091	0.00085	-0.00231	0.00031	0.00000	-0.00016	0.00000	0.00298	0.00097	0.00126
143	0.01554	-0.00236	0.00158	0.00018	-0.00030	-0.00018	0.00024	-0.00002	-0.00034	0.00243	0.00286	-0.00054	0.00015	0.00012	-0.00024	0.00310	0.00159	-0.00061	0.00059	-0.00171	0.00038	0.00010	0.00012	-0.00003	0.00041	0.00024	0.00000	0.00005	0.00009	-0.00014	0.00068	-0.00241	0.00034	-0.00002	-0.00009	0.00005	0.00309	0.00021	0.00069	-0.00003	-0.00008	0.00012	0.00152	-0.00309	0.00072	0.00047	-0.00058	0.00044	0.00000	-0.00013	0.00000	0.00257	0.00082	0.00092
144	0.01565	-0.00278	0.00188	0.00044	-0.00011	-0.00010	0.00032	-0.00001	-0.00048	0.00233	0.00105	-0.00042	0.00021	0.00015	-0.00032	0.00316	-0.00042	-0.00048	0.00074	-0.00187	0.00027	0.00009	0.00005	-0.00002	0.00037	0.00013	0.00007	0.00001	0.00002	-0.00011	0.00081	-0.00219	0.00042	-0.00004	-0.00019	0.00005	0.00287	0.00031	0.00064	0.00013	-0.00010	0.00010	0.00129	-0.00162	0.00076	0.00034	0.00094	0.00065	0.00002	-0.00012	0.00001	0.00257	0.00121	0.00085
145	0.01651	-0.00288	0.00279	0.00058	-0.00007	-0.00012	0.00042	-0.00002	-0.00066	0.00231	-0.00109	-0.00034	0.00027	0.00022	-0.00051	0.00325	-0.00270	-0.00038	0.00089	-0.00186	0.00032	0.00008	-0.00004	-0.00002	0.00034	0.00002	0.00014	-0.00002	-0.00003	-0.00005	0.00141	-0.00206	0.00078	-0.00005	-0.00029	0.00004	0.00204	0.00133	0.00044	0.00029	-0.00006	0.00011	0.00156	-0.00030	0.00105	0.00033	0.00254	0.00096	0.00005	-0.00009	0.00003	0.00274	0.00165	0.00100
146	0.01626	-0.00417	0.00327	0.00051	-0.00013	-0.00018	0.00046	-0.00003	-0.00068	0.00217	-0.00315	-0.00027	0.00028	0.00024	-0.00056	0.00314	-0.00538	-0.00022	0.00082	-0.00248	0.00066	0.00007	-0.00013	-0.00001	0.00042	0.00029	-0.00007	-0.00001	0.00004	-0.00026	0.00190	-0.00152	0.00110	-0.00001	-0.00026	-0.00013	0.00168	0.00110	0.00036	0.00030	-0.00000	0.00013	0.00161	0.00165	0.00121	0.00009	0.00461	0.00126	0.00009	-0.00005	0.00005	0.00275	0.00102	0.00089
147	0.01641	-0.00454	0.00423	0.00051	-0.00023	-0.00023	0.00041	-0.00003	-0.00063	0.00159	-0.00457	-0.00018	0.00029	0.00024	-0.00056	0.00258	-0.00767	-0.00007	0.00057	-0.00349	0.00088	0.00003	-0.00018	-0.00001	0.00049	0.00055	-0.00025	-0.00001	0.00009	-0.00035	0.00211	-0.00049	0.00130	0.00003	-0.00018	-0.00025	0.00230	-0.00030	0.00050	0.00022	-0.00004	0.00013	0.00184	0.00423	0.00157	0.00034	0.00642	0.00169	0.00011	-0.00001	0.00007	0.00298	0.00111	0.00062
148	0.01549	-0.00156	0.00442	0.00065	-0.00043	-0.00037	0.00043	-0.00006	-0.00076	0.00066	-0.00541	-0.00011	0.00033	0.00029	-0.00067	0.00162	-0.00911	0.00006	0.00056	-0.00392	0.00075	-0.00001	-0.00020	0.00000	0.00039	0.00060	-0.00030	-0.00008	0.00002	-0.00031	0.00213	0.00082	0.00142	0.00003	-0.00022	-0.00029	0.00214	0.00054	0.00047	0.00028	-0.00018	0.00004	0.00224	0.00638	0.00203	0.00108	0.00696	0.00196	0.00012	0.00003	0.00008	0.00290	0.00233	0.00040
149	0.01275	0.00355	0.00339	0.00078	-0.00064	-0.00052	0.00050	-0.00009	-0.00095	-0.00000	-0.00596	-0.00009	0.00037	0.00033	-0.00076	0.00076	-0.01004	0.00011	0.00067	-0.00393	0.00055	-0.00002	-0.00020	0.00000	0.00025	0.00071	-0.00042	-0.00015	0.00001	-0.00044	0.00205	0.00231	0.00153	0.00002	-0.00034	-0.00036	0.00110	0.00311	0.00028	0.00038	-0.00018	-0.00017	0.00232	0.00832	0.00229	0.00138	0.00725	0.00200	0.00013	0.00009	0.00009	0.00222	0.00281	0.00026
150	0.00987	0.00534	0.00295	0.00080	-0.00074	-0.00060	0.00050	-0.00010	-0.00102	-0.00028	-0.00622	-0.00010	0.00037	0.00032	-0.00075	-0.00002	-0.01106	0.00013	0.00026	-0.00474	0.00071	-0.00002	-0.00020	0.00000	0.00024	0.00091	-0.00058	-0.00013	0.00009	-0.00065	0.00199	0.00363	0.00166	0.00006	-0.00034	-0.00046	0.00064	0.00327	0.00018	0.00029	-0.00004	-0.00030	0.00221	0.01025	0.00244	0.00123	0.00808	0.00210	0.00013	0.00015	0.00009	0.00160	0.00207	0.00009
151	0.00696	0.00553	0.00309	0.00060	-0.00073	-0.00061	0.00037	-0.00010	-0.00097	-0.00029	-0.00614	-0.00009	0.00029	0.00032	-0.00074	-0.00047	-0.01179	0.00021	-0.00042	-0.00587	0.00114	-0.00002	-0.00020	0.00000	0.00022	0.00106	-0.00073	-0.00006	0.00017	-0.00075	0.00169	0.00471	0.00166	0.00012	-0.00024	-0.00048	0.00060	0.00174	0.00014	0.00009	0.00006	-0.00024	0.00180	0.01176	0.00249	0.00094	0.00878	0.00214	0.00011	0.00021	0.00009	0.00140	0.00177	-0.00018
152	0.00472	0.01046	0.00324	0.00029	-0.00078	-0.00068	0.00013	-0.00009	-0.00106	-0.00031	-0.00575	-0.00008	0.00017	0.00041	-0.00087	-0.00042	-0.01143	0.00030	-0.00038	-0.00620	0.00154	-0.00002	-0.00019	0.00000	0.00012	0.00119	-0.00086	0.00001	0.00024	-0.00080	0.00117	0.00596	0.00160	0.00016	-0.00018	-0.00047	0.00071	0.00187	0.00017	0.00005	0.00019	-0.00013	0.00120	0.01332	0.00255	0.00047	0.00917	0.00222	0.00007	0.00026	0.00008	0.00130	0.00246	-0.00027
153	0.00285	0.01447	0.00327	0.00019	-0.00095	-0.00082	-0.00006	-0.00006	-0.00130	-0.00047	-0.00547	-0.00011	0.00009	0.00056	-0.00111	-0.00056	-0.01126	0.00029	0.00012	-0.00654	0.00194	-0.00002	-0.00019	0.00000	0.00013	0.00135	-0.00096	0.00010	0.00029	-0.00082	0.00060	0.00712	0.00155	0.00019	-0.00015	-0.00046	0.00096	0.00274	0.00023	0.00012	0.00031	0.00006	0.00052	0.01459	0.00253	0.00009	0.00935	0.00244	0.00004	0.00030	0.00007	0.00082	0.00248	-0.00026
154	-0.00003	0.01262	0.00335	0.00014	-0.00081	-0.00069	-0.00015	-0.00002	-0.00115	-0.00048	-0.00561	-0.00012	0.00001	0.00056	-0.00105	-0.00079	-0.01227	0.00024	0.00015	-0.00743	0.00213	-0.00001	-0.00020	0.00000	0.00022	0.00144	-0.00100	0.00019	0.00031	-0.00079	-0.00002	0.00796	0.00146	0.00021	-0.00011	-0.00042	0.00029	0.00202	0.00010	0.00014	0.00025	0.00019	-0.00009	0.01497	0.00236	0.00004	0.00911	0.00244	-0.00000	0.00034	0.00007	0.00013	0.00210	-0.00042
155	-0.00219	0.01047	0.00351	-0.00006	-0.00034	-0.00035	-0.00022	0.00004	-0.00064	-0.00033	-0.00575	-0.00008	-0.00008	0.00042	-0.00068	-0.00047	-0.01303	0.00035	0.00024	-0.00781	0.00189	-0.00001	-0.00022	0.00000	0.00027	0.00133	-0.00093	0.00028	0.00031	-0.00076	-0.00060	0.00862	0.00140	0.00023	-0.00006	-0.00037	-0.00110	0.00094	-0.00017	0.00030	0.00016	-0.00008	-0.00042	0.01493	0.00227	0.00019	0.00844	0.00218	-0.00002	0.00037	0.00007	-0.00039	0.00211	-0.00059
156	-0.00301	0.01094	0.00248	-0.00016	-0.00019	-0.00027	-0.00028	0.00008	-0.00052	-0.00048	-0.00543	-0.00013	-0.00010	0.00038	-0.00057	-0.00035	-0.01241	0.00036	0.00082	-0.00720	0.00152	-0.00001	-0.00023	0.00000	0.00035	0.00122	-0.00088	0.00034	0.00030	-0.00073	-0.00083	0.00883	0.00136	0.00023	-0.00004	-0.00033	-0.00176	0.00205	-0.00026	0.00061	0.00012	-0.00040	-0.00076	0.01431	0.00215	0.00028	0.00720	0.00185	-0.00003	0.00038	0.00007	-0.00087	0.00157	-0.00072
157	-0.00443	0.01233	0.00062	-0.00010	-0.00036	-0.00039	-0.00034	0.00008	-0.00073	-0.00084	-0.00473	-0.00026	-0.00012	0.00044	-0.00067	-0.00107	-0.01083	0.00001	0.00070	-0.00633	0.00125	-0.00001	-0.00022	0.00000	0.00043	0.00120	-0.00086	0.00029	0.00028	-0.00069	-0.00057	0.00868	0.00135	0.00019	-0.00004	-0.00031	-0.00176	0.00378	-0.00023	0.00065	0.00010	-0.00034	-0.00080	0.01303	0.00189	0.00025	0.00545	0.00143	-0.00003	0.00038	0.00007	-0.00132	0.00140	-0.00089
158	-0.00651	0.01158	-0.00035	-0.00015	-0.00028	-0.00035	-0.00033	0.00009	-0.00063	-0.00091	-0.00395	-0.00029	-0.00011	0.00038	-0.00057	-0.00177	-0.00906	-0.00034	-0.00019	-0.00565	0.00087	-0.00001	-0.00022	0.00000	0.00050	0.00094	-0.00068	0.00022	0.00022	-0.00056	-0.00054	0.00838	0.00131	0.00013	-0.00006	-0.00028	-0.00193	0.00313	-0.00026	0.00043	0.00013	-0.00022	-0.00061	0.01143	0.00161	0.00025	0.00352	0.00090	-0.00003	0.00036	0.00006	-0.00144	0.00221	-0.00093
159	-0.00880	0.00960	-0.00108	-0.00027	-0.00009	-0.00021	-0.00027	0.00010	-0.00030	-0.00085	-0.00345	-0.00029	-0.00007	0.00023	-0.00033	-0.00226	-0.00709	-0.00061	-0.00065	-0.00463	0.00027	-0.00000	-0.00024	0.00001	0.00045	0.00077	-0.00057	0.00020	0.00018	-0.00045	-0.00093	0.00782	0.00123	0.00010	-0.00004	-0.00020	-0.00226	0.00147	-0.00032	0.00030	0.00011	-0.00024	-0.00082	0.00975	0.00138	0.00018	0.00183	0.00043	-0.00004	0.00031	0.00006	-0.00161	0.00256	-0.00093
160	-0.01028	0.00966	-0.00172	-0.00031	-0.00000	-0.00012	-0.00022	0.00011	-0.00010	-0.00089	-0.00362	-0.00030	-0.00004	0.00014	-0.00021	-0.00248	-0.00553	-0.00079	-0.00065	-0.00292	-0.00014	-0.00000	-0.00024	0.00001	0.00025	0.00091	-0.00063	0.00014	0.00019	-0.00042	-0.00099	0.00732	0.00115	0.00010	-0.00001	-0.00011	-0.00212	0.00098	-0.00030	0.00022	0.00004	-0.00015	-0.00100	0.00860	0.00123	-0.00007	0.00085	0.00017	-0.00005	0.00028	0.00005	-0.00215	0.00256	-0.00106
161	-0.00986	0.01049	-0.00118	-0.00027	0.00016	0.00002	-0.00017	0.00012	0.00005	-0.00094	-0.00399	-0.00030	-0.00003	0.00008	-0.00010	-0.00205	-0.00502	-0.00067	-0.00056	-0.00115	-0.00030	-0.00001	-0.00020	0.00000	0.00011	0.00084	-0.00054	0.00004	0.00014	-0.00027	-0.00100	0.00682	0.00109	0.00005	0.00000	-0.00004	-0.00166	0.00165	-0.00024	0.00010	-0.00001	-0.00004	-0.00098	0.00752	0.00110	-0.00015	0.00017	0.00006	-0.00006	0.00028	0.00006	-0.00227	0.00308	-0.00107
162	-0.00953	0.01049	-0.00077	-0.00021	0.00029	0.00013	-0.00008	0.00011	0.00021	-0.00102	-0.00367	-0.00034	0.00001	-0.00006	0.00008	-0.00165	-0.00384	-0.00059	-0.00031	0.00049	-0.00065	-0.00003	-0.00017	-0.00001	0.00004	0.00059	-0.00035	-0.00003	0.00006	-0.00005	-0.00129	0.00568	0.00100	-0.00002	-0.00000	0.00002	-0.00183	0.00221	-0.00027	0.00001	-0.00003	-0.00010	-0.00114	0.00557	0.00090	-0.00007	-0.00071	-0.00005	-0.00007	0.00022	0.00005	-0.00185	0.00375	-0.00074
163	-0.01061	0.00963	-0.00136	-0.00029	0.00035	0.00018	-0.00005	0.00011	0.00031	-0.00110	-0.00315	-0.00041	0.00002	-0.00012	0.00021	-0.00155	-0.00144	-0.00075	-0.00005	0.00252	-0.00105	-0.00003	-0.00017	-0.00001	-0.00013	0.00051	-0.00026	-0.00005	0.00004	-0.00000	-0.00142	0.00389	0.00080	-0.00003	0.00002	0.00007	-0.00211	0.00150	-0.00029	-0.00012	-0.00002	-0.00022	-0.00142	0.00312	0.00067	-0.00028	-0.00148	-0.00021	-0.00007	0.00015	0.00004	-0.00194	0.00380	-0.00044
164	-0.01171	0.00941	-0.00154	-0.00040	0.00062	0.00038	-0.00006	0.00015	0.00042	-0.00115	-0.00284	-0.00045	-0.00000	-0.00012	0.00028	-0.00133	0.00059	-0.00084	0.00005	0.00445	-0.00124	-0.00004	-0.00016	-0.00001	-0.00035	0.00047	-0.00019	-0.00013	0.00005	0.00001	-0.00144	0.00186	0.00058	-0.00003	0.00004	0.00013	-0.00167	0.00155	-0.00024	-0.00027	0.00005	-0.00023	-0.00171	0.00090	0.00049	-0.00067	-0.00162	-0.00027	-0.00007	0.00007	0.00003	-0.00242	0.00335	-0.00038
165	-0.01215	0.01007	-0.00110	-0.00039	0.00090	0.00059	-0.00001	0.00016	0.00053	-0.00138	-0.00203	-0.00062	0.00002	-0.00017	0.00034	-0.00124	0.00211	-0.00096	0.00004	0.00536	-0.00136	-0.00006	-0.00010	-0.00003	-0.00051	0.00015	0.00006	-0.00026	-0.00002	0.00021	-0.00148	-0.00006	0.00039	-0.00010	0.00005	0.00021	-0.00148	0.00292	-0.00026	-0.00032	0.00007	-0.00007	-0.00181	-0.00109	0.00030	-0.00071	-0.00143	-0.00023	-0.00007	-0.00002	0.00002	-0.00241	0.00327	-0.00024
166	-0.01207	0.00880	-0.00146	-0.00032	0.00087	0.00056	0.00007	0.00011	0.00052	-0.00159	-0.00084	-0.00083	0.00005	-0.00022	0.00038	-0.00138	0.00381	-0.00120	-0.00013	0.00586	-0.00153	-0.00008	-0.00005	-0.00004	-0.00062	-0.00030	0.00036	-0.00029	-0.00011	0.00044	-0.00139	-0.00207	0.00018	-0.00014	0.00006	0.00030	-0.00184	0.00303	-0.00030	-0.00028	0.00005	0.00002	-0.00162	-0.00359	0.00001	-0.00040	-0.00165	-0.00030	-0.00006	-0.00010	0.00001	-0.00207	0.00393	-0.00003
167	-0.01157	0.00605	-0.00280	-0.00033	0.00080	0.00049	0.00011	0.00008	0.00052	-0.00157	0.00020	-0.00090	0.00004	-0.00022	0.00039	-0.00145	0.00549	-0.00140	-0.00035	0.00681	-0.00187	-0.00009	0.00000	-0.00005	-0.00068	-0.00050	0.00049	-0.00024	-0.00014	0.00052	-0.00127	-0.00446	-0.00005	-0.00008	0.00010	0.00035	-0.00178	0.00251	-0.00027	-0.00013	0.00005	-0.00011	-0.00168	-0.00679	-0.00030	-0.00015	-0.00216	-0.00056	-0.00003	-0.00016	-0.00000	-0.00190	0.00443	-0.00004
168	-0.01188	0.00462	-0.00327	-0.00036	0.00087	0.00056	0.00010	0.00012	0.00067	-0.00149	0.00134	-0.00098	0.00002	-0.00023	0.00048	-0.00141	0.00716	-0.00157	-0.00027	0.00764	-0.00211	-0.00009	0.00006	-0.00006	-0.00075	-0.00048	0.00053	-0.00024	-0.00016	0.00061	-0.00130	-0.00631	-0.00020	-0.00005	0.00013	0.00040	-0.00140	0.00279	-0.00025	0.00006	0.00004	-0.00014	-0.00241	-0.00931	-0.00041	-0.00036	-0.00259	-0.00074	-0.00001	-0.00020	-0.00001	-0.00192	0.00374	-0.00004
169	-0.01187	0.00572	-0.00219	-0.00024	0.00099	0.00071	0.00013	0.00017	0.00082	-0.00143	0.00289	-0.00113	0.00001	-0.00029	0.00061	-0.00139	0.00926	-0.00179	-0.00011	0.00814	-0.00196	-0.00008	0.00013	-0.00006	-0.00076	-0.00053	0.00061	-0.00027	-0.00020	0.00071	-0.00120	-0.00694	-0.00025	-0.00008	0.00013	0.00046	-0.00113	0.00324	-0.00025	0.00014	-0.00002	0.00014	-0.00287	-0.01051	-0.00040	-0.00078	-0.00317	-0.00065	-0.00000	-0.00023	-0.00001	-0.00181	0.00264	0.00026
170	-0.00938	0.00699	-0.00129	-0.00011	0.00112	0.00080	0.00017	0.00019	0.00091	-0.00124	0.00434	-0.00123	0.00003	-0.00034	0.00070	-0.00153	0.01080	-0.00200	-0.00043	0.00827	-0.00175	-0.00007	0.00019	-0.00007	-0.00066	-0.00071	0.00072	-0.00020	-0.00023	0.00079	-0.00071	-0.00684	-0.00028	-0.00006	0.00015	0.00047	-0.00050	0.00339	-0.00021	0.00008	-0.00002	0.00041	-0.00207	-0.01117	-0.00047	-0.00085	-0.00395	-0.00065	-0.00001	-0.00023	-0.00001	-0.00121	0.00204	0.00057
171	-0.00587	0.00634	-0.00166	-0.00021	0.00107	0.00078	0.00009	0.00020	0.00093	-0.00083	0.00537	-0.00120	-0.00002	-0.00033	0.00072	-0.00144	0.01129	-0.00204	-0.00082	0.00798	-0.00180	-0.00005	0.00024	-0.00006	-0.00050	-0.00093	0.00085	-0.00006	-0.00023	0.00086	-0.00035	-0.00659	-0.00028	0.00001	0.00023	0.00050	0.00007	0.00319	-0.00016	0.00006	0.00002	0.00032	-0.00098	-0.01176	-0.00061	-0.00045	-0.00489	-0.00101	-0.00002	-0.00021	-0.00001	-0.00039	0.00170	0.00057
172	-0.00272	0.00706	-0.00247	-0.00029	0.00095	0.00072	-0.00005	0.00021	0.00090	-0.00019	0.00641	-0.00110	-0.00009	-0.00029	0.00068	-0.00071	0.01205	-0.00196	-0.00075	0.00787	-0.00194	-0.00002	0.00028	-0.00006	-0.00028	-0.00104	0.00091	0.00006	-0.00021	0.00091	-0.00023	-0.00656	-0.00028	0.00004	0.00028	0.00055	-0.00001	0.00364	-0.00019	0.00002	-0.00001	0.00007	-0.00037	-0.01227	-0.00073	0.00001	-0.00567	-0.00136	-0.00001	-0.00021	-0.00001	0.00014	0.00164	0.00042
173	-0.00003	0.00739	-0.00256	-0.00014	0.00098	0.00073	-0.00009	0.00021	0.00090	0.00035	0.00751	-0.00108	-0.00012	-0.00024	0.00059	0.00005	0.01295	-0.00190	-0.00063	0.00767	-0.00186	0.00000	0.00033	-0.00006	-0.00002	-0.00101	0.00089	0.00017	-0.00018	0.00091	0.00003	-0.00667	-0.00028	0.00004	0.00029	0.00057	0.00008	0.00360	-0.00019	-0.00020	0.00003	0.00002	0.00008	-0.01266	-0.00074	-0.00002	-0.00612	-0.00153	0.00001	-0.00023	-0.00001	0.00035	0.00092	0.00047
174	0.00231	0.00190	-0.00235	-0.00011	0.00097	0.00072	-0.00014	0.00020	0.00087	0.00058	0.00829	-0.00112	-0.00013	-0.00020	0.00050	0.00058	0.01301	-0.00183	-0.00043	0.00675	-0.00160	0.00002	0.00037	-0.00006	0.00020	-0.00093	0.00083	0.00028	-0.00011	0.00083	0.00022	-0.00673	-0.00027	0.00008	0.00033	0.00052	0.00097	0.00049	0.00001	-0.00043	0.00019	0.00002	0.00023	-0.01307	-0.00074	-0.00037	-0.00664	-0.00168	0.00001	-0.00025	-0.00001	0.00074	-0.00076	0.00067
175	0.00494	-0.00124	-0.00234	-0.00026	0.00084	0.00064	-0.00024	0.00015	0.00075	0.00085	0.00890	-0.00116	-0.00013	-0.00018	0.00045	0.00123	0.01268	-0.00177	0.00000	0.00538	-0.00144	0.00004	0.00040	-0.00006	0.00032	-0.00079	0.00071	0.00036	-0.00002	0.00069	0.00023	-0.00640	-0.00025	0.00010	0.00033	0.00048	0.00196	-0.00199	0.00017	-0.00042	0.00017	0.00008	0.00015	-0.01288	-0.00075	-0.00049	-0.00683	-0.00160	0.00000	-0.00025	-0.00002	0.00125	-0.00075	0.00074
176	0.00849	0.00397	-0.00156	-0.00025	0.00081	0.00059	-0.00022	0.00013	0.00062	0.00131	0.00934	-0.00117	-0.00011	-0.00016	0.00038	0.00184	0.01204	-0.00169	0.00031	0.00382	-0.00128	0.00006	0.00042	-0.00007	0.00041	-0.00063	0.00059	0.00035	0.00002	0.00057	0.00031	-0.00551	-0.00018	0.00007	0.00028	0.00048	0.00246	0.00020	0.00010	-0.00029	0.00002	0.00030	0.00068	-0.01133	-0.00053	-0.00005	-0.00596	-0.00111	-0.00001	-0.00024	-0.00002	0.00162	0.00070	0.00084
177	0.01248	0.00864	-0.00041	-0.00007	0.00087	0.00059	-0.00010	0.00015	0.00057	0.00173	0.00915	-0.00112	-0.00008	-0.00011	0.00029	0.00212	0.01073	-0.00149	0.00042	0.00218	-0.00088	0.00008	0.00041	-0.00006	0.00051	-0.00045	0.00046	0.00033	0.00006	0.00041	0.00058	-0.00488	-0.00008	0.00006	0.00026	0.00040	0.00250	0.00315	-0.00002	-0.00022	-0.00006	0.00028	0.00187	-0.00937	-0.00009	0.00068	-0.00440	-0.00053	-0.00002	-0.00024	-0.00002	0.00209	0.00117	0.00087
178	0.01530	0.00957	0.00016	0.00003	0.00085	0.00056	-0.00006	0.00015	0.00054	0.00193	0.00858	-0.00106	-0.00005	-0.00009	0.00025	0.00240	0.00953	-0.00135	0.00064	0.00090	-0.00052	0.00010	0.00036	-0.00006	0.00053	-0.00024	0.00031	0.00032	0.00011	0.00029	0.00093	-0.00463	0.00003	0.00007	0.00028	0.00032	0.00240	0.00288	-0.00002	-0.00017	-0.00006	0.00009	0.00283	-0.00765	0.00030	0.00101	-0.00298	-0.00017	-0.00001	-0.00024	-0.00002	0.00242	0.00182	0.00066
179	0.01737	0.01046	0.00068	0.00001	0.00076	0.00051	-0.00011	0.00012	0.00050	0.00220	0.00807	-0.00103	-0.00004	-0.00009	0.00025	0.00290	0.00877	-0.00135	0.00089	-0.00000	-0.00038	0.00012	0.00031	-0.00006	0.00043	-0.00001	0.00014	0.00030	0.00011	0.00029	0.00119	-0.00413	0.00015	0.00008	0.00028	0.00030	0.00249	0.00111	0.00002	0.00000	-0.00001	0.00001	0.00322	-0.00567	0.00059	0.00103	-0.00170	0.00011	-0.00000	-0.00024	-0.00001	0.00265	0.00276	0.00063
180	0.01953	0.01178	0.00132	0.00003	0.00064	0.00046	-0.00013	0.00011	0.00048	0.00270	0.00738	-0.00106	-0.00002	-0.00009	0.00025	0.00338	0.00782	-0.00134	0.00092	-0.00061	-0.00027	0.00013	0.00027	-0.00006	0.00041	0.00019	-0.00001	0.00024	0.00010	0.00022	0.00143	-0.00365	0.00026	0.00006	0.00020	0.00025	0.00255	0.00075	0.00004	0.00016	0.00004	-0.00001	0.00346	-0.00379	0.00087	0.00103	-0.00019	0.00049	0.00002	-0.00021	-0.00001	0.00317	0.00279	0.00078
181	0.01999	0.01279	0.00186	0.00009	0.00056	0.00039	-0.00007	0.00012	0.00041	0.00287	0.00639	-0.00103	0.00000	-0.00007	0.00021	0.00349	0.00655	-0.00122	0.00097	-0.00087	-0.00014	0.00014	0.00024	-0.00006	0.00054	0.00013	0.00003	0.00018	0.00010	0.00008	0.00176	-0.00345	0.00039	0.00003	0.00004	0.00020	0.00234	0.00097	0.00003	0.00016	0.00009	0.00002	0.00346	-0.00247	0.00102	0.00073	0.00128	0.00080	0.00004	-0.00019	0.00000	0.00327	0.00337	0.00073
182	0.01963	0.01191	0.00200	0.00010	0.00047	0.00027	0.00002	0.00006	0.00015	0.00270	0.00521	-0.00093	0.00001	-0.00002	0.00008	0.00352	0.00520	-0.00112	0.00120	-0.00100	0.00006	0.00014	0.00020	-0.00005	0.00049	0.00005	0.00005	0.00013	0.00009	0.00003	0.00224	-0.00330	0.00057	0.00001	0.00001	0.00015	0.00230	-0.00011	0.00003	0.00020	0.00015	0.00009	0.00319	-0.00131	0.00109	0.00039	0.00236	0.00086	0.00008	-0.00018	0.00002	0.00290	0.00402	0.00065
183	0.02070	0.01072	0.00179	0.00019	0.00038	0.00015	0.00006	0.00002	-0.00008	0.00267	0.00358	-0.00087	0.00002	0.00002	-0.00005	0.00383	0.00347	-0.00112	0.00120	-0.00103	0.00024	0.00012	0.00014	-0.00004	0.00028	0.00035	-0.00016	0.00005	0.00005	0.00000	0.00285	-0.00272	0.00086	0.00001	0.00004	0.00007	0.00236	-0.00044	0.00004	0.00033	0.00011	-0.00002	0.00322	0.00022	0.00132	0.00044	0.00334	0.00097	0.00013	-0.00014	0.00004	0.00293	0.00333	0.00046
184	0.02134	0.01120	0.00206	0.00036	0.00040	0.00013	0.00011	0.00005	-0.00005	0.00269	0.00155	-0.00086	0.00005	0.00004	-0.00008	0.00403	0.00104	-0.00113	0.00097	-0.00119	0.00020	0.00010	0.00006	-0.00004	0.00022	0.00051	-0.00027	0.00000	0.00000	-0.00001	0.00321	-0.00147	0.00117	0.00000	-0.00004	0.00002	0.00189	0.00118	0.00004	0.00037	0.00006	-0.00018	0.00345	0.00209	0.00164	0.00076	0.00419	0.00125	0.00016	-0.00007	0.00006	0.00297	0.00275	0.00015
185	0.02089	0.01004	0.00250	0.00048	0.00036	0.00007	0.00018	0.00009	-0.00001	0.00265	-0.00043	-0.00088	0.00007	0.00003	-0.00004	0.00398	-0.00150	-0.00110	0.00083	-0.00154	0.00015	0.00010	-0.00003	-0.00004	0.00028	0.00035	-0.00019	-0.00002	0.00000	-0.00006	0.00325	-0.00018	0.00138	-0.00001	-0.00016	-0.00006	0.00146	0.00230	0.00005	0.00031	0.00011	-0.00017	0.00353	0.00351	0.00187	0.00095	0.00457	0.00138	0.00018	-0.00001	0.00007	0.00267	0.00255	0.00007
186	0.02043	0.00727	0.00226	0.00057	0.00011	-0.00012	0.00022	0.00007	-0.00013	0.00259	-0.00255	-0.00094	0.00008	0.00002	-0.00001	0.00405	-0.00380	-0.00112	0.00074	-0.00145	0.00025	0.00008	-0.00011	-0.00004	0.00027	0.00051	-0.00030	-0.00011	0.00003	-0.00025	0.00306	0.00090	0.00150	-0.00004	-0.00029	-0.00021	0.00145	0.00210	0.00005	0.00027	0.00012	-0.00014	0.00342	0.00456	0.00204	0.00095	0.00474	0.00147	0.00017	0.00005	0.00008	0.00265	0.00225	0.00013
187	0.01907	0.00623	0.00197	0.00065	-0.00008	-0.00027	0.00027	0.00004	-0.00030	0.00231	-0.00485	-0.00096	0.00011	0.00010	-0.00018	0.00414	-0.00640	-0.00120	0.00059	-0.00125	0.00032	0.00004	-0.00017	-0.00003	0.00017	0.00076	-0.00044	-0.00023	0.00001	-0.00038	0.00286	0.00219	0.00170	-0.00006	-0.00037	-0.00031	0.00111	0.00145	0.00003	0.00020	0.00003	-0.00020	0.00330	0.00645	0.00240	0.00081	0.00535	0.00166	0.00015	0.00010	0.00008	0.00265	0.00286	0.00005
188	0.01671	0.00615	0.00209	0.00066	-0.00012	-0.00034	0.00030	0.00001	-0.00049	0.00180	-0.00636	-0.00093	0.00011	0.00020	-0.00042	0.00383	-0.00873	-0.00121	0.00066	-0.00176	0.00032	0.00001	-0.00019	-0.00002	0.00010	0.00061	-0.00037	-0.00027	-0.00003	-0.00037	0.00270	0.00352	0.00196	-0.00006	-0.00038	-0.00034	0.00065	0.00111	0.00003	0.00008	-0.00003	-0.00023	0.00322	0.00857	0.00283	0.00060	0.00614	0.00178	0.00013	0.00015	0.00009	0.00221	0.00345	-0.00019
189	0.01451	0.00581	0.00232	0.00059	-0.00026	-0.00045	0.00025	-0.00004	-0.00064	0.00135	-0.00680	-0.00088	0.00006	0.00020	-0.00046	0.00315	-0.00972	-0.00110	0.00094	-0.00240	0.00035	0.00001	-0.00021	-0.00002	0.00014	0.00053	-0.00034	-0.00026	-0.00002	-0.00041	0.00223	0.00460	0.00208	-0.00005	-0.00040	-0.00041	0.00061	0.00164	0.00004	0.00006	0.00002	-0.00006	0.00284	0.00963	0.00298	0.00050	0.00634	0.00190	0.00011	0.00020	0.00010	0.00200	0.00250	-0.00036
190	0.01101	0.00486	0.00305	0.00050	-0.00049	-0.00060	0.00019	-0.00009	-0.00075	0.00094	-0.00701	-0.00084	0.00004	0.00018	-0.00043	0.00209	-0.01053	-0.00097	0.00076	-0.00328	0.00063	0.00001	-0.00023	-0.00002	0.00011	0.00067	-0.00043	-0.00027	0.00002	-0.00051	0.00154	0.00575	0.00220	-0.00003	-0.00039	-0.00050	0.00056	0.00191	0.00005	0.00006	0.00007	0.00020	0.00213	0.01052	0.00308	0.00042	0.00631	0.00206	0.00008	0.00025	0.00010	0.00187	0.00122	-0.00021
191	0.00464	0.00405	0.00420	0.00036	-0.00059	-0.00065	0.00010	-0.00014	-0.00082	0.00056	-0.00701	-0.00079	0.00003	0.00022	-0.00052	0.00107	-0.01176	-0.00091	0.00010	-0.00500	0.00113	0.00001	-0.00025	-0.00002	-0.00013	0.00061	-0.00042	-0.00028	0.00005	-0.00051	0.00090	0.00706	0.00242	0.00002	-0.00028	-0.00049	-0.00007	0.00155	0.00005	-0.00011	0.00002	0.00025	0.00113	0.01211	0.00338	-0.00004	0.00647	0.00205	0.00005	0.00030	0.00011	0.00092	0.00068	-0.00005
192	-0.00139	0.00544	0.00445	0.00018	-0.00060	-0.00059	-0.00008	-0.00016	-0.00080	0.00046	-0.00651	-0.00073	-0.00006	0.00026	-0.00059	0.00082	-0.01209	-0.00087	-0.00005	-0.00610	0.00135	0.00001	-0.00024	-0.00002	-0.00032	0.00064	-0.00045	-0.00023	0.00010	-0.00057	0.00011	0.00820	0.00261	0.00006	-0.00021	-0.00049	-0.00112	0.00189	0.00008	-0.00014	-0.00003	0.00007	-0.00018	0.01332	0.00361	-0.00068	0.00633	0.00195	0.00000	0.00034	0.00012	-0.00019	0.00030	-0.00022
193	-0.00431	0.00668	0.00349	0.00004	-0.00063	-0.00056	-0.00024	-0.00017	-0.00074	0.00052	-0.00613	-0.00069	-0.00015	0.00027	-0.00060	0.00120	-0.01145	-0.00080	0.00051	-0.00567	0.00111	0.00001	-0.00023	-0.00002	-0.00032	0.00099	-0.00067	-0.00016	0.00019	-0.00074	-0.00091	0.00898	0.00273	0.00007	-0.00022	-0.00053	-0.00186	0.00185	0.00010	0.00010	-0.00001	-0.00014	-0.00145	0.01318	0.00357	-0.00096	0.00534	0.00186	-0.00005	0.00039	0.00013	-0.00067	-0.00000	-0.00053
194	-0.00711	0.00432	0.00251	-0.00004	-0.00063	-0.00052	-0.00034	-0.00015	-0.00062	0.00039	-0.00576	-0.00065	-0.00018	0.00027	-0.00057	0.00124	-0.01027	-0.00073	0.00077	-0.00479	0.00079	0.00001	-0.00024	-0.00002	-0.00025	0.00112	-0.00074	-0.00009	0.00021	-0.00075	-0.00192	0.00926	0.00276	0.00007	-0.00021	-0.00050	-0.00230	0.00009	0.00008	0.00026	-0.00001	-0.00023	-0.00239	0.01191	0.00328	-0.00096	0.00344	0.00149	-0.00010	0.00042	0.00014	-0.00128	-0.00034	-0.00068
195	-0.01167	0.00110	0.00194	-0.00020	-0.00065	-0.00050	-0.00041	-0.00014	-0.00047	0.00017	-0.00493	-0.00057	-0.00018	0.00023	-0.00046	0.00054	-0.00838	-0.00069	0.00031	-0.00387	0.00051	0.00001	-0.00023	-0.00002	-0.00019	0.00084	-0.00057	-0.00004	0.00016	-0.00058	-0.00260	0.00869	0.00260	0.00010	-0.00014	-0.00040	-0.00300	-0.00116	0.00007	0.00023	-0.00000	-0.00019	-0.00311	0.01005	0.00285	-0.00098	0.00135	0.00086	-0.00014	0.00039	0.00013	-0.00216	-0.00112	-0.00066
196	-0.01647	0.00187	0.00143	-0.00047	-0.00074	-0.00056	-0.00045	-0.00016	-0.00045	-0.00003	-0.00430	-0.00052	-0.00017	0.00018	-0.00033	-0.00050	-0.00669	-0.00065	-0.00034	-0.00279	0.00022	0.00002	-0.00021	-0.00002	-0.00015	0.00066	-0.00046	-0.00000	0.00014	-0.00050	-0.00303	0.00777	0.00238	0.00011	-0.00010	-0.00035	-0.00379	-0.00050	0.00010	0.00014	0.00006	-0.00014	-0.00372	0.00881	0.00264	-0.00099	0.00033	0.00057	-0.00015	0.00032	0.00011	-0.00296	-0.00091	-0.00059
197	-0.02171	0.00606	0.00141	-0.00059	-0.00057	-0.00043	-0.00047	-0.00015	-0.00045	-0.00033	-0.00415	-0.00056	-0.00017	0.00015	-0.00029	-0.00179	-0.00519	-0.00069	-0.00102	-0.00148	0.00007	0.00003	-0.00023	-0.00002	-0.00018	0.00072	-0.00050	-0.00000	0.00014	-0.00050	-0.00347	0.00703	0.00228	0.00010	-0.00008	-0.00031	-0.00442	0.00046	0.00011	0.00004	0.00012	-0.00010	-0.00419	0.00815	0.00261	-0.00102	0.00015	0.00062	-0.00017	0.00025	0.00010	-0.00406	0.00073	-0.00055
198	-0.02532	0.00816	0.00119	-0.00052	-0.00033	-0.00022	-0.00043	-0.00007	-0.00028	-0.00071	-0.00381	-0.00060	-0.00015	0.00013	-0.00023	-0.00310	-0.00278	-0.00076	-0.00155	0.00061	-0.00003	0.00003	-0.00023	-0.00002	-0.00027	0.00066	-0.00043	-0.00001	0.00011	-0.00036	-0.00378	0.00553	0.00204	0.00010	-0.00004	-0.00020	-0.00449	0.00087	0.00011	-0.00002	0.00014	0.00005	-0.00437	0.00608	0.00221	-0.00100	-0.00043	0.00036	-0.00019	0.00019	0.00009	-0.00486	0.00153	-0.00054
199	-0.02449	0.00631	-0.00031	-0.00053	-0.00052	-0.00030	-0.00033	-0.00002	-0.00008	-0.00117	-0.00321	-0.00063	-0.00008	0.00006	-0.00008	-0.00377	-0.00065	-0.00081	-0.00171	0.00274	-0.00052	0.00002	-0.00019	-0.00002	-0.00034	0.00051	-0.00029	-0.00001	0.00008	-0.00020	-0.00355	0.00317	0.00154	0.00009	-0.00000	-0.00010	-0.00377	0.00098	0.00008	-0.00002	0.00018	0.00012	-0.00397	0.00290	0.00146	-0.00074	-0.00121	-0.00016	-0.00017	0.00010	0.00007	-0.00445	0.00139	-0.00041
200	-0.02285	0.00223	-0.00127	-0.00063	-0.00047	-0.00023	-0.00020	0.00003	0.00011	-0.00157	-0.00239	-0.00062	0.00000	-0.00002	0.00008	-0.00388	0.00018	-0.00078	-0.00194	0.00334	-0.00103	-0.00002	-0.00013	-0.00002	-0.00038	0.00032	-0.00013	-0.00003	0.00004	-0.00007	-0.00296	0.00095	0.00100	0.00006	0.00001	-0.00004	-0.00322	0.00007	0.00011	-0.00012	0.00016	-0.00001	-0.00345	0.00020	0.00086	-0.00052	-0.00155	-0.00042	-0.00013	0.00001	0.00005	-0.00387	0.00151	-0.00012
201	-0.02302	-0.00122	-0.00074	-0.00060	0.00027	0.00024	-0.00000	0.00011	0.00029	-0.00213	-0.00089	-0.00062	0.00007	-0.00008	0.00020	-0.00429	0.00157	-0.00077	-0.00260	0.00333	-0.00097	-0.00009	-0.00005	-0.00003	-0.00044	-0.00001	0.00014	-0.00007	-0.00003	0.00017	-0.00206	-0.00109	0.00045	0.00003	0.00005	0.00008	-0.00291	-0.00194	0.00019	-0.00029	-0.00002	-0.00000	-0.00296	-0.00229	0.00041	-0.00053	-0.00179	-0.00060	-0.00007	-0.00006	0.00002	-0.00409	0.00169	0.00005
202	-0.02257	-0.00189	-0.00092	-0.00056	0.00083	0.00061	0.00019	0.00018	0.00046	-0.00321	0.00088	-0.00074	0.00013	-0.00014	0.00031	-0.00534	0.00401	-0.00090	-0.00324	0.00399	-0.00078	-0.00016	0.00004	-0.00003	-0.00053	-0.00024	0.00036	-0.00008	-0.00008	0.00041	-0.00079	-0.00309	-0.00017	0.00004	0.00009	0.00022	-0.00197	-0.00259	0.00020	-0.00043	-0.00009	0.00014	-0.00200	-0.00490	-0.00017	-0.00047	-0.00210	-0.00081	0.00001	-0.00011	-0.00001	-0.00417	0.00142	0.00001
203	-0.02115	-0.00448	-0.00101	-0.00063	0.00099	0.00076	0.00023	0.00026	0.00067	-0.00410	0.00190	-0.00090	0.00015	-0.00019	0.00046	-0.00626	0.00532	-0.00103	-0.00357	0.00419	-0.00073	-0.00019	0.00008	-0.00004	-0.00058	-0.00037	0.00048	-0.00006	-0.00010	0.00050	-0.00007	-0.00506	-0.00059	0.00005	0.00011	0.00026	-0.00100	-0.00103	0.00008	-0.00047	-0.00006	0.00031	-0.00115	-0.00770	-0.00072	-0.00027	-0.00246	-0.00076	0.00005	-0.00016	-0.00003	-0.00328	-0.00020	0.00025
204	-0.01985	-0.01043	0.00070	-0.00065	0.00112	0.00088	0.00020	0.00034	0.00089	-0.00434	0.00249	-0.00095	0.00013	-0.00023	0.00063	-0.00687	0.00546	-0.00107	-0.00374	0.00365	-0.00058	-0.00022	0.00011	-0.00004	-0.00049	-0.00097	0.00090	0.00000	-0.00019	0.00074	0.00008	-0.00657	-0.00078	0.00004	0.00015	0.00037	-0.00077	-0.00010	0.00002	-0.00040	-0.00011	0.00060	-0.00056	-0.01015	-0.00107	0.00003	-0.00305	-0.00067	0.00004	-0.00021	-0.00003	-0.00234	-0.00216	0.00087
205	-0.01873	-0.01132	0.00142	-0.00061	0.00109	0.00089	0.00018	0.00038	0.00101	-0.00474	0.00352	-0.00107	0.00009	-0.00026	0.00075	-0.00762	0.00668	-0.00126	-0.00378	0.00398	-0.00055	-0.00023	0.00016	-0.00005	-0.00035	-0.00158	0.00134	0.00005	-0.00028	0.00106	0.00068	-0.00704	-0.00092	0.00004	0.00021	0.00054	-0.00065	-0.00064	0.00006	-0.00026	-0.00010	0.00072	0.00045	-0.01126	-0.00132	0.00031	-0.00386	-0.00081	0.00004	-0.00024	-0.00004	-0.00233	-0.00207	0.00109
206	-0.01700	-0.00547	-0.00001	-0.00060	0.00101	0.00084	0.00012	0.00038	0.00109	-0.00521	0.00499	-0.00126	0.00001	-0.00027	0.00082	-0.00801	0.00881	-0.00157	-0.00342	0.00488	-0.00076	-0.00024	0.00023	-0.00005	-0.00031	-0.00134	0.00117	0.00012	-0.00024	0.00099	0.00123	-0.00669	-0.00095	0.00009	0.00026	0.00058	-0.00007	-0.00062	0.00004	-0.00015	0.00000	0.00062	0.00131	-0.01129	-0.00146	0.00049	-0.00444	-0.00091	0.00005	-0.00023	-0.00004	-0.00240	-0.00092	0.00082
207	-0.01420	-0.00094	-0.00039	-0.00056	0.00110	0.00088	0.00001	0.00037	0.00118	-0.00507	0.00614	-0.00136	-0.00006	-0.00029	0.00086	-0.00759	0.00964	-0.00164	-0.00296	0.00446	-0.00073	-0.00023	0.00027	-0.00006	-0.00023	-0.00089	0.00079	0.00024	-0.00012	0.00072	0.00114	-0.00612	-0.00086	0.00016	0.00030	0.00054	0.00052	-0.00007	-0.00000	-0.00015	0.00001	0.00076	0.00157	-0.01078	-0.00145	0.00076	-0.00431	-0.00074	0.00004	-0.00020	-0.00003	-0.00176	-0.00046	0.00076
208	-0.01158	0.00044	0.00013	-0.00051	0.00116	0.00091	-0.00010	0.00035	0.00121	-0.00474	0.00665	-0.00140	-0.00008	-0.00031	0.00090	-0.00697	0.00936	-0.00158	-0.00258	0.00329	-0.00054	-0.00022	0.00029	-0.00006	-0.00011	-0.00081	0.00070	0.00032	-0.00008	0.00067	0.00106	-0.00578	-0.00081	0.00018	0.00031	0.00052	0.00079	-0.00017	0.00000	-0.00024	-0.00001	0.00086	0.00166	-0.01005	-0.00134	0.00092	-0.00375	-0.00058	0.00004	-0.00020	-0.00003	-0.00101	0.00019	0.00071
209	-0.00950	0.00180	-0.00055	-0.00048	0.00108	0.00088	-0.00020	0.00031	0.00123	-0.00451	0.00701	-0.00147	-0.00010	-0.00032	0.00089	-0.00641	0.00948	-0.00169	-0.00198	0.00282	-0.00057	-0.00019	0.00030	-0.00006	-0.00003	-0.00068	0.00062	0.00037	-0.00006	0.00064	0.00125	-0.00577	-0.00082	0.00020	0.00032	0.00046	0.00107	-0.00035	0.00001	-0.00032	0.00009	0.00063	0.00155	-0.00944	-0.00124	0.00055	-0.00332	-0.00056	0.00005	-0.00022	-0.00004	-0.00031	0.00056	0.00054
210	-0.00744	0.00211	-0.00078	-0.00041	0.00095	0.00078	-0.00025	0.00026	0.00122	-0.00406	0.00709	-0.00150	-0.00017	-0.00033	0.00085	-0.00570	0.00910	-0.00165	-0.00119	0.00218	-0.00048	-0.00016	0.00030	-0.00007	0.00010	-0.00053	0.00049	0.00044	0.00003	0.00049	0.00131	-0.00563	-0.00080	0.00023	0.00034	0.00038	0.00146	0.00002	-0.00002	-0.00033	0.00018	0.00050	0.00109	-0.00855	-0.00113	-0.00003	-0.00268	-0.00038	0.00006	-0.00023	-0.00004	0.00019	-0.00037	0.00058
211	-0.00580	0.00248	0.00032	-0.00038	0.00079	0.00069	-0.00031	0.00018	0.00110	-0.00342	0.00657	-0.00143	-0.00024	-0.00034	0.00077	-0.00490	0.00772	-0.00136	-0.00048	0.00096	-0.00009	-0.00012	0.00028	-0.00007	0.00019	-0.00044	0.00040	0.00046	0.00006	0.00040	0.00114	-0.00512	-0.00073	0.00023	0.00034	0.00037	0.00174	0.00040	-0.00004	-0.00024	0.00021	0.00066	0.00054	-0.00691	-0.00091	-0.00028	-0.00136	0.00007	0.00005	-0.00022	-0.00004	0.00021	-0.00064	0.00053
212	-0.00413	0.00585	0.00095	-0.00040	0.00071	0.00065	-0.00030	0.00013	0.00092	-0.00268	0.00608	-0.00139	-0.00023	-0.00031	0.00065	-0.00410	0.00688	-0.00127	-0.00014	0.00032	0.00018	-0.00008	0.00025	-0.00006	0.00014	-0.00029	0.00030	0.00041	0.00006	0.00036	0.00090	-0.00461	-0.00067	0.00022	0.00034	0.00040	0.00204	0.00070	-0.00006	-0.00021	0.00025	0.00076	0.00013	-0.00507	-0.00065	-0.00040	0.00010	0.00048	0.00005	-0.00021	-0.00003	0.00051	0.00050	0.00039
213	-0.00288	0.00776	0.00093	-0.00026	0.00078	0.00059	-0.00017	0.00018	0.00074	-0.00200	0.00553	-0.00135	-0.00018	-0.00024	0.00053	-0.00341	0.00613	-0.00116	-0.00012	0.00002	0.00034	-0.00005	0.00021	-0.00006	0.00010	-0.00019	0.00022	0.00042	0.00013	0.00025	0.00052	-0.00423	-0.00067	0.00023	0.00037	0.00038	0.00243	0.00128	-0.00010	-0.00035	0.00019	0.00072	-0.00034	-0.00394	-0.00054	-0.00064	0.00094	0.00061	0.00004	-0.00020	-0.00003	0.00088	0.00081	0.00045
214	-0.00289	0.00495	0.00104	0.00002	0.00080	0.00045	-0.00003	0.00022	0.00055	-0.00138	0.00420	-0.00106	-0.00013	-0.00019	0.00044	-0.00258	0.00425	-0.00073	0.00003	-0.00047	0.00048	-0.00002	0.00015	-0.00004	0.00012	-0.00018	0.00018	0.00044	0.00020	0.00014	-0.00026	-0.00380	-0.00074	0.00022	0.00036	0.00032	0.00250	0.00155	-0.00011	-0.00039	0.00003	0.00071	-0.00118	-0.00335	-0.00060	-0.00087	0.00125	0.00062	-0.00001	-0.00017	-0.00003	0.00063	0.00010	0.00045
215	-0.00262	0.00295	0.00105	0.00021	0.00064	0.00024	0.00011	0.00023	0.00024	-0.00074	0.00248	-0.00064	-0.00007	-0.00011	0.00027	-0.00136	0.00243	-0.00042	0.00031	-0.00052	0.00046	-0.00001	0.00008	-0.00003	0.00014	-0.00015	0.00015	0.00040	0.00019	0.00011	-0.00101	-0.00303	-0.00075	0.00019	0.00032	0.00025	0.00233	0.00096	-0.00009	-0.00031	0.00003	0.00068	-0.00197	-0.00220	-0.00056	-0.00111	0.00166	0.00075	-0.00006	-0.00013	-0.00003	0.00031	0.00009	0.00042
216	-0.00212	0.00419	0.00128	0.00033	0.00053	0.00009	0.00027	0.00027	-0.00005	-0.00039	0.00071	-0.00011	0.00001	0.00002	-0.00001	-0.00024	0.00099	-0.00023	0.00045	-0.00013	0.00039	-0.00003	0.00003	0.00000	0.00019	-0.00011	0.00012	0.00034	0.00017	0.00007	-0.00129	-0.00196	-0.00064	0.00015	0.00026	0.00017	0.00206	0.00053	-0.00007	-0.00027	0.00017	0.00067	-0.00251	-0.00027	-0.00039	-0.00145	0.00244	0.00087	-0.00008	-0.00009	-0.00003	0.00033	0.00062	0.00042
217	-0.00279	0.00326	0.00216	0.00043	0.00040	-0.00004	0.00040	0.00033	-0.00028	-0.00030	-0.00165	0.00069	0.00008	0.00014	-0.00028	0.00024	-0.00143	0.00043	0.00038	0.00004	0.00039	-0.00006	-0.00005	0.00004	0.00020	-0.00010	0.00011	0.00026	0.00013	0.00004	-0.00142	-0.00095	-0.00053	0.00011	0.00019	0.00013	0.00161	0.00076	-0.00006	-0.00026	0.00014	0.00071	-0.00312	0.00154	-0.00030	-0.00159	0.00329	0.00086	-0.00006	-0.00005	-0.00002	0.00030	0.00051	0.00029
218	-0.00265	-0.00141	0.00235	0.00063	0.00002	-0.00038	0.00058	0.00033	-0.00076	-0.00003	-0.00407	0.00143	0.00017	0.00026	-0.00056	0.00025	-0.00435	0.00139	0.00017	-0.00006	0.00034	-0.00004	-0.00013	0.00006	0.00009	-0.00015	0.00013	0.00010	0.00004	0.00004	-0.00154	-0.00013	-0.00046	0.00006	0.00009	0.00010	0.00171	0.00067	-0.00006	-0.00025	-0.00004	0.00052	-0.00344	0.00277	-0.00026	-0.00128	0.00359	0.00068	-0.00004	-0.00001	-0.00001	0.00020	-0.00024	0.00014
219	0.00008	-0.00363	0.00098	0.00096	-0.00023	-0.00072	0.00081	0.00037	-0.00128	0.00051	-0.00518	0.00167	0.00031	0.00041	-0.00083	0.00038	-0.00570	0.00182	-0.00010	-0.00003	0.00022	-0.00000	-0.00016	0.00006	-0.00002	-0.00016	0.00011	-0.00009	-0.00005	0.00001	-0.00146	0.00066	-0.00033	-0.00001	-0.00005	0.00003	0.00242	0.00002	-0.00008	-0.00029	-0.00006	0.00006	-0.00306	0.00382	-0.00011	-0.00075	0.00350	0.00033	-0.00004	0.00003	-0.00001	0.00050	-0.00082	0.00005
220	0.00300	-0.00146	-0.00017	0.00122	-0.00019	-0.00084	0.00102	0.00049	-0.00151	0.00078	-0.00503	0.00155	0.00048	0.00058	-0.00106	0.00044	-0.00562	0.00179	-0.00039	-0.00034	0.00042	0.00001	-0.00017	0.00006	-0.00000	-0.00004	0.00002	-0.00024	-0.00010	-0.00007	-0.00126	0.00142	-0.00019	-0.00010	-0.00022	-0.00007	0.00289	-0.00053	-0.00009	-0.00030	0.00006	-0.00017	-0.00231	0.00505	0.00005	-0.00023	0.00386	0.00002	-0.00004	0.00005	-0.00000	0.00105	-0.00073	-0.00009
221	0.00477	-0.00057	0.00003	0.00130	-0.00035	-0.00098	0.00109	0.00053	-0.00173	0.00059	-0.00471	0.00148	0.00056	0.00072	-0.00134	0.00015	-0.00600	0.00203	-0.00051	-0.00152	0.00114	0.00001	-0.00017	0.00006	0.00004	-0.00000	-0.00000	-0.00039	-0.00016	-0.00013	-0.00116	0.00185	-0.00011	-0.00017	-0.00037	-0.00017	0.00333	-0.00048	-0.00010	-0.00017	-0.00005	-0.00003	-0.00154	0.00593	0.00013	0.00055	0.00452	-0.00006	-0.00004	0.00007	-0.00000	0.00113	-0.00038	-0.00017
222	0.00630	-0.00236	0.00031	0.00125	-0.00071	-0.00123	0.00103	0.00047	-0.00206	0.00028	-0.00449	0.00143	0.00049	0.00077	-0.00154	-0.00033	-0.00676	0.00242	-0.00050	-0.00270	0.00181	0.00001	-0.00015	0.00006	0.00003	-0.00018	0.00010	-0.00052	-0.00023	-0.00015	-0.00109	0.00190	-0.00008	-0.00023	-0.00046	-0.00026	0.00389	0.00020	-0.00011	-0.00001	-0.00022	0.00003	-0.00074	0.00600	0.00015	0.00159	0.00469	-0.00011	-0.00004	0.00006	0.00000	0.00118	-0.00054	-0.00015
223	0.00814	-0.00365	-0.00010	0.00112	-0.00093	-0.00138	0.00093	0.00041	-0.00226	-0.00014	-0.00440	0.00142	0.00048	0.00078	-0.00158	-0.00095	-0.00719	0.00265	-0.00058	-0.00326	0.00209	-0.00001	-0.00015	0.00005	0.00006	-0.00016	0.00007	-0.00060	-0.00021	-0.00029	-0.00082	0.00200	-0.00001	-0.00026	-0.00050	-0.00044	0.00388	0.00062	-0.00010	0.00000	-0.00012	-0.00012	0.00035	0.00593	0.00016	0.00248	0.00459	-0.00027	-0.00004	0.00007	0.00000	0.00221	-0.00113	-0.00010
224	0.01057	-0.00490	-0.00051	0.00099	-0.00095	-0.00135	0.00077	0.00036	-0.00229	-0.00055	-0.00470	0.00154	0.00047	0.00086	-0.00174	-0.00133	-0.00787	0.00292	-0.00068	-0.00378	0.00222	-0.00002	-0.00016	0.00006	0.00016	0.00016	-0.00014	-0.00066	-0.00011	-0.00060	-0.00020	0.00235	0.00014	-0.00028	-0.00054	-0.00076	0.00353	0.00008	-0.00011	0.00001	0.00002	-0.00019	0.00170	0.00621	0.00016	0.00305	0.00475	-0.00035	-0.00002	0.00009	0.00000	0.00364	-0.00167	-0.00003
225	0.01235	-0.00695	-0.00071	0.00079	-0.00094	-0.00126	0.00043	0.00029	-0.00232	-0.00072	-0.00496	0.00163	0.00026	0.00095	-0.00200	-0.00140	-0.00853	0.00318	-0.00074	-0.00441	0.00243	-0.00004	-0.00018	0.00007	0.00020	0.00023	-0.00019	-0.00070	-0.00003	-0.00085	0.00063	0.00275	0.00031	-0.00026	-0.00057	-0.00109	0.00349	-0.00129	-0.00017	0.00009	0.00008	-0.00028	0.00277	0.00669	0.00019	0.00333	0.00495	-0.00039	0.00001	0.00011	0.00001	0.00419	-0.00206	0.00002
226	0.01289	-0.00720	-0.00167	0.00040	-0.00107	-0.00130	0.00008	0.00027	-0.00243	-0.00085	-0.00485	0.00159	0.00007	0.00100	-0.00210	-0.00158	-0.00866	0.00322	-0.00080	-0.00461	0.00256	-0.00004	-0.00018	0.00007	0.00017	0.00015	-0.00018	-0.00065	0.00005	-0.00106	0.00144	0.00306	0.00044	-0.00013	-0.00051	-0.00132	0.00361	-0.00228	-0.00023	0.00012	0.00019	-0.00056	0.00349	0.00692	0.00019	0.00349	0.00481	-0.00054	0.00007	0.00012	0.00002	0.00399	-0.00161	-0.00004
227	0.01399	-0.00618	-0.00307	0.00006	-0.00116	-0.00136	-0.00023	0.00033	-0.00251	-0.00106	-0.00486	0.00157	-0.00016	0.00111	-0.00212	-0.00176	-0.00907	0.00336	-0.00070	-0.00466	0.00251	-0.00004	-0.00018	0.00007	0.00023	0.00043	-0.00043	-0.00036	0.00023	-0.00139	0.00217	0.00329	0.00053	0.00015	-0.00038	-0.00149	0.00336	-0.00203	-0.00021	0.00015	0.00022	-0.00075	0.00435	0.00673	0.00007	0.00369	0.00445	-0.00064	0.00011	0.00013	0.00002	0.00405	-0.00075	-0.00032
228	0.01584	-0.00739	-0.00407	-0.00008	-0.00109	-0.00129	-0.00053	0.00043	-0.00245	-0.00125	-0.00488	0.00154	-0.00040	0.00126	-0.00218	-0.00179	-0.00965	0.00356	-0.00051	-0.00511	0.00243	-0.00005	-0.00018	0.00007	0.00040	0.00085	-0.00075	0.00011	0.00040	-0.00166	0.00277	0.00348	0.00061	0.00051	-0.00024	-0.00156	0.00284	-0.00172	-0.00018	0.00026	0.00011	-0.00076	0.00527	0.00629	-0.00011	0.00377	0.00393	-0.00070	0.00013	0.00014	0.00002	0.00439	-0.00142	-0.00066
229	0.01700	-0.00913	-0.00480	-0.00013	-0.00101	-0.00117	-0.00071	0.00052	-0.00226	-0.00136	-0.00458	0.00141	-0.00053	0.00133	-0.00213	-0.00172	-0.00953	0.00354	-0.00034	-0.00532	0.00237	-0.00005	-0.00018	0.00007	0.00057	0.00113	-0.00097	0.00056	0.00050	-0.00179	0.00322	0.00361	0.00065	0.00077	-0.00014	-0.00151	0.00244	-0.00186	-0.00019	0.00035	0.00002	-0.00083	0.00590	0.00568	-0.00032	0.00367	0.00314	-0.00092	0.00014	0.00015	0.00003	0.00423	-0.00259	-0.00077
230	0.01613	-0.00855	-0.00446	-0.00020	-0.00089	-0.00103	-0.00080	0.00059	-0.00187	-0.00162	-0.00443	0.00129	-0.00065	0.00135	-0.00179	-0.00183	-0.00934	0.00345	-0.00013	-0.00499	0.00227	-0.00006	-0.00017	0.00007	0.00076	0.00127	-0.00109	0.00093	0.00054	-0.00188	0.00352	0.00366	0.00066	0.00089	-0.00010	-0.00143	0.00172	-0.00157	-0.00016	0.00033	0.00009	-0.00087	0.00619	0.00506	-0.00049	0.00343	0.00238	-0.00093	0.00015	0.00016	0.00003	0.00350	-0.00217	-0.00067
231	0.01289	-0.00779	-0.00297	-0.00024	-0.00067	-0.00078	-0.00084	0.00066	-0.00146	-0.00210	-0.00456	0.00120	-0.00072	0.00136	-0.00148	-0.00245	-0.00970	0.00343	-0.00010	-0.00489	0.00220	-0.00007	-0.00018	0.00007	0.00100	0.00133	-0.00113	0.00116	0.00052	-0.00182	0.00356	0.00370	0.00067	0.00092	-0.00009	-0.00129	0.00077	-0.00119	-0.00012	0.00020	0.00028	-0.00068	0.00608	0.00477	-0.00052	0.00299	0.00205	-0.00057	0.00015	0.00016	0.00003	0.00258	-0.00134	-0.00072
232	0.01014	-0.00885	-0.00261	-0.00026	-0.00055	-0.00064	-0.00082	0.00071	-0.00120	-0.00246	-0.00462	0.00109	-0.00067	0.00125	-0.00133	-0.00308	-0.01000	0.00335	-0.00009	-0.00495	0.00202	-0.00007	-0.00019	0.00007	0.00110	0.00139	-0.00114	0.00110	0.00046	-0.00163	0.00363	0.00360	0.00063	0.00083	-0.00007	-0.00105	0.00072	-0.00117	-0.00012	0.00012	0.00043	-0.00061	0.00585	0.00435	-0.00057	0.00247	0.00161	-0.00053	0.00016	0.00015	0.00002	0.00161	-0.00124	-0.00099
233	0.00779	-0.01037	-0.00420	-0.00024	-0.00055	-0.00065	-0.00072	0.00064	-0.00105	-0.00281	-0.00446	0.00088	-0.00053	0.00097	-0.00117	-0.00359	-0.00967	0.00300	0.00007	-0.00461	0.00162	-0.00007	-0.00020	0.00008	0.00096	0.00136	-0.00111	0.00088	0.00047	-0.00151	0.00367	0.00325	0.00051	0.00063	-0.00005	-0.00094	0.00092	-0.00111	-0.00011	0.00011	0.00041	-0.00081	0.00560	0.00330	-0.00081	0.00203	0.00055	-0.00100	0.00016	0.00015	0.00002	0.00073	-0.00080	-0.00115
234	0.00463	-0.01058	-0.00574	-0.00023	-0.00050	-0.00058	-0.00057	0.00048	-0.00084	-0.00310	-0.00389	0.00050	-0.00039	0.00068	-0.00101	-0.00372	-0.00844	0.00233	0.00045	-0.00404	0.00126	-0.00008	-0.00020	0.00008	0.00079	0.00120	-0.00098	0.00064	0.00049	-0.00144	0.00322	0.00287	0.00046	0.00040	-0.00002	-0.00093	0.00020	-0.00076	-0.00008	0.00008	0.00026	-0.00094	0.00500	0.00210	-0.00104	0.00157	-0.00065	-0.00143	0.00014	0.00013	0.00002	0.00022	-0.00029	-0.00109
235	0.00256	-0.01031	-0.00676	-0.00032	-0.00036	-0.00042	-0.00038	0.00036	-0.00048	-0.00290	-0.00301	0.00016	-0.00026	0.00045	-0.00070	-0.00293	-0.00641	0.00162	0.00117	-0.00325	0.00075	-0.00008	-0.00020	0.00007	0.00047	0.00100	-0.00076	0.00024	0.00046	-0.00114	0.00266	0.00241	0.00040	0.00014	0.00002	-0.00074	-0.00078	-0.00031	-0.00005	0.00019	0.00007	-0.00109	0.00431	0.00080	-0.00131	0.00118	-0.00177	-0.00194	0.00011	0.00012	0.00002	-0.00026	-0.00070	-0.00116
236	0.00025	-0.01054	-0.00838	-0.00033	-0.00026	-0.00030	-0.00019	0.00024	-0.00012	-0.00234	-0.00232	0.00006	-0.00014	0.00023	-0.00035	-0.00209	-0.00444	0.00100	0.00144	-0.00186	-0.00022	-0.00009	-0.00017	0.00005	-0.00011	0.00082	-0.00048	-0.00026	0.00040	-0.00063	0.00216	0.00181	0.00027	-0.00017	0.00007	-0.00044	-0.00152	-0.00014	-0.00004	0.00039	-0.00007	-0.00134	0.00360	-0.00059	-0.00161	0.00098	-0.00296	-0.00270	0.00008	0.00008	0.00001	-0.00115	-0.00137	-0.00154
237	-0.00207	-0.01025	-0.00897	-0.00021	-0.00026	-0.00024	-0.00005	0.00005	-0.00001	-0.00113	-0.00233	0.00065	-0.00005	-0.00004	-0.00024	-0.00111	-0.00309	0.00081	0.00107	0.00025	-0.00128	-0.00005	-0.00014	0.00006	-0.00045	0.00075	-0.00036	-0.00055	0.00040	-0.00040	0.00141	0.00107	0.00013	-0.00039	0.00011	-0.00033	-0.00212	-0.00023	-0.00006	0.00032	-0.00012	-0.00138	0.00250	-0.00164	-0.00168	0.00041	-0.00369	-0.00297	0.00004	0.00003	0.00000	-0.00171	-0.00136	-0.00166
238	-0.00253	-0.01039	-0.00767	-0.00025	-0.00027	-0.00030	0.00003	-0.00015	-0.00010	0.00045	-0.00304	0.00183	-0.00000	-0.00029	-0.00031	0.00063	-0.00226	0.00124	0.00121	0.00243	-0.00195	0.00004	-0.00013	0.00009	-0.00042	0.00073	-0.00035	-0.00067	0.00044	-0.00040	0.00067	-0.00008	-0.00019	-0.00050	0.00014	-0.00028	-0.00253	-0.00064	-0.00011	-0.00001	-0.00008	-0.00122	0.00114	-0.00280	-0.00173	-0.00077	-0.00381	-0.00263	0.00001	-0.00002	-0.00001	-0.00155	-0.00054	-0.00124
239	-0.00246	-0.01119	-0.00721	-0.00037	-0.00028	-0.00038	0.00007	-0.00027	-0.00011	0.00115	-0.00351	0.00246	0.00005	-0.00049	-0.00029	0.00228	-0.00116	0.00152	0.00213	0.00424	-0.00232	0.00007	-0.00014	0.00012	-0.00040	0.00067	-0.00026	-0.00084	0.00040	-0.00019	0.00014	-0.00134	-0.00063	-0.00060	0.00017	-0.00009	-0.00292	-0.00104	-0.00015	-0.00006	-0.00005	-0.00125	-0.00004	-0.00455	-0.00210	-0.00138	-0.00412	-0.00262	-0.00000	-0.00004	-0.00002	-0.00173	0.00033	-0.00093
240	-0.00162	-0.01146	-0.00821	-0.00025	-0.00042	-0.00041	0.00016	-0.00032	0.00006	0.00126	-0.00308	0.00233	0.00011	-0.00068	-0.00004	0.00363	0.00071	0.00134	0.00298	0.00576	-0.00254	0.00006	-0.00014	0.00011	-0.00051	0.00059	-0.00014	-0.00098	0.00033	0.00017	-0.00035	-0.00253	-0.00104	-0.00070	0.00021	0.00018	-0.00321	-0.00081	-0.00014	0.00021	-0.00015	-0.00138	-0.00078	-0.00648	-0.00270	-0.00097	-0.00463	-0.00290	0.00000	-0.00006	-0.00003	-0.00228	0.00023	-0.00107
241	-0.00063	-0.01232	-0.00840	-0.00008	-0.00035	-0.00024	0.00033	-0.00043	0.00036	0.00146	-0.00218	0.00201	0.00018	-0.00087	0.00028	0.00468	0.00283	0.00091	0.00322	0.00681	-0.00261	0.00005	-0.00012	0.00009	-0.00072	0.00028	0.00009	-0.00104	0.00026	0.00052	-0.00081	-0.00417	-0.00164	-0.00079	0.00024	0.00040	-0.00329	-0.00050	-0.00012	0.00034	-0.00028	-0.00122	-0.00117	-0.00837	-0.00341	-0.00072	-0.00452	-0.00278	-0.00002	-0.00012	-0.00005	-0.00226	-0.00084	-0.00097
242	-0.00111	-0.01275	-0.00770	-0.00012	0.00010	0.00007	0.00048	-0.00053	0.00073	0.00167	-0.00107	0.00160	0.00024	-0.00101	0.00059	0.00523	0.00473	0.00035	0.00319	0.00736	-0.00257	0.00005	-0.00007	0.00007	-0.00089	-0.00031	0.00049	-0.00102	0.00018	0.00074	-0.00120	-0.00569	-0.00222	-0.00082	0.00026	0.00051	-0.00327	-0.00044	-0.00012	0.00023	-0.00030	-0.00094	-0.00159	-0.00974	-0.00390	-0.00105	-0.00409	-0.00252	-0.00006	-0.00017	-0.00007	-0.00217	-0.00195	-0.00051
243	-0.00115	-0.01045	-0.00724	-0.00017	0.00031	0.00020	0.00047	-0.00046	0.00086	0.00211	0.00021	0.00127	0.00024	-0.00103	0.00074	0.00589	0.00630	-0.00000	0.00332	0.00773	-0.00248	0.00007	-0.00001	0.00005	-0.00088	-0.00075	0.00076	-0.00096	0.00013	0.00078	-0.00151	-0.00597	-0.00231	-0.00080	0.00027	0.00057	-0.00319	-0.00055	-0.00012	0.00019	-0.00024	-0.00081	-0.00212	-0.00998	-0.00391	-0.00137	-0.00416	-0.00261	-0.00006	-0.00018	-0.00007	-0.00236	-0.00206	-0.00016
244	-0.00037	-0.00631	-0.00579	-0.00011	0.00032	0.00030	0.00042	-0.00034	0.00099	0.00285	0.00148	0.00115	0.00021	-0.00101	0.00088	0.00651	0.00774	-0.00025	0.00326	0.00822	-0.00231	0.00010	0.00007	0.00004	-0.00079	-0.00094	0.00091	-0.00091	0.00006	0.00110	-0.00164	-0.00560	-0.00216	-0.00076	0.00033	0.00082	-0.00340	-0.00073	-0.00013	0.00030	-0.00019	-0.00058	-0.00254	-0.00970	-0.00375	-0.00138	-0.00448	-0.00279	-0.00005	-0.00018	-0.00007	-0.00244	-0.00134	0.00006
245	-0.00063	-0.00428	-0.00354	-0.00009	0.00056	0.00057	0.00051	-0.00031	0.00155	0.00346	0.00250	0.00108	0.00014	-0.00101	0.00124	0.00639	0.00877	-0.00057	0.00268	0.00844	-0.00212	0.00014	0.00012	0.00004	-0.00072	-0.00107	0.00106	-0.00083	-0.00004	0.00161	-0.00164	-0.00554	-0.00214	-0.00072	0.00041	0.00116	-0.00356	-0.00067	-0.00014	0.00036	-0.00015	-0.00033	-0.00278	-0.00973	-0.00376	-0.00125	-0.00477	-0.00275	-0.00004	-0.00019	-0.00007	-0.00266	-0.00160	0.00004
246	-0.00051	-0.00503	-0.00301	-0.00002	0.00065	0.00068	0.00050	-0.00025	0.00193	0.00386	0.00328	0.00102	0.00006	-0.00097	0.00148	0.00616	0.00921	-0.00072	0.00197	0.00824	-0.00212	0.00017	0.00014	0.00004	-0.00053	-0.00108	0.00107	-0.00067	-0.00008	0.00170	-0.00160	-0.00554	-0.00214	-0.00062	0.00044	0.00126	-0.00294	-0.00075	-0.00012	0.00023	-0.00001	-0.00025	-0.00295	-0.00999	-0.00383	-0.00149	-0.00520	-0.00275	-0.00004	-0.00021	-0.00008	-0.00260	-0.00291	-0.00019
247	0.00024	-0.00299	-0.00395	0.00017	0.00065	0.00076	0.00023	-0.00002	0.00169	0.00405	0.00440	0.00079	-0.00004	-0.00076	0.00133	0.00591	0.01014	-0.00095	0.00111	0.00847	-0.00226	0.00018	0.00019	0.00003	-0.00029	-0.00103	0.00097	-0.00042	-0.00007	0.00158	-0.00138	-0.00552	-0.00210	-0.00044	0.00048	0.00130	-0.00199	-0.00054	-0.00008	0.00002	0.00013	-0.00006	-0.00296	-0.01040	-0.00392	-0.00201	-0.00570	-0.00294	-0.00004	-0.00020	-0.00008	-0.00185	-0.00321	-0.00002
248	-0.00007	0.00079	-0.00434	0.00027	0.00109	0.00119	-0.00013	0.00025	0.00162	0.00396	0.00564	0.00042	-0.00023	-0.00046	0.00112	0.00525	0.01144	-0.00133	0.00021	0.00901	-0.00235	0.00018	0.00026	0.00001	-0.00002	-0.00094	0.00083	-0.00007	-0.00003	0.00149	-0.00106	-0.00568	-0.00212	-0.00024	0.00055	0.00137	-0.00149	-0.00001	-0.00006	-0.00017	0.00016	0.00024	-0.00290	-0.01097	-0.00412	-0.00238	-0.00611	-0.00313	-0.00004	-0.00020	-0.00008	-0.00121	-0.00321	0.00056
249	-0.00052	0.00054	-0.00410	0.00022	0.00157	0.00159	-0.00037	0.00041	0.00197	0.00367	0.00639	0.00014	-0.00038	-0.00034	0.00114	0.00457	0.01200	-0.00153	-0.00004	0.00888	-0.00225	0.00016	0.00028	0.00000	0.00030	-0.00079	0.00066	0.00021	0.00002	0.00116	-0.00099	-0.00562	-0.00209	-0.00010	0.00051	0.00120	-0.00114	-0.00133	-0.00004	-0.00028	0.00020	0.00052	-0.00309	-0.01132	-0.00429	-0.00266	-0.00646	-0.00313	-0.00003	-0.00021	-0.00008	-0.00056	-0.00367	0.00095
250	-0.00010	-0.00108	-0.00332	0.00006	0.00171	0.00166	-0.00050	0.00046	0.00213	0.00315	0.00700	-0.00012	-0.00039	-0.00036	0.00121	0.00372	0.01203	-0.00157	-0.00007	0.00807	-0.00185	0.00014	0.00030	-0.00001	0.00037	-0.00073	0.00061	0.00038	0.00006	0.00101	-0.00096	-0.00543	-0.00201	0.00002	0.00056	0.00115	-0.00021	-0.00330	0.00000	-0.00036	0.00019	0.00089	-0.00312	-0.01175	-0.00441	-0.00273	-0.00685	-0.00296	-0.00003	-0.00021	-0.00008	0.00043	-0.00283	0.00102
251	0.00161	-0.00041	-0.00236	-0.00020	0.00163	0.00153	-0.00059	0.00043	0.00198	0.00246	0.00774	-0.00037	-0.00037	-0.00035	0.00118	0.00262	0.01183	-0.00149	-0.00046	0.00702	-0.00142	0.00011	0.00034	-0.00002	0.00023	-0.00077	0.00066	0.00055	0.00013	0.00121	-0.00047	-0.00550	-0.00187	0.00017	0.00077	0.00137	0.00118	-0.00237	0.00007	-0.00046	0.00013	0.00106	-0.00210	-0.01245	-0.00439	-0.00224	-0.00721	-0.00282	-0.00003	-0.00020	-0.00008	0.00122	-0.00158	0.00105
252	0.00392	0.00053	-0.00287	-0.00047	0.00134	0.00125	-0.00065	0.00037	0.00175	0.00180	0.00827	-0.00052	-0.00039	-0.00030	0.00105	0.00191	0.01129	-0.00138	-0.00063	0.00585	-0.00142	0.00007	0.00038	-0.00003	0.00020	-0.00070	0.00062	0.00061	0.00017	0.00110	0.00013	-0.00542	-0.00164	0.00024	0.00078	0.00125	0.00206	-0.00021	0.00012	-0.00046	0.00019	0.00080	-0.00061	-0.01254	-0.00405	-0.00149	-0.00721	-0.00282	-0.00002	-0.00020	-0.00008	0.00162	-0.00154	0.00113
253	0.00504	-0.00030	-0.00333	-0.00059	0.00116	0.00110	-0.00065	0.00033	0.00158	0.00129	0.00834	-0.00055	-0.00038	-0.00024	0.00091	0.00155	0.01036	-0.00125	-0.00046	0.00438	-0.00129	0.00005	0.00038	-0.00003	0.00026	-0.00056	0.00050	0.00052	0.00016	0.00076	0.00036	-0.00498	-0.00141	0.00021	0.00060	0.00088	0.00218	0.00025	0.00013	-0.00048	0.00018	0.00054	0.00033	-0.01198	-0.00358	-0.00093	-0.00703	-0.00276	-0.00002	-0.00021	-0.00008	0.00181	-0.00144	0.00120
254	0.00550	-0.00120	-0.00133	-0.00057	0.00121	0.00113	-0.00052	0.00033	0.00147	0.00076	0.00810	-0.00051	-0.00029	-0.00023	0.00084	0.00090	0.00914	-0.00094	-0.00050	0.00259	-0.00052	0.00002	0.00036	-0.00003	0.00029	-0.00049	0.00044	0.00042	0.00013	0.00058	0.00062	-0.00448	-0.00113	0.00016	0.00045	0.00064	0.00213	0.00054	0.00014	-0.00065	-0.00002	0.00058	0.00127	-0.01102	-0.00286	-0.00041	-0.00662	-0.00234	-0.00002	-0.00022	-0.00008	0.00188	-0.00098	0.00126
255	0.00700	-0.00005	0.00045	-0.00049	0.00111	0.00101	-0.00032	0.00029	0.00118	0.00007	0.00761	-0.00040	-0.00014	-0.00020	0.00074	0.00023	0.00794	-0.00065	-0.00027	0.00112	-0.00015	-0.00000	0.00033	-0.00002	0.00040	-0.00041	0.00039	0.00030	0.00009	0.00040	0.00095	-0.00419	-0.00089	0.00009	0.00027	0.00044	0.00221	0.00146	0.00016	-0.00058	-0.00002	0.00061	0.00223	-0.00945	-0.00191	0.00022	-0.00544	-0.00159	-0.00001	-0.00024	-0.00008	0.00214	-0.00032	0.00123
256	0.01057	0.00062	0.00004	-0.00028	0.00099	0.00085	-0.00009	0.00026	0.00086	-0.00018	0.00683	-0.00033	-0.00002	-0.00014	0.00055	0.00028	0.00663	-0.00062	0.00049	0.00011	-0.00060	-0.00001	0.00030	-0.00002	0.00051	-0.00026	0.00029	0.00019	0.00005	0.00019	0.00094	-0.00400	-0.00083	0.00002	0.00009	0.00022	0.00250	0.00106	0.00016	-0.00011	0.00013	0.00035	0.00246	-0.00801	-0.00135	0.00097	-0.00434	-0.00084	0.00000	-0.00024	-0.00008	0.00290	0.00116	0.00126
257	0.01452	-0.00197	-0.00030	0.00009	0.00088	0.00070	0.00013	0.00027	0.00068	0.00018	0.00593	-0.00037	0.00010	-0.00008	0.00040	0.00069	0.00511	-0.00063	0.00096	-0.00097	-0.00068	0.00001	0.00026	-0.00002	0.00049	-0.00007	0.00014	0.00012	0.00005	0.00004	0.00079	-0.00349	-0.00074	-0.00002	-0.00003	0.00007	0.00293	-0.00053	0.00012	0.00019	0.00007	0.00006	0.00238	-0.00687	-0.00102	0.00167	-0.00409	-0.00034	0.00001	-0.00022	-0.00007	0.00379	0.00183	0.00136
258	0.01495	-0.00419	0.00027	0.00036	0.00058	0.00040	0.00027	0.00024	0.00047	0.00048	0.00497	-0.00041	0.00021	-0.00003	0.00032	0.00083	0.00344	-0.00050	0.00095	-0.00209	-0.00006	0.00001	0.00021	-0.00002	0.00047	0.00003	0.00006	0.00006	0.00005	-0.00006	0.00057	-0.00284	-0.00065	-0.00005	-0.00015	-0.00007	0.00287	-0.00095	0.00011	0.00017	-0.00010	0.00005	0.00196	-0.00517	-0.00065	0.00178	-0.00323	0.00004	0.00001	-0.00019	-0.00006	0.00398	0.00103	0.00129
259	0.01249	-0.00353	0.00048	0.00044	0.00035	0.00017	0.00037	0.00019	0.00021	0.00067	0.00386	-0.00042	0.00030	0.00003	0.00017	0.00107	0.00174	-0.00045	0.00100	-0.00289	0.00037	0.00002	0.00017	-0.00002	0.00045	-0.00002	0.00010	-0.00002	-0.00003	-0.00006	0.00023	-0.00246	-0.00073	-0.00008	-0.00024	-0.00014	0.00211	-0.00021	0.00011	0.00015	-0.00015	0.00023	0.00099	-0.00347	-0.00062	0.00134	-0.00117	0.00047	0.00000	-0.00013	-0.00004	0.00345	0.00090	0.00115
260	0.01144	-0.00413	0.00003	0.00047	0.00028	0.00007	0.00043	0.00016	-0.00005	0.00093	0.00248	-0.00044	0.00036	0.00011	-0.00004	0.00164	0.00005	-0.00054	0.00113	-0.00329	0.00044	0.00003	0.00011	-0.00002	0.00035	-0.00008	0.00011	-0.00010	-0.00008	-0.00008	0.00005	-0.00239	-0.00081	-0.00009	-0.00026	-0.00017	0.00180	-0.00037	0.00008	0.00012	-0.00015	0.00037	0.00041	-0.00268	-0.00069	0.00093	0.00058	0.00093	-0.00001	-0.00007	-0.00003	0.00300	0.00148	0.00091
261	0.01288	-0.00608	-0.00055	0.00050	0.00015	-0.00004	0.00042	0.00011	-0.00027	0.00115	0.00074	-0.00046	0.00037	0.00016	-0.00017	0.00228	-0.00175	-0.00067	0.00138	-0.00328	0.00038	0.00004	0.00004	-0.00002	0.00034	0.00003	0.00003	-0.00012	-0.00004	-0.00023	0.00020	-0.00210	-0.00062	-0.00007	-0.00026	-0.00027	0.00234	-0.00094	0.00007	0.00012	-0.00014	0.00035	0.00032	-0.00173	-0.00037	0.00058	0.00148	0.00121	0.00000	-0.00006	-0.00002	0.00302	0.00151	0.00055
262	0.01464	-0.00593	-0.00065	0.00061	-0.00001	-0.00017	0.00041	0.00009	-0.00036	0.00147	-0.00138	-0.00051	0.00035	0.00018	-0.00024	0.00307	-0.00361	-0.00091	0.00163	-0.00282	0.00027	0.00003	-0.00005	-0.00001	0.00041	0.00030	-0.00013	-0.00010	0.00004	-0.00044	0.00039	-0.00131	-0.00022	-0.00004	-0.00027	-0.00043	0.00272	-0.00074	0.00011	0.00020	-0.00012	0.00028	0.00000	0.00023	0.00018	0.00007	0.00242	0.00142	0.00002	-0.00004	-0.00000	0.00338	0.00117	0.00051
263	0.01520	-0.00571	-0.00015	0.00078	-0.00010	-0.00027	0.00046	0.00009	-0.00046	0.00183	-0.00379	-0.00059	0.00032	0.00022	-0.00034	0.00377	-0.00559	-0.00117	0.00145	-0.00211	0.00023	0.00002	-0.00015	-0.00000	0.00044	0.00043	-0.00022	-0.00012	0.00009	-0.00063	0.00047	-0.00045	0.00013	-0.00006	-0.00035	-0.00058	0.00265	-0.00062	0.00011	0.00017	-0.00010	0.00039	-0.00038	0.00225	0.00069	-0.00040	0.00364	0.00182	0.00003	-0.00001	0.00002	0.00377	0.00084	0.00073
264	0.01331	-0.00585	0.00056	0.00081	-0.00016	-0.00036	0.00047	0.00006	-0.00065	0.00168	-0.00585	-0.00054	0.00032	0.00028	-0.00047	0.00356	-0.00760	-0.00111	0.00114	-0.00163	0.00015	0.00001	-0.00021	0.00000	0.00039	0.00030	-0.00015	-0.00016	0.00008	-0.00067	0.00044	0.00022	0.00036	-0.00007	-0.00041	-0.00067	0.00233	-0.00027	0.00012	-0.00000	-0.00010	0.00047	-0.00058	0.00395	0.00116	-0.00078	0.00484	0.00218	0.00004	0.00001	0.00003	0.00369	0.00066	0.00069
265	0.00902	-0.00425	0.00092	0.00064	-0.00032	-0.00050	0.00042	0.00003	-0.00080	0.00120	-0.00668	-0.00043	0.00031	0.00032	-0.00054	0.00274	-0.00900	-0.00081	0.00116	-0.00184	0.00000	0.00002	-0.00022	0.00000	0.00025	0.00027	-0.00013	-0.00017	0.00006	-0.00060	0.00030	0.00081	0.00049	-0.00004	-0.00038	-0.00067	0.00162	0.00081	0.00018	-0.00014	-0.00014	0.00039	-0.00091	0.00549	0.00151	-0.00123	0.00583	0.00231	0.00004	0.00002	0.00003	0.00281	0.00069	0.00050
266	0.00519	-0.00210	0.00151	0.00044	-0.00057	-0.00070	0.00032	-0.00001	-0.00093	0.00097	-0.00657	-0.00038	0.00026	0.00035	-0.00061	0.00207	-0.00978	-0.00058	0.00101	-0.00275	0.00020	0.00003	-0.00021	-0.00000	0.00008	0.00045	-0.00027	-0.00017	0.00008	-0.00063	0.00037	0.00151	0.00079	0.00003	-0.00029	-0.00062	0.00113	0.00168	0.00024	-0.00023	-0.00014	0.00033	-0.00110	0.00683	0.00188	-0.00164	0.00650	0.00247	0.00005	0.00004	0.00005	0.00157	0.00077	0.00026
267	0.00269	0.00100	0.00290	0.00031	-0.00064	-0.00074	0.00019	-0.00004	-0.00103	0.00085	-0.00648	-0.00035	0.00016	0.00040	-0.00069	0.00156	-0.01054	-0.00043	0.00058	-0.00393	0.00069	0.00002	-0.00022	-0.00000	-0.00001	0.00061	-0.00040	-0.00012	0.00013	-0.00068	0.00049	0.00266	0.00130	0.00007	-0.00024	-0.00060	0.00105	0.00261	0.00032	-0.00023	-0.00007	0.00029	-0.00106	0.00849	0.00251	-0.00179	0.00712	0.00272	0.00005	0.00010	0.00007	0.00058	0.00102	-0.00009
268	-0.00032	0.00409	0.00373	0.00017	-0.00058	-0.00066	0.00004	-0.00004	-0.00099	0.00063	-0.00669	-0.00032	0.00007	0.00043	-0.00070	0.00129	-0.01148	-0.00037	0.00051	-0.00493	0.00089	0.00001	-0.00024	0.00000	0.00002	0.00065	-0.00042	-0.00004	0.00016	-0.00071	0.00006	0.00409	0.00160	0.00008	-0.00024	-0.00060	0.00057	0.00303	0.00034	-0.00014	-0.00002	0.00012	-0.00149	0.01040	0.00298	-0.00189	0.00776	0.00277	0.00001	0.00017	0.00008	-0.00022	0.00161	-0.00030
269	-0.00357	0.00342	0.00331	-0.00003	-0.00066	-0.00069	-0.00011	-0.00004	-0.00087	0.00046	-0.00681	-0.00031	0.00000	0.00039	-0.00061	0.00114	-0.01239	-0.00038	0.00081	-0.00582	0.00083	0.00001	-0.00025	0.00000	0.00010	0.00062	-0.00040	0.00007	0.00018	-0.00072	-0.00083	0.00540	0.00161	0.00012	-0.00023	-0.00060	0.00010	0.00128	0.00014	-0.00006	-0.00002	-0.00004	-0.00249	0.01168	0.00296	-0.00202	0.00787	0.00262	-0.00003	0.00023	0.00008	-0.00081	0.00198	-0.00031
270	-0.00579	0.00110	0.00324	-0.00023	-0.00070	-0.00069	-0.00023	-0.00003	-0.00074	0.00047	-0.00652	-0.00031	-0.00007	0.00033	-0.00048	0.00111	-0.01303	-0.00039	0.00114	-0.00688	0.00093	0.00002	-0.00023	0.00000	0.00008	0.00076	-0.00048	0.00013	0.00019	-0.00068	-0.00171	0.00658	0.00161	0.00017	-0.00018	-0.00053	-0.00010	-0.00072	-0.00008	0.00003	-0.00004	-0.00002	-0.00343	0.01233	0.00278	-0.00200	0.00742	0.00264	-0.00007	0.00028	0.00008	-0.00113	0.00154	-0.00039
271	-0.00787	0.00062	0.00411	-0.00035	-0.00046	-0.00048	-0.00030	0.00000	-0.00060	0.00044	-0.00618	-0.00029	-0.00010	0.00031	-0.00040	0.00129	-0.01340	-0.00037	0.00139	-0.00785	0.00117	0.00002	-0.00022	0.00000	0.00001	0.00099	-0.00063	0.00014	0.00022	-0.00065	-0.00237	0.00752	0.00166	0.00016	-0.00013	-0.00039	-0.00073	-0.00046	-0.00008	0.00008	-0.00012	0.00008	-0.00408	0.01267	0.00272	-0.00200	0.00689	0.00276	-0.00010	0.00032	0.00008	-0.00137	0.00053	-0.00045
272	-0.00992	0.00255	0.00488	-0.00032	-0.00021	-0.00027	-0.00030	0.00002	-0.00051	0.00030	-0.00606	-0.00029	-0.00011	0.00031	-0.00040	0.00133	-0.01333	-0.00033	0.00143	-0.00805	0.00128	0.00001	-0.00024	0.00000	0.00000	0.00098	-0.00062	0.00013	0.00022	-0.00068	-0.00292	0.00832	0.00173	0.00010	-0.00011	-0.00033	-0.00147	0.00046	-0.00001	0.00005	-0.00018	0.00016	-0.00446	0.01304	0.00274	-0.00196	0.00657	0.00267	-0.00013	0.00036	0.00008	-0.00162	0.00044	-0.00036
273	-0.01217	0.00631	0.00507	-0.00023	-0.00022	-0.00026	-0.00028	0.00002	-0.00045	0.00013	-0.00595	-0.00030	-0.00010	0.00030	-0.00038	0.00083	-0.01259	-0.00035	0.00113	-0.00738	0.00122	0.00002	-0.00025	0.00000	-0.00003	0.00084	-0.00052	0.00010	0.00019	-0.00063	-0.00332	0.00930	0.00191	0.00005	-0.00011	-0.00034	-0.00196	0.00054	-0.00002	0.00006	-0.00011	0.00020	-0.00460	0.01361	0.00281	-0.00171	0.00614	0.00243	-0.00016	0.00043	0.00010	-0.00211	0.00158	-0.00035
274	-0.01537	0.00724	0.00440	-0.00027	-0.00030	-0.00032	-0.00027	0.00002	-0.00040	-0.00021	-0.00568	-0.00035	-0.00010	0.00028	-0.00035	-0.00026	-0.01161	-0.00049	0.00045	-0.00664	0.00105	0.00003	-0.00025	0.00000	-0.00006	0.00072	-0.00046	0.00007	0.00016	-0.00049	-0.00335	0.00964	0.00198	0.00002	-0.00010	-0.00027	-0.00246	0.00067	-0.00003	0.00010	-0.00002	0.00016	-0.00469	0.01314	0.00267	-0.00143	0.00479	0.00205	-0.00015	0.00045	0.00010	-0.00280	0.00199	-0.00048
275	-0.01683	0.00494	0.00290	-0.00036	-0.00026	-0.00027	-0.00029	0.00005	-0.00030	-0.00044	-0.00530	-0.00038	-0.00011	0.00026	-0.00030	-0.00121	-0.01070	-0.00063	-0.00014	-0.00611	0.00079	0.00004	-0.00025	0.00000	0.00004	0.00068	-0.00045	0.00010	0.00014	-0.00042	-0.00314	0.00896	0.00182	0.00001	-0.00007	-0.00020	-0.00246	0.00091	-0.00001	0.00007	-0.00004	-0.00001	-0.00470	0.01177	0.00235	-0.00109	0.00320	0.00145	-0.00012	0.00038	0.00009	-0.00304	0.00132	-0.00065
276	-0.01617	0.00715	0.00176	-0.00034	-0.00024	-0.00023	-0.00029	0.00007	-0.00019	-0.00041	-0.00487	-0.00036	-0.00010	0.00022	-0.00022	-0.00169	-0.00934	-0.00068	-0.00036	-0.00511	0.00051	0.00004	-0.00025	0.00000	0.00009	0.00074	-0.00046	0.00009	0.00013	-0.00039	-0.00297	0.00872	0.00176	0.00000	-0.00006	-0.00019	-0.00246	0.00119	0.00002	0.00007	-0.00008	-0.00022	-0.00417	0.01166	0.00226	-0.00065	0.00261	0.00082	-0.00012	0.00034	0.00008	-0.00291	0.00141	-0.00073
277	-0.01659	0.01219	0.00130	-0.00033	-0.00017	-0.00018	-0.00022	0.00005	-0.00015	-0.00057	-0.00439	-0.00039	-0.00006	0.00015	-0.00016	-0.00216	-0.00755	-0.00079	-0.00068	-0.00367	0.00021	0.00002	-0.00023	0.00000	-0.00002	0.00076	-0.00044	0.00003	0.00011	-0.00027	-0.00291	0.00908	0.00185	-0.00001	-0.00005	-0.00014	-0.00305	0.00178	0.00004	0.00001	-0.00007	-0.00020	-0.00327	0.01175	0.00218	-0.00023	0.00202	0.00027	-0.00013	0.00035	0.00008	-0.00301	0.00229	-0.00061
278	-0.01755	0.01098	0.00121	-0.00037	0.00007	-0.00002	-0.00016	0.00003	-0.00011	-0.00089	-0.00425	-0.00048	-0.00003	0.00008	-0.00011	-0.00236	-0.00675	-0.00086	-0.00104	-0.00296	0.00003	0.00000	-0.00021	-0.00000	-0.00012	0.00069	-0.00039	-0.00000	0.00010	-0.00022	-0.00291	0.00864	0.00179	-0.00003	-0.00003	-0.00007	-0.00298	0.00184	0.00005	-0.00019	-0.00006	0.00001	-0.00281	0.01031	0.00190	-0.00010	0.00094	0.00007	-0.00014	0.00034	0.00008	-0.00343	0.00220	-0.00046
279	-0.01698	0.00760	0.00167	-0.00042	0.00015	0.00005	-0.00017	0.00005	-0.00006	-0.00090	-0.00448	-0.00047	-0.00004	0.00007	-0.00008	-0.00189	-0.00696	-0.00071	-0.00098	-0.00303	0.00012	-0.00001	-0.00022	-0.00001	-0.00014	0.00056	-0.00033	0.00001	0.00012	-0.00033	-0.00280	0.00782	0.00163	-0.00004	-0.00001	-0.00006	-0.00231	0.00153	0.00004	-0.00030	-0.00007	0.00012	-0.00289	0.00944	0.00181	-0.00038	0.00086	0.00035	-0.00013	0.00029	0.00007	-0.00361	0.00147	-0.00048
280	-0.01623	0.00936	0.00205	-0.00041	0.00010	0.00004	-0.00017	0.00007	-0.00002	-0.00087	-0.00448	-0.00045	-0.00004	0.00008	-0.00007	-0.00153	-0.00646	-0.00059	-0.00086	-0.00249	0.00014	-0.00002	-0.00022	-0.00001	-0.00018	0.00043	-0.00026	0.00000	0.00011	-0.00030	-0.00251	0.00732	0.00150	-0.00005	-0.00001	-0.00005	-0.00233	0.00152	0.00004	-0.00026	-0.00002	0.00004	-0.00294	0.00958	0.00188	-0.00062	0.00147	0.00054	-0.00011	0.00026	0.00006	-0.00332	0.00212	-0.00044
281	-0.01621	0.01085	0.00166	-0.00033	0.00028	0.00018	-0.00010	0.00006	0.00002	-0.00108	-0.00427	-0.00053	-0.00002	0.00003	-0.00005	-0.00174	-0.00530	-0.00068	-0.00110	-0.00117	-0.00010	-0.00004	-0.00020	-0.00002	-0.00028	0.00039	-0.00019	-0.00005	0.00007	-0.00011	-0.00215	0.00630	0.00129	-0.00005	0.00001	0.00000	-0.00258	0.00122	0.00003	-0.00027	0.00004	-0.00007	-0.00258	0.00842	0.00164	-0.00059	0.00143	0.00042	-0.00010	0.00022	0.00006	-0.00315	0.00333	-0.00021
282	-0.01690	0.00943	0.00141	-0.00032	0.00043	0.00028	-0.00005	0.00004	0.00005	-0.00122	-0.00410	-0.00059	0.00001	-0.00000	-0.00002	-0.00191	-0.00452	-0.00076	-0.00143	-0.00030	-0.00031	-0.00007	-0.00016	-0.00003	-0.00040	0.00038	-0.00013	-0.00012	0.00006	0.00003	-0.00186	0.00487	0.00106	-0.00006	0.00003	0.00007	-0.00276	0.00161	0.00004	-0.00032	0.00001	-0.00000	-0.00214	0.00656	0.00129	-0.00067	0.00124	0.00045	-0.00009	0.00018	0.00005	-0.00350	0.00311	-0.00007
283	-0.01879	0.01183	0.00184	-0.00041	0.00037	0.00024	-0.00007	0.00005	0.00006	-0.00128	-0.00370	-0.00061	0.00000	-0.00001	0.00000	-0.00206	-0.00367	-0.00082	-0.00161	0.00013	-0.00038	-0.00008	-0.00015	-0.00004	-0.00056	0.00040	-0.00008	-0.00021	0.00006	0.00006	-0.00186	0.00391	0.00099	-0.00009	0.00005	0.00012	-0.00318	0.00348	0.00009	-0.00037	0.00001	0.00019	-0.00222	0.00589	0.00128	-0.00098	0.00176	0.00077	-0.00009	0.00013	0.00005	-0.00374	0.00311	-0.00009
284	-0.01859	0.01603	0.00183	-0.00036	0.00042	0.00030	-0.00006	0.00007	0.00013	-0.00139	-0.00318	-0.00067	0.00000	-0.00001	0.00003	-0.00235	-0.00225	-0.00100	-0.00160	0.00106	-0.00055	-0.00007	-0.00014	-0.00003	-0.00064	0.00044	-0.00006	-0.00026	0.00008	0.00005	-0.00188	0.00285	0.00092	-0.00012	0.00005	0.00011	-0.00284	0.00438	0.00011	-0.00035	0.00007	0.00032	-0.00238	0.00519	0.00129	-0.00098	0.00234	0.00085	-0.00009	0.00008	0.00004	-0.00322	0.00460	-0.00002
285	-0.01613	0.01367	0.00078	-0.00032	0.00056	0.00041	-0.00001	0.00007	0.00016	-0.00153	-0.00270	-0.00075	0.00001	-0.00002	0.00005	-0.00265	-0.00095	-0.00123	-0.00157	0.00209	-0.00090	-0.00007	-0.00012	-0.00004	-0.00061	0.00028	0.00003	-0.00022	0.00005	0.00012	-0.00149	0.00103	0.00064	-0.00010	0.00006	0.00012	-0.00190	0.00349	0.00008	-0.00018	0.00007	0.00024	-0.00211	0.00279	0.00098	-0.00051	0.00202	0.00067	-0.00006	0.00002	0.00003	-0.00280	0.00493	0.00017
286	-0.01543	0.00687	-0.00017	-0.00045	0.00057	0.00042	-0.00001	0.00005	0.00016	-0.00157	-0.00187	-0.00081	0.00001	-0.00004	0.00007	-0.00289	0.00035	-0.00144	-0.00176	0.00271	-0.00119	-0.00008	-0.00009	-0.00004	-0.00062	-0.00008	0.00025	-0.00019	-0.00001	0.00029	-0.00087	-0.00134	0.00027	-0.00009	0.00008	0.00018	-0.00190	0.00296	0.00008	-0.00000	0.00009	0.00006	-0.00183	-0.00083	0.00059	-0.00019	0.00126	0.00062	-0.00001	-0.00002	0.00000	-0.00298	0.00306	0.00033
287	-0.01560	0.00223	-0.00031	-0.00047	0.00052	0.00039	0.00002	0.00004	0.00015	-0.00145	-0.00075	-0.00080	0.00001	-0.00005	0.00012	-0.00295	0.00225	-0.00161	-0.00174	0.00357	-0.00127	-0.00007	-0.00005	-0.00004	-0.00070	-0.00039	0.00049	-0.00026	-0.00005	0.00049	-0.00051	-0.00404	0.00001	-0.00012	0.00010	0.00025	-0.00230	0.00301	0.00009	0.00010	0.00012	-0.00005	-0.00197	-0.00451	0.00042	-0.00051	0.00082	0.00062	0.00002	-0.00009	-0.00001	-0.00269	0.00171	0.00042
288	-0.01417	0.00162	-0.00050	-0.00029	0.00048	0.00037	0.00010	0.00001	0.00014	-0.00146	0.00044	-0.00089	0.00002	-0.00008	0.00014	-0.00291	0.00432	-0.00177	-0.00128	0.00457	-0.00136	-0.00007	0.00000	-0.00004	-0.00075	-0.00060	0.00069	-0.00034	-0.00007	0.00063	-0.00033	-0.00598	-0.00011	-0.00016	0.00012	0.00028	-0.00180	0.00248	0.00007	0.00017	0.00007	-0.00005	-0.00209	-0.00670	0.00036	-0.00102	0.00076	0.00057	0.00002	-0.00016	-0.00001	-0.00198	0.00196	0.00047
289	-0.01166	0.00439	-0.00112	-0.00026	0.00051	0.00038	0.00013	0.00001	0.00020	-0.00149	0.00191	-0.00103	0.00005	-0.00013	0.00020	-0.00284	0.00637	-0.00194	-0.00098	0.00530	-0.00153	-0.00007	0.00008	-0.00005	-0.00061	-0.00070	0.00075	-0.00032	-0.00010	0.00065	-0.00001	-0.00639	-0.00022	-0.00017	0.00012	0.00028	-0.00111	0.00198	0.00004	0.00019	0.00010	0.00006	-0.00153	-0.00708	0.00017	-0.00095	0.00056	0.00044	0.00002	-0.00020	-0.00001	-0.00170	0.00204	0.00051
290	-0.00927	0.00808	-0.00142	-0.00039	0.00069	0.00050	0.00006	0.00006	0.00031	-0.00140	0.00337	-0.00112	0.00001	-0.00011	0.00026	-0.00277	0.00816	-0.00213	-0.00108	0.00578	-0.00150	-0.00007	0.00015	-0.00006	-0.00044	-0.00072	0.00072	-0.00026	-0.00010	0.00065	0.00040	-0.00609	-0.00032	-0.00016	0.00011	0.00027	-0.00102	0.00274	0.00003	0.00016	0.00021	0.00031	-0.00045	-0.00728	-0.00014	-0.00041	-0.00024	0.00021	0.00003	-0.00021	-0.00002	-0.00148	0.00157	0.00061
291	-0.00640	0.00916	-0.00183	-0.00033	0.00080	0.00058	-0.00000	0.00010	0.00035	-0.00133	0.00454	-0.00122	-0.00006	-0.00003	0.00023	-0.00260	0.00937	-0.00225	-0.00117	0.00590	-0.00140	-0.00006	0.00020	-0.00006	-0.00033	-0.00081	0.00076	-0.00017	-0.00011	0.00073	0.00079	-0.00586	-0.00039	-0.00012	0.00013	0.00029	-0.00080	0.00269	0.00001	0.00008	0.00022	0.00048	0.00070	-0.00800	-0.00046	0.00002	-0.00144	-0.00012	0.00003	-0.00021	-0.00002	-0.00106	0.00170	0.00065
292	-0.00246	0.00505	-0.00312	-0.00018	0.00066	0.00050	-0.00004	0.00013	0.00034	-0.00113	0.00578	-0.00128	-0.00008	-0.00000	0.00019	-0.00199	0.01057	-0.00225	-0.00095	0.00583	-0.00153	-0.00005	0.00025	-0.00006	-0.00008	-0.00092	0.00082	-0.00001	-0.00012	0.00079	0.00090	-0.00574	-0.00041	-0.00006	0.00019	0.00035	0.00015	-0.00094	0.00001	0.00000	0.00019	0.00033	0.00127	-0.00895	-0.00069	0.00028	-0.00311	-0.00079	0.00003	-0.00020	-0.00002	-0.00053	0.00144	0.00060
293	0.00047	-0.00003	-0.00399	-0.00021	0.00058	0.00046	-0.00008	0.00015	0.00042	-0.00082	0.00691	-0.00130	-0.00008	-0.00003	0.00026	-0.00135	0.01150	-0.00221	-0.00065	0.00572	-0.00162	-0.00004	0.00030	-0.00007	0.00024	-0.00088	0.00075	0.00017	-0.00011	0.00068	0.00073	-0.00555	-0.00038	0.00003	0.00024	0.00037	0.00078	-0.00389	0.00001	-0.00006	0.00019	0.00011	0.00119	-0.00987	-0.00076	0.00037	-0.00488	-0.00140	0.00002	-0.00019	-0.00002	0.00023	-0.00022	0.00072
294	0.00095	0.00167	-0.00373	-0.00029	0.00080	0.00060	-0.00011	0.00019	0.00053	-0.00075	0.00761	-0.00137	-0.00011	-0.00003	0.00032	-0.00115	0.01150	-0.00215	-0.00052	0.00518	-0.00147	-0.00004	0.00034	-0.00007	0.00028	-0.00070	0.00057	0.00023	-0.00006	0.00050	0.00069	-0.00520	-0.00035	0.00007	0.00023	0.00032	0.00065	-0.00197	-0.00001	-0.00012	0.00005	0.00019	0.00120	-0.01007	-0.00076	0.00023	-0.00537	-0.00137	0.00001	-0.00018	-0.00001	0.00068	-0.00066	0.00079
295	0.00187	0.00579	-0.00384	-0.00030	0.00097	0.00070	-0.00015	0.00020	0.00053	-0.00074	0.00832	-0.00148	-0.00012	-0.00000	0.00027	-0.00084	0.01139	-0.00209	-0.00038	0.00433	-0.00131	-0.00003	0.00038	-0.00008	0.00015	-0.00056	0.00045	0.00022	-0.00003	0.00045	0.00096	-0.00503	-0.00034	0.00006	0.00022	0.00032	0.00092	0.00031	-0.00005	-0.00010	-0.00009	0.00023	0.00153	-0.00987	-0.00078	0.00009	-0.00504	-0.00118	0.00002	-0.00018	-0.00001	0.00059	0.00047	0.00053
296	0.00462	0.00591	-0.00430	-0.00027	0.00098	0.00072	-0.00015	0.00022	0.00057	-0.00051	0.00919	-0.00156	-0.00011	-0.00001	0.00026	-0.00020	0.01198	-0.00211	-0.00016	0.00362	-0.00122	-0.00002	0.00041	-0.00008	0.00017	-0.00056	0.00047	0.00021	-0.00005	0.00050	0.00134	-0.00518	-0.00036	0.00003	0.00021	0.00033	0.00160	-0.00024	-0.00009	-0.00008	-0.00001	-0.00003	0.00196	-0.00984	-0.00081	0.00024	-0.00506	-0.00124	0.00004	-0.00022	-0.00002	0.00053	0.00046	0.00036
297	0.00679	0.00686	-0.00335	-0.00020	0.00112	0.00080	-0.00009	0.00028	0.00071	-0.00029	0.00967	-0.00160	-0.00008	-0.00004	0.00036	0.00009	0.01230	-0.00212	-0.00003	0.00284	-0.00097	-0.00002	0.00041	-0.00008	0.00026	-0.00068	0.00056	0.00019	-0.00007	0.00052	0.00154	-0.00507	-0.00035	0.00000	0.00018	0.00031	0.00173	-0.00051	-0.00009	-0.00008	0.00003	-0.00004	0.00240	-0.00912	-0.00075	0.00065	-0.00454	-0.00108	0.00005	-0.00023	-0.00002	0.00066	0.00029	0.00049
298	0.00843	0.00992	-0.00163	-0.00021	0.00116	0.00083	-0.00006	0.00028	0.00074	-0.00006	0.00961	-0.00158	-0.00005	-0.00007	0.00038	0.00004	0.01144	-0.00194	0.00004	0.00156	-0.00050	0.00000	0.00041	-0.00008	0.00032	-0.00068	0.00055	0.00020	-0.00005	0.00047	0.00148	-0.00445	-0.00030	0.00000	0.00018	0.00030	0.00179	0.00030	-0.00009	-0.00003	-0.00005	0.00026	0.00275	-0.00754	-0.00060	0.00108	-0.00331	-0.00072	0.00005	-0.00021	-0.00002	0.00107	0.00134	0.00067
299	0.01018	0.01206	-0.00122	-0.00033	0.00085	0.00067	-0.00009	0.00021	0.00059	0.00021	0.00961	-0.00160	-0.00003	-0.00007	0.00033	0.00008	0.01051	-0.00174	0.00027	0.00033	-0.00008	0.00002	0.00041	-0.00008	0.00042	-0.00036	0.00034	0.00025	-0.00001	0.00039	0.00136	-0.00378	-0.00023	0.00004	0.00020	0.00029	0.00208	0.00047	-0.00011	0.00006	-0.00001	0.00026	0.00300	-0.00595	-0.00042	0.00132	-0.00244	-0.00047	0.00003	-0.00020	-0.00002	0.00147	0.00229	0.00065
300	0.01090	0.01420	-0.00164	-0.00034	0.00071	0.00059	-0.00009	0.00018	0.00053	0.00024	0.00962	-0.00160	-0.00001	-0.00007	0.00033	0.00018	0.01041	-0.00173	0.00057	-0.00010	0.00003	0.00004	0.00039	-0.00008	0.00042	-0.00003	0.00013	0.00023	0.00001	0.00032	0.00141	-0.00349	-0.00018	0.00003	0.00018	0.00027	0.00193	0.00070	-0.00010	0.00017	0.00011	0.00000	0.00322	-0.00476	-0.00023	0.00136	-0.00180	-0.00032	0.00003	-0.00021	-0.00002	0.00151	0.00234	0.00042
301	0.01077	0.01541	-0.00141	-0.00024	0.00086	0.00063	-0.00004	0.00021	0.00057	0.00018	0.00898	-0.00148	0.00002	-0.00008	0.00036	0.00013	0.01014	-0.00169	0.00060	0.00002	-0.00002	0.00004	0.00034	-0.00007	0.00021	0.00004	0.00005	0.00015	-0.00000	0.00026	0.00158	-0.00359	-0.00017	-0.00000	0.00015	0.00026	0.00154	0.00163	-0.00006	0.00025	0.00011	-0.00004	0.00334	-0.00416	-0.00010	0.00129	-0.00099	-0.00015	0.00004	-0.00020	-0.00002	0.00170	0.00195	0.00026
302	0.00995	0.01569	-0.00099	-0.00014	0.00071	0.00052	-0.00004	0.00019	0.00053	0.00016	0.00768	-0.00126	0.00002	-0.00008	0.00034	0.00009	0.00921	-0.00152	0.00044	0.00047	-0.00011	0.00003	0.00028	-0.00006	0.00012	0.00006	0.00003	0.00013	-0.00001	0.00026	0.00169	-0.00364	-0.00016	0.00000	0.00015	0.00025	0.00125	0.00203	-0.00004	0.00024	0.00006	0.00006	0.00312	-0.00377	-0.00006	0.00097	-0.00023	0.00001	0.00005	-0.00019	-0.00001	0.00181	0.00276	0.00023
303	0.00859	0.01628	-0.00092	-0.00008	0.00058	0.00041	-0.00003	0.00017	0.00046	0.00013	0.00627	-0.00102	0.00001	-0.00007	0.00029	0.00041	0.00823	-0.00145	0.00056	0.00117	-0.00021	0.00002	0.00023	-0.00004	0.00021	0.00007	0.00003	0.00014	-0.00000	0.00024	0.00169	-0.00313	-0.00010	0.00001	0.00011	0.00018	0.00091	0.00147	-0.00003	0.00017	0.00010	0.00014	0.00243	-0.00303	-0.00007	0.00050	0.00021	0.00014	0.00006	-0.00015	-0.00001	0.00144	0.00406	0.00012
304	0.00881	0.01557	-0.00077	-0.00001	0.00088	0.00052	0.00004	0.00022	0.00047	0.00009	0.00500	-0.00080	0.00005	-0.00006	0.00027	0.00088	0.00714	-0.00141	0.00085	0.00152	-0.00028	0.00000	0.00018	-0.00003	0.00019	0.00010	-0.00005	0.00007	0.00004	0.00006	0.00178	-0.00224	0.00005	-0.00002	0.00002	0.00011	0.00095	0.00085	-0.00005	0.00012	0.00018	0.00013	0.00187	-0.00205	-0.00003	0.00033	0.00046	0.00027	0.00009	-0.00009	0.00001	0.00152	0.00343	0.00000
305	0.01031	0.01481	-0.00078	0.00009	0.00094	0.00049	0.00009	0.00023	0.00042	0.00040	0.00359	-0.00069	0.00009	-0.00006	0.00026	0.00136	0.00554	-0.00129	0.00083	0.00149	-0.00046	0.00001	0.00012	-0.00002	0.00014	0.00029	-0.00020	0.00002	0.00006	-0.00012	0.00199	-0.00161	0.00020	-0.00003	-0.00003	0.00002	0.00123	0.00115	-0.00006	0.00011	0.00019	0.00002	0.00174	-0.00094	0.00016	0.00023	0.00103	0.00040	0.00011	-0.00006	0.00002	0.00188	0.00288	0.00009
306	0.01034	0.01593	-0.00109	0.00017	0.00058	0.00023	0.00012	0.00017	0.00025	0.00109	0.00212	-0.00074	0.00009	-0.00005	0.00020	0.00197	0.00388	-0.00126	0.00054	0.00159	-0.00062	0.00004	0.00007	-0.00003	0.00026	0.00041	-0.00024	0.00005	0.00006	-0.00010	0.00200	-0.00127	0.00026	0.00001	0.00003	-0.00000	0.00090	0.00225	0.00000	0.00010	0.00013	-0.00011	0.00154	0.00017	0.00035	-0.00004	0.00180	0.00049	0.00011	-0.00005	0.00002	0.00139	0.00404	0.00020
307	0.00858	0.01595	-0.00089	0.00027	0.00042	0.00004	0.00020	0.00014	0.00008	0.00154	0.00056	-0.00069	0.00010	-0.00003	0.00014	0.00247	0.00253	-0.00124	0.00012	0.00197	-0.00047	0.00004	0.00001	-0.00002	0.00024	0.00039	-0.00023	0.00004	0.00003	-0.00001	0.00176	-0.00077	0.00030	0.00002	0.00006	0.00004	0.00017	0.00259	0.00007	0.00000	0.00011	-0.00015	0.00127	0.00115	0.00049	-0.00023	0.00230	0.00065	0.00011	-0.00003	0.00002	0.00046	0.00453	0.00011
308	0.00731	0.01334	-0.00006	0.00038	0.00042	-0.00005	0.00030	0.00016	-0.00003	0.00197	-0.00164	-0.00056	0.00015	-0.00001	0.00009	0.00301	0.00071	-0.00120	-0.00048	0.00232	-0.00020	0.00002	-0.00009	0.00000	0.00001	0.00039	-0.00024	-0.00007	-0.00003	0.00001	0.00153	-0.00001	0.00042	-0.00002	-0.00003	0.00002	-0.00027	0.00206	0.00009	-0.00015	0.00009	-0.00007	0.00113	0.00241	0.00070	-0.00051	0.00279	0.00092	0.00009	-0.00000	0.00002	0.00024	0.00380	0.00000
309	0.00754	0.00954	0.00065	0.00042	0.00030	-0.00014	0.00033	0.00016	-0.00010	0.00237	-0.00384	-0.00047	0.00019	0.00001	0.00004	0.00337	-0.00184	-0.00106	-0.00075	0.00220	-0.00014	0.00002	-0.00016	0.00001	-0.00007	0.00023	-0.00014	-0.00015	-0.00008	0.00000	0.00136	0.00071	0.00055	-0.00003	-0.00008	-0.00005	-0.00021	0.00219	0.00009	-0.00016	0.00006	0.00007	0.00101	0.00366	0.00094	-0.00073	0.00330	0.00103	0.00007	0.00002	0.00002	0.00048	0.00269	-0.00001
310	0.00683	0.00615	0.00118	0.00042	0.00006	-0.00028	0.00034	0.00015	-0.00017	0.00212	-0.00479	-0.00031	0.00022	0.00002	0.00001	0.00281	-0.00385	-0.00065	-0.00058	0.00161	-0.00020	0.00003	-0.00016	0.00001	0.00005	-0.00005	0.00001	-0.00012	-0.00008	-0.00001	0.00118	0.00131	0.00065	-0.00000	-0.00005	-0.00008	-0.00003	0.00254	0.00008	-0.00010	0.00011	0.00007	0.00086	0.00437	0.00107	-0.00060	0.00347	0.00094	0.00006	0.00005	0.00003	0.00016	0.00142	0.00000
311	0.00304	0.00627	0.00234	0.00040	-0.00010	-0.00035	0.00035	0.00015	-0.00020	0.00168	-0.00455	-0.00020	0.00027	0.00001	0.00005	0.00179	-0.00462	-0.00018	-0.00069	0.00071	0.00002	0.00004	-0.00013	0.00000	0.00011	-0.00004	0.00000	-0.00011	-0.00006	-0.00008	0.00082	0.00228	0.00081	-0.00003	-0.00016	-0.00017	-0.00051	0.00194	0.00012	-0.00018	0.00008	0.00003	0.00042	0.00550	0.00127	-0.00072	0.00384	0.00107	0.00005	0.00010	0.00004	-0.00064	0.00135	0.00011
312	-0.00230	0.00926	0.00425	0.00031	-0.00002	-0.00028	0.00035	0.00014	-0.00021	0.00123	-0.00422	-0.00010	0.00026	0.00001	0.00004	0.00083	-0.00510	0.00017	-0.00093	-0.00035	0.00050	0.00005	-0.00013	-0.00000	-0.00002	0.00025	-0.00016	-0.00016	-0.00004	-0.00023	0.00035	0.00362	0.00107	-0.00008	-0.00030	-0.00028	-0.00127	0.00120	0.00018	-0.00030	-0.00004	0.00015	-0.00028	0.00729	0.00164	-0.00126	0.00458	0.00148	0.00002	0.00016	0.00005	-0.00138	0.00221	0.00022
313	-0.00567	0.01000	0.00555	0.00015	0.00003	-0.00019	0.00026	0.00007	-0.00029	0.00076	-0.00410	0.00003	0.00019	0.00004	-0.00003	0.00044	-0.00567	0.00035	-0.00074	-0.00139	0.00087	0.00003	-0.00013	0.00000	-0.00027	0.00037	-0.00024	-0.00019	-0.00002	-0.00028	-0.00013	0.00465	0.00126	-0.00005	-0.00022	-0.00024	-0.00122	0.00090	0.00017	-0.00032	0.00002	0.00027	-0.00099	0.00830	0.00185	-0.00166	0.00475	0.00166	-0.00001	0.00020	0.00006	-0.00192	0.00220	0.00029
314	-0.00637	0.00758	0.00551	-0.00002	-0.00021	-0.00023	0.00010	-0.00002	-0.00038	0.00075	-0.00390	0.00004	0.00008	0.00005	-0.00009	0.00072	-0.00584	0.00033	-0.00025	-0.00209	0.00103	0.00002	-0.00013	0.00001	-0.00039	0.00019	-0.00012	-0.00019	-0.00004	-0.00019	-0.00065	0.00510	0.00129	-0.00000	-0.00014	-0.00019	-0.00075	0.00019	0.00009	-0.00022	0.00019	0.00028	-0.00172	0.00818	0.00178	-0.00178	0.00410	0.00147	-0.00003	0.00023	0.00006	-0.00206	0.00173	0.00032
315	-0.00635	0.00523	0.00513	-0.00014	-0.00036	-0.00018	-0.00004	-0.00006	-0.00033	0.00075	-0.00375	0.00002	-0.00001	0.00006	-0.00013	0.00078	-0.00572	0.00030	0.00016	-0.00221	0.00109	0.00002	-0.00014	0.00001	-0.00034	0.00014	-0.00005	-0.00017	-0.00005	-0.00015	-0.00110	0.00546	0.00133	0.00001	-0.00016	-0.00025	-0.00058	-0.00115	0.00005	-0.00006	0.00019	0.00021	-0.00233	0.00805	0.00175	-0.00173	0.00334	0.00131	-0.00005	0.00025	0.00006	-0.00153	0.00134	0.00010
316	-0.00680	0.00418	0.00533	-0.00025	-0.00015	0.00002	-0.00009	-0.00005	-0.00017	0.00057	-0.00362	0.00005	-0.00005	0.00008	-0.00016	0.00066	-0.00549	0.00030	0.00034	-0.00222	0.00112	0.00003	-0.00014	0.00001	-0.00042	0.00012	-0.00008	-0.00018	-0.00003	-0.00022	-0.00148	0.00600	0.00144	0.00002	-0.00016	-0.00026	-0.00072	-0.00195	0.00005	0.00002	0.00009	0.00019	-0.00268	0.00825	0.00183	-0.00153	0.00275	0.00120	-0.00007	0.00027	0.00007	-0.00096	0.00045	-0.00006
317	-0.00831	0.00284	0.00596	-0.00027	-0.00007	0.00006	-0.00012	-0.00007	-0.00015	0.00047	-0.00345	0.00006	-0.00009	0.00009	-0.00017	0.00071	-0.00544	0.00031	0.00040	-0.00256	0.00112	0.00002	-0.00014	0.00001	-0.00054	-0.00023	0.00006	-0.00018	-0.00001	-0.00032	-0.00193	0.00637	0.00153	0.00001	-0.00018	-0.00027	-0.00122	-0.00150	0.00011	0.00003	0.00010	0.00031	-0.00298	0.00823	0.00187	-0.00135	0.00223	0.00105	-0.00009	0.00028	0.00007	-0.00120	-0.00080	0.00031
318	-0.01061	0.00135	0.00688	-0.00023	-0.00015	0.00000	-0.00016	-0.00009	-0.00019	0.00035	-0.00336	0.00007	-0.00011	0.00008	-0.00016	0.00046	-0.00578	0.00039	0.00037	-0.00309	0.00121	0.00002	-0.00013	0.00001	-0.00033	-0.00029	0.00010	-0.00009	0.00002	-0.00040	-0.00258	0.00644	0.00159	0.00002	-0.00024	-0.00035	-0.00187	-0.00041	0.00020	-0.00000	0.00010	0.00050	-0.00338	0.00799	0.00189	-0.00121	0.00191	0.00111	-0.00013	0.00028	0.00008	-0.00174	-0.00192	0.00083
319	-0.01181	0.00332	0.00757	-0.00028	0.00003	0.00017	-0.00018	-0.00006	-0.00007	0.00023	-0.00319	0.00007	-0.00008	0.00004	-0.00009	0.00009	-0.00579	0.00046	0.00022	-0.00318	0.00133	0.00002	-0.00013	0.00001	-0.00009	0.00016	-0.00014	-0.00000	0.00004	-0.00041	-0.00326	0.00672	0.00173	0.00003	-0.00023	-0.00036	-0.00172	0.00113	0.00019	-0.00005	-0.00006	0.00059	-0.00374	0.00803	0.00198	-0.00105	0.00155	0.00117	-0.00017	0.00028	0.00009	-0.00178	-0.00201	0.00087
320	-0.01205	0.00532	0.00701	-0.00041	0.00013	0.00030	-0.00019	-0.00004	0.00008	0.00016	-0.00296	0.00007	-0.00006	0.00001	-0.00003	-0.00007	-0.00511	0.00042	0.00005	-0.00261	0.00117	0.00002	-0.00013	0.00001	-0.00016	0.00041	-0.00030	-0.00002	0.00005	-0.00039	-0.00362	0.00677	0.00180	0.00004	-0.00021	-0.00033	-0.00089	0.00190	0.00010	-0.00009	-0.00018	0.00052	-0.00391	0.00772	0.00199	-0.00099	0.00070	0.00090	-0.00019	0.00026	0.00009	-0.00173	-0.00140	0.00061
321	-0.01234	0.00191	0.00598	-0.00048	0.00004	0.00030	-0.00022	-0.00005	0.00020	0.00003	-0.00273	0.00007	-0.00008	0.00001	-0.00000	-0.00045	-0.00442	0.00038	-0.00017	-0.00204	0.00091	0.00002	-0.00013	0.00001	-0.00026	0.00038	-0.00029	-0.00007	0.00004	-0.00039	-0.00348	0.00567	0.00161	0.00004	-0.00020	-0.00032	-0.00067	0.00013	0.00008	-0.00014	-0.00012	0.00049	-0.00374	0.00624	0.00173	-0.00083	-0.00002	0.00071	-0.00018	0.00020	0.00008	-0.00167	-0.00109	0.00044
322	-0.01149	-0.00081	0.00569	-0.00051	0.00008	0.00034	-0.00024	-0.00005	0.00025	-0.00001	-0.00247	0.00005	-0.00010	0.00001	0.00000	-0.00079	-0.00420	0.00041	-0.00036	-0.00205	0.00087	0.00003	-0.00012	0.00001	-0.00015	0.00026	-0.00018	-0.00004	0.00003	-0.00033	-0.00311	0.00467	0.00137	0.00006	-0.00014	-0.00026	-0.00115	-0.00168	0.00013	-0.00019	-0.00010	0.00049	-0.00327	0.00518	0.00142	-0.00037	-0.00008	0.00067	-0.00015	0.00015	0.00006	-0.00114	-0.00030	0.00038
323	-0.00979	-0.00052	0.00557	-0.00049	-0.00002	0.00024	-0.00022	-0.00009	0.00004	0.00005	-0.00239	0.00006	-0.00005	0.00000	-0.00001	-0.00066	-0.00434	0.00045	-0.00040	-0.00245	0.00098	0.00002	-0.00012	0.00001	-0.00007	-0.00006	0.00004	0.00000	0.00001	-0.00022	-0.00302	0.00449	0.00133	0.00007	-0.00007	-0.00018	-0.00095	-0.00076	0.00011	-0.00018	-0.00023	0.00049	-0.00297	0.00506	0.00133	-0.00003	-0.00010	0.00047	-0.00013	0.00014	0.00006	-0.00077	0.00042	0.00039
324	-0.00826	-0.00073	0.00479	-0.00037	-0.00024	0.00005	-0.00017	-0.00012	-0.00015	0.00007	-0.00246	0.00007	-0.00002	0.00001	-0.00006	-0.00057	-0.00423	0.00043	-0.00049	-0.00235	0.00094	0.00002	-0.00012	0.00001	-0.00019	-0.00022	0.00012	-0.00002	0.00001	-0.00018	-0.00300	0.00357	0.00128	0.00006	-0.00007	-0.00016	0.00013	0.00057	-0.00002	-0.00014	-0.00023	0.00050	-0.00260	0.00435	0.00119	0.00008	0.00000	0.00036	-0.00012	0.00009	0.00005	-0.00093	0.00070	0.00034
325	-0.00785	0.00010	0.00390	-0.00018	-0.00004	0.00007	-0.00009	-0.00005	-0.00008	0.00014	-0.00248	0.00007	-0.00006	0.00007	-0.00016	-0.00070	-0.00393	0.00039	-0.00066	-0.00179	0.00080	0.00003	-0.00012	0.00001	-0.00023	0.00005	-0.00005	-0.00003	0.00002	-0.00021	-0.00261	0.00236	0.00108	0.00006	-0.00008	-0.00016	0.00001	0.00027	-0.00000	-0.00020	-0.00008	0.00038	-0.00215	0.00350	0.00096	0.00007	0.00073	0.00055	-0.00011	0.00005	0.00005	-0.00115	0.00163	0.00021
326	-0.00888	0.00094	0.00405	-0.00012	0.00029	0.00018	-0.00002	0.00000	-0.00002	0.00020	-0.00253	0.00007	-0.00006	0.00010	-0.00020	-0.00069	-0.00416	0.00040	-0.00074	-0.00183	0.00079	0.00002	-0.00012	0.00001	-0.00011	0.00024	-0.00016	0.00002	0.00002	-0.00019	-0.00223	0.00208	0.00091	0.00006	-0.00007	-0.00015	-0.00124	0.00035	0.00014	-0.00022	-0.00019	0.00031	-0.00210	0.00314	0.00090	-0.00007	0.00123	0.00086	-0.00011	0.00006	0.00004	-0.00145	0.00233	0.00015
327	-0.00884	-0.00056	0.00460	-0.00026	0.00023	0.00019	-0.00005	-0.00004	-0.00007	0.00010	-0.00265	0.00007	-0.00003	0.00005	-0.00012	-0.00062	-0.00442	0.00041	-0.00063	-0.00188	0.00071	0.00001	-0.00012	0.00001	-0.00006	0.00008	-0.00009	0.00001	0.00002	-0.00012	-0.00193	0.00180	0.00079	0.00004	-0.00006	-0.00011	-0.00135	0.00140	0.00014	-0.00004	-0.00035	0.00050	-0.00202	0.00204	0.00090	-0.00018	0.00070	0.00111	-0.00010	0.00005	0.00004	-0.00174	0.00259	0.00025
328	-0.00741	-0.00599	0.00454	-0.00028	-0.00006	0.00010	-0.00007	-0.00005	-0.00006	-0.00009	-0.00285	0.00006	-0.00002	0.00002	-0.00005	-0.00075	-0.00432	0.00041	-0.00049	-0.00143	0.00053	0.00001	-0.00012	0.00001	-0.00012	-0.00011	0.00005	-0.00003	0.00000	-0.00001	-0.00154	0.00085	0.00064	0.00000	-0.00002	-0.00004	-0.00094	0.00105	0.00010	0.00012	-0.00025	0.00063	-0.00166	0.00011	0.00072	-0.00010	-0.00030	0.00101	-0.00007	0.00001	0.00003	-0.00138	0.00148	0.00042
329	-0.00641	-0.01460	0.00439	-0.00018	-0.00014	0.00005	-0.00002	-0.00000	-0.00001	-0.00001	-0.00291	0.00008	-0.00002	0.00002	-0.00005	-0.00073	-0.00451	0.00047	-0.00059	-0.00174	0.00064	0.00002	-0.00011	0.00001	-0.00016	-0.00030	0.00023	-0.00005	-0.00002	0.00007	-0.00118	0.00003	0.00049	-0.00002	-0.00000	0.00001	-0.00129	-0.00008	0.00015	0.00009	-0.00020	0.00059	-0.00143	-0.00124	0.00048	-0.00012	-0.00092	0.00072	-0.00004	-0.00001	0.00002	-0.00069	-0.00245	0.00045
330	-0.00646	-0.01812	0.00453	-0.00028	-0.00015	0.00008	-0.00004	-0.00004	-0.00011	0.00037	-0.00258	0.00012	-0.00002	0.00004	-0.00010	-0.00040	-0.00439	0.00046	-0.00083	-0.00223	0.00076	0.00002	-0.00011	0.00001	-0.00012	-0.00059	0.00045	-0.00003	-0.00004	0.00011	-0.00077	-0.00056	0.00033	-0.00003	-0.00003	-0.00003	-0.00173	0.00014	0.00020	0.00002	-0.00022	0.00059	-0.00124	-0.00182	0.00041	-0.00052	-0.00083	0.00065	-0.00003	-0.00001	0.00001	-0.00084	-0.00471	0.00059
331	-0.00729	-0.01301	0.00412	-0.00037	-0.00027	0.00003	-0.00010	-0.00013	-0.00028	0.00035	-0.00230	0.00010	-0.00007	0.00007	-0.00016	-0.00054	-0.00330	0.00027	-0.00096	-0.00137	0.00045	0.00001	-0.00010	0.00000	-0.00001	-0.00069	0.00053	-0.00001	-0.00005	0.00020	-0.00011	-0.00153	0.00010	-0.00003	-0.00002	-0.00001	-0.00200	0.00058	0.00023	-0.00004	-0.00010	0.00053	-0.00071	-0.00204	0.00035	-0.00112	0.00012	0.00082	-0.00002	-0.00004	0.00001	-0.00157	-0.00185	0.00093
332	-0.00704	-0.00865	0.00322	-0.00022	-0.00029	-0.00005	-0.00005	-0.00011	-0.00026	-0.00001	-0.00227	0.00005	-0.00008	0.00006	-0.00013	-0.00109	-0.00226	0.00011	-0.00106	-0.00024	0.00020	0.00001	-0.00010	0.00000	0.00003	-0.00062	0.00051	-0.00006	-0.00007	0.00033	0.00057	-0.00269	-0.00011	-0.00006	0.00003	0.00008	-0.00193	0.00042	0.00022	-0.00003	-0.00003	0.00041	-0.00012	-0.00224	0.00015	-0.00139	0.00124	0.00093	-0.00001	-0.00008	0.00001	-0.00153	0.00059	0.00077
333	-0.00539	-0.01025	0.00291	-0.00011	-0.00015	-0.00002	0.00005	-0.00004	-0.00015	0.00001	-0.00203	0.00006	-0.00001	0.00002	-0.00006	-0.00113	-0.00156	0.00005	-0.00104	0.00021	0.00021	0.00001	-0.00010	0.00001	0.00002	-0.00066	0.00059	-0.00011	-0.00009	0.00045	0.00069	-0.00305	-0.00016	-0.00010	0.00005	0.00012	-0.00140	0.00039	0.00016	0.00005	0.00001	0.00034	-0.00013	-0.00309	0.00010	-0.00119	0.00078	0.00083	0.00001	-0.00010	0.00001	-0.00103	-0.00085	0.00038
334	-0.00383	-0.01013	0.00240	-0.00010	-0.00011	-0.00001	0.00009	-0.00005	-0.00019	0.00021	-0.00149	0.00008	0.00004	0.00001	-0.00006	-0.00072	-0.00036	-0.00007	-0.00070	0.00112	-0.00013	0.00001	-0.00009	0.00000	0.00007	-0.00078	0.00071	-0.00012	-0.00012	0.00053	0.00047	-0.00268	-0.00009	-0.00012	0.00006	0.00016	-0.00082	0.00002	0.00010	0.00008	0.00017	0.00017	-0.00037	-0.00379	0.00020	-0.00101	-0.00079	0.00052	-0.00000	-0.00010	0.00001	-0.00082	-0.00117	0.00046
335	-0.00251	-0.00782	0.00214	-0.00009	-0.00011	-0.00003	0.00010	-0.00005	-0.00020	0.00022	-0.00104	0.00008	0.00003	0.00002	-0.00007	-0.00035	0.00056	-0.00015	-0.00027	0.00181	-0.00041	-0.00000	-0.00007	0.00000	0.00014	-0.00085	0.00079	-0.00012	-0.00013	0.00061	0.00020	-0.00267	-0.00000	-0.00010	0.00010	0.00020	-0.00024	-0.00080	0.00007	0.00006	0.00028	0.00003	-0.00065	-0.00376	0.00026	-0.00094	-0.00105	0.00037	-0.00001	-0.00011	0.00001	-0.00048	0.00006	0.00057
336	-0.00147	-0.00989	0.00332	-0.00011	0.00001	0.00005	0.00009	-0.00000	-0.00004	0.00006	-0.00084	0.00004	0.00003	-0.00001	0.00000	-0.00039	0.00034	-0.00009	-0.00016	0.00114	-0.00009	-0.00001	-0.00006	-0.00000	0.00024	-0.00075	0.00074	-0.00009	-0.00012	0.00066	0.00023	-0.00277	-0.00002	-0.00009	0.00010	0.00021	0.00006	-0.00092	0.00003	0.00006	0.00026	0.00025	-0.00071	-0.00397	0.00026	-0.00073	-0.00061	0.00063	-0.00000	-0.00009	0.00001	0.00006	-0.00161	0.00068
337	-0.00277	-0.01276	0.00408	-0.00016	0.00014	0.00014	0.00005	0.00002	0.00007	-0.00019	-0.00062	-0.00002	0.00005	-0.00004	0.00007	-0.00072	0.00003	-0.00008	-0.00038	0.00032	0.00016	-0.00002	-0.00004	-0.00000	0.00024	-0.00044	0.00050	-0.00005	-0.00009	0.00054	0.00049	-0.00238	-0.00012	-0.00008	0.00011	0.00022	-0.00055	-0.00109	0.00011	0.00002	0.00006	0.00053	-0.00056	-0.00420	0.00023	-0.00096	-0.00120	0.00064	0.00001	-0.00007	0.00000	0.00003	-0.00328	0.00109
338	-0.00531	-0.01182	0.00364	-0.00017	0.00010	0.00014	0.00002	0.00003	0.00009	-0.00038	-0.00017	-0.00008	0.00005	-0.00006	0.00010	-0.00072	0.00030	-0.00011	-0.00052	0.00012	0.00019	-0.00003	-0.00001	-0.00001	0.00007	-0.00034	0.00034	-0.00005	-0.00006	0.00044	0.00042	-0.00251	-0.00009	-0.00008	0.00015	0.00026	-0.00116	-0.00227	0.00023	-0.00006	-0.00026	0.00063	-0.00069	-0.00405	0.00021	-0.00157	-0.00136	0.00025	0.00002	-0.00007	0.00000	-0.00045	-0.00134	0.00103
339	-0.00391	-0.00698	0.00266	-0.00020	-0.00000	0.00014	-0.00002	0.00003	0.00012	-0.00048	0.00056	-0.00012	0.00002	-0.00005	0.00011	-0.00054	0.00113	-0.00019	-0.00049	0.00036	0.00012	-0.00004	0.00003	-0.00001	0.00005	-0.00051	0.00044	-0.00004	-0.00006	0.00057	0.00023	-0.00276	-0.00003	-0.00009	0.00018	0.00032	-0.00042	-0.00209	0.00014	-0.00017	-0.00021	0.00041	-0.00051	-0.00350	0.00014	-0.00116	-0.00059	0.00003	0.00002	-0.00008	0.00000	-0.00007	0.00059	0.00047
340	0.00031	-0.00254	0.00144	-0.00023	0.00012	0.00018	-0.00003	0.00003	0.00016	-0.00051	0.00145	-0.00015	0.00003	-0.00005	0.00011	-0.00048	0.00219	-0.00032	-0.00049	0.00067	-0.00012	-0.00004	0.00007	-0.00001	0.00026	-0.00054	0.00054	0.00005	-0.00003	0.00065	0.00030	-0.00204	-0.00005	-0.00008	0.00024	0.00038	0.00070	-0.00082	-0.00003	-0.00025	0.00014	-0.00009	0.00025	-0.00271	0.00003	-0.00007	-0.00077	-0.00005	0.00001	-0.00008	0.00000	0.00087	-0.00042	0.00021
341	0.00072	-0.00384	0.00110	-0.00024	0.00032	0.00025	-0.00002	0.00006	0.00022	-0.00061	0.00217	-0.00020	0.00003	-0.00005	0.00013	-0.00064	0.00264	-0.00036	-0.00050	0.00042	-0.00011	-0.00004	0.00010	-0.00002	0.00043	-0.00047	0.00056	0.00014	0.00000	0.00050	0.00033	-0.00150	-0.00005	-0.00008	0.00026	0.00039	0.00066	-0.00175	0.00001	-0.00019	0.00018	-0.00014	0.00066	-0.00273	-0.00008	0.00031	-0.00175	-0.00014	0.00000	-0.00008	0.00001	0.00047	-0.00165	0.00013
342	-0.00160	-0.00569	0.00152	-0.00026	0.00024	0.00026	-0.00005	0.00006	0.00028	-0.00086	0.00242	-0.00027	0.00002	-0.00007	0.00018	-0.00097	0.00247	-0.00035	-0.00054	-0.00007	0.00012	-0.00005	0.00011	-0.00002	0.00045	-0.00039	0.00050	0.00017	0.00002	0.00035	-0.00001	-0.00157	0.00003	-0.00011	0.00019	0.00032	0.00000	-0.00318	0.00014	-0.00005	-0.00006	0.00014	0.00064	-0.00276	-0.00018	0.00045	-0.00187	-0.00009	-0.00000	-0.00009	0.00001	-0.00041	-0.00114	0.00011
343	-0.00109	-0.00475	0.00181	-0.00027	-0.00005	0.00018	-0.00005	0.00005	0.00025	-0.00089	0.00236	-0.00028	0.00003	-0.00008	0.00020	-0.00100	0.00223	-0.00034	-0.00056	-0.00046	0.00041	-0.00005	0.00010	-0.00002	0.00050	-0.00019	0.00031	0.00022	0.00008	0.00034	-0.00031	-0.00145	0.00010	-0.00009	0.00016	0.00027	-0.00010	-0.00270	0.00013	-0.00008	-0.00025	0.00010	0.00077	-0.00183	-0.00023	0.00083	-0.00131	-0.00005	-0.00000	-0.00009	0.00001	-0.00001	-0.00132	0.00041
344	0.00071	-0.00569	0.00227	-0.00025	-0.00019	0.00011	-0.00002	0.00004	0.00021	-0.00105	0.00256	-0.00031	0.00005	-0.00008	0.00017	-0.00109	0.00209	-0.00031	-0.00048	-0.00108	0.00097	-0.00006	0.00011	-0.00002	0.00056	-0.00027	0.00032	0.00026	0.00010	0.00036	0.00014	-0.00139	0.00001	-0.00007	0.00015	0.00026	0.00016	-0.00211	0.00008	-0.00017	-0.00031	0.00014	0.00119	-0.00174	-0.00024	0.00091	-0.00110	-0.00018	0.00000	-0.00008	0.00001	0.00063	-0.00240	0.00070
345	0.00033	-0.00693	0.00290	-0.00032	0.00010	0.00021	-0.00004	0.00004	0.00024	-0.00158	0.00287	-0.00039	0.00003	-0.00008	0.00019	-0.00160	0.00195	-0.00024	-0.00039	-0.00173	0.00137	-0.00008	0.00013	-0.00002	0.00042	-0.00055	0.00050	0.00016	0.00004	0.00029	0.00049	-0.00155	-0.00008	-0.00008	0.00006	0.00018	0.00037	-0.00216	0.00007	-0.00013	-0.00032	0.00051	0.00146	-0.00252	-0.00030	0.00089	-0.00108	-0.00035	0.00000	-0.00007	0.00001	0.00073	-0.00206	0.00072
346	-0.00162	-0.00617	0.00299	-0.00039	0.00037	0.00035	-0.00012	0.00002	0.00030	-0.00201	0.00279	-0.00044	0.00000	-0.00009	0.00022	-0.00201	0.00191	-0.00024	-0.00022	-0.00184	0.00125	-0.00010	0.00011	-0.00002	0.00028	-0.00052	0.00046	0.00008	0.00000	0.00017	0.00002	-0.00118	0.00001	-0.00009	0.00004	0.00016	0.00037	-0.00281	0.00009	-0.00010	-0.00020	0.00067	0.00115	-0.00215	-0.00030	0.00095	-0.00107	-0.00041	-0.00001	-0.00005	0.00001	0.00057	-0.00151	0.00072
347	-0.00205	-0.00466	0.00201	-0.00036	-0.00001	0.00024	-0.00012	0.00002	0.00028	-0.00237	0.00258	-0.00046	0.00000	-0.00010	0.00023	-0.00238	0.00207	-0.00033	0.00002	-0.00152	0.00101	-0.00011	0.00010	-0.00002	0.00038	-0.00029	0.00033	0.00014	0.00004	0.00018	0.00010	0.00004	-0.00001	-0.00006	0.00010	0.00016	0.00027	-0.00335	0.00012	-0.00010	0.00000	0.00050	0.00112	-0.00091	-0.00021	0.00098	-0.00131	-0.00051	-0.00000	-0.00000	0.00000	0.00045	-0.00213	0.00052
348	-0.00058	-0.00269	0.00119	-0.00028	-0.00025	0.00012	-0.00006	0.00004	0.00025	-0.00277	0.00249	-0.00049	0.00002	-0.00010	0.00023	-0.00297	0.00200	-0.00037	0.00006	-0.00135	0.00097	-0.00012	0.00010	-0.00002	0.00046	-0.00025	0.00034	0.00019	0.00005	0.00030	0.00058	0.00073	-0.00010	-0.00006	0.00006	0.00014	0.00045	-0.00189	0.00006	0.00001	0.00004	0.00044	0.00161	-0.00047	-0.00022	0.00140	-0.00142	-0.00057	0.00003	0.00004	-0.00001	0.00088	-0.00250	0.00015
349	-0.00004	-0.00439	0.00155	-0.00022	0.00012	0.00016	-0.00003	0.00005	0.00024	-0.00301	0.00214	-0.00047	0.00001	-0.00009	0.00022	-0.00333	0.00143	-0.00029	0.00005	-0.00133	0.00099	-0.00014	0.00009	-0.00002	0.00027	-0.00064	0.00048	0.00011	-0.00002	0.00043	0.00064	0.00011	-0.00009	-0.00011	0.00003	0.00019	0.00040	-0.00115	0.00003	0.00015	0.00002	0.00046	0.00216	-0.00121	-0.00037	0.00183	-0.00158	-0.00054	0.00003	0.00001	-0.00001	0.00114	-0.00239	0.00013
350	-0.00124	-0.00790	0.00179	-0.00016	0.00016	0.00014	-0.00003	0.00003	0.00018	-0.00324	0.00161	-0.00039	-0.00001	-0.00007	0.00015	-0.00335	0.00106	-0.00025	0.00024	-0.00106	0.00088	-0.00015	0.00007	-0.00002	0.00016	-0.00100	0.00061	0.00005	-0.00009	0.00056	0.00084	-0.00016	-0.00010	-0.00011	0.00012	0.00028	-0.00037	-0.00258	0.00011	0.00013	0.00009	0.00033	0.00255	-0.00176	-0.00047	0.00168	-0.00228	-0.00053	0.00003	-0.00002	-0.00000	0.00049	-0.00202	0.00031
351	-0.00256	-0.00540	0.00124	-0.00010	-0.00015	0.00006	-0.00002	0.00004	0.00013	-0.00351	0.00147	-0.00038	-0.00002	-0.00005	0.00010	-0.00364	0.00128	-0.00032	0.00019	-0.00067	0.00067	-0.00016	0.00006	-0.00002	0.00037	-0.00044	0.00039	0.00008	-0.00004	0.00044	0.00101	0.00028	-0.00013	-0.00006	0.00013	0.00021	-0.00098	-0.00220	0.00012	0.00005	0.00003	0.00034	0.00263	-0.00130	-0.00046	0.00149	-0.00242	-0.00043	0.00003	-0.00002	-0.00000	0.00008	-0.00140	0.00053
352	-0.00390	-0.00251	0.00064	-0.00008	-0.00022	0.00004	-0.00003	0.00004	0.00015	-0.00366	0.00152	-0.00039	-0.00002	-0.00005	0.00011	-0.00418	0.00143	-0.00035	-0.00019	-0.00056	0.00057	-0.00016	0.00006	-0.00002	0.00046	0.00023	0.00009	0.00010	0.00006	0.00004	0.00081	-0.00023	-0.00010	-0.00002	-0.00009	-0.00003	-0.00099	-0.00095	0.00007	0.00000	-0.00003	0.00041	0.00252	-0.00090	-0.00043	0.00152	-0.00133	-0.00019	0.00003	-0.00003	-0.00000	0.00000	-0.00145	0.00069
353	-0.00579	-0.00452	0.00076	-0.00011	-0.00016	0.00004	-0.00004	0.00001	0.00014	-0.00370	0.00127	-0.00033	-0.00003	-0.00006	0.00014	-0.00430	0.00110	-0.00026	-0.00024	-0.00075	0.00063	-0.00016	0.00004	-0.00001	0.00023	-0.00019	0.00027	0.00005	0.00003	-0.00012	0.00070	-0.00095	-0.00010	-0.00002	-0.00029	-0.00017	-0.00077	-0.00179	0.00010	-0.00008	0.00006	0.00037	0.00221	-0.00092	-0.00038	0.00119	-0.00046	-0.00006	0.00002	-0.00005	-0.00000	-0.00075	-0.00140	0.00051
354	-0.00667	-0.00631	0.00148	-0.00015	-0.00009	0.00006	-0.00002	0.00002	0.00013	-0.00365	0.00097	-0.00025	-0.00002	-0.00008	0.00017	-0.00400	0.00057	-0.00012	0.00009	-0.00104	0.00078	-0.00016	0.00003	-0.00001	0.00017	-0.00057	0.00050	0.00003	-0.00004	0.00001	0.00076	-0.00089	-0.00011	-0.00002	-0.00022	-0.00012	-0.00100	-0.00266	0.00014	-0.00015	0.00007	0.00045	0.00189	-0.00093	-0.00035	0.00070	-0.00045	-0.00018	0.00002	-0.00006	0.00000	-0.00116	-0.00097	0.00040
355	-0.00653	-0.00608	0.00149	-0.00020	0.00000	0.00012	0.00000	0.00004	0.00012	-0.00358	0.00111	-0.00030	-0.00001	-0.00007	0.00018	-0.00384	0.00057	-0.00011	0.00027	-0.00107	0.00092	-0.00015	0.00004	-0.00001	0.00038	-0.00000	0.00022	0.00006	0.00004	-0.00010	0.00072	-0.00097	-0.00011	-0.00002	-0.00010	-0.00007	-0.00172	-0.00231	0.00014	-0.00013	-0.00007	0.00047	0.00173	-0.00105	-0.00030	0.00058	-0.00056	-0.00024	0.00001	-0.00007	0.00000	-0.00065	-0.00159	0.00056
356	-0.00699	-0.00491	0.00140	-0.00023	0.00016	0.00016	-0.00001	0.00000	0.00007	-0.00366	0.00133	-0.00037	-0.00003	-0.00006	0.00012	-0.00393	0.00091	-0.00020	0.00028	-0.00097	0.00089	-0.00015	0.00004	-0.00001	0.00047	0.00014	0.00013	0.00004	0.00002	-0.00008	0.00054	-0.00112	-0.00009	-0.00001	-0.00009	-0.00006	-0.00189	-0.00149	0.00009	-0.00009	-0.00019	0.00032	0.00145	-0.00109	-0.00024	0.00068	-0.00046	0.00004	0.00001	-0.00008	0.00000	-0.00046	-0.00199	0.00063
357	-0.00739	-0.00457	0.00264	-0.00022	0.00021	0.00015	-0.00002	-0.00000	0.00007	-0.00352	0.00103	-0.00026	-0.00005	-0.00005	0.00009	-0.00371	0.00064	-0.00012	0.00042	-0.00101	0.00079	-0.00015	0.00003	-0.00001	0.00029	-0.00091	0.00081	0.00002	-0.00026	0.00050	0.00036	-0.00120	-0.00010	-0.00001	-0.00003	-0.00001	-0.00143	-0.00028	0.00002	-0.00008	-0.00011	0.00038	0.00092	-0.00166	-0.00027	0.00054	-0.00032	0.00016	0.00001	-0.00004	0.00000	-0.00075	-0.00060	0.00042
358	-0.00668	-0.00491	0.00382	-0.00019	0.00009	0.00013	-0.00001	0.00003	0.00010	-0.00293	0.00063	-0.00014	-0.00004	-0.00006	0.00012	-0.00295	0.00013	0.00002	0.00063	-0.00082	0.00078	-0.00013	0.00003	-0.00001	0.00047	-0.00174	0.00155	0.00010	-0.00039	0.00106	0.00028	-0.00154	-0.00013	-0.00004	0.00008	0.00013	-0.00146	0.00090	-0.00005	-0.00009	0.00002	0.00052	0.00056	-0.00286	-0.00034	0.00033	-0.00054	-0.00005	0.00001	-0.00002	-0.00000	-0.00121	0.00115	0.00013
359	-0.00702	-0.00351	0.00347	-0.00015	0.00021	0.00015	0.00003	0.00005	0.00010	-0.00247	0.00059	-0.00014	0.00001	-0.00005	0.00013	-0.00242	0.00004	0.00001	0.00055	-0.00060	0.00065	-0.00011	0.00002	-0.00000	0.00052	-0.00128	0.00107	0.00016	-0.00025	0.00123	0.00022	-0.00142	-0.00011	-0.00012	0.00023	0.00033	-0.00194	0.00110	-0.00006	-0.00010	-0.00009	0.00044	0.00035	-0.00303	-0.00035	0.00021	-0.00099	-0.00006	0.00000	-0.00003	0.00000	-0.00175	0.00196	0.00006
360	-0.00818	-0.00337	0.00196	-0.00015	0.00031	0.00015	0.00005	0.00008	0.00014	-0.00236	0.00059	-0.00014	0.00003	-0.00004	0.00015	-0.00259	0.00021	-0.00004	0.00021	-0.00058	0.00043	-0.00010	0.00001	0.00000	0.00005	-0.00006	-0.00024	0.00005	-0.00005	0.00085	0.00013	-0.00101	-0.00007	-0.00009	0.00048	0.00045	-0.00194	-0.00043	0.00005	-0.00007	-0.00019	0.00046	0.00011	-0.00247	-0.00032	-0.00001	-0.00121	-0.00004	0.00001	-0.00003	0.00000	-0.00148	0.00103	0.00014
361	-0.00715	-0.00560	0.00109	-0.00023	0.00013	0.00015	0.00002	0.00008	0.00017	-0.00217	0.00060	-0.00016	0.00001	-0.00006	0.00016	-0.00262	0.00048	-0.00013	0.00012	-0.00041	0.00038	-0.00008	0.00001	-0.00000	0.00000	0.00062	-0.00063	0.00003	0.00012	0.00026	0.00013	-0.00109	-0.00007	-0.00012	0.00056	0.00046	-0.00136	-0.00224	0.00019	-0.00005	-0.00003	0.00054	0.00004	-0.00228	-0.00025	-0.00016	-0.00108	-0.00012	0.00001	-0.00004	0.00000	-0.00073	-0.00099	0.00013
362	-0.00433	-0.00464	0.00209	-0.00026	0.00012	0.00020	-0.00001	0.00005	0.00015	-0.00166	0.00059	-0.00018	-0.00001	-0.00005	0.00013	-0.00189	0.00050	-0.00015	0.00028	-0.00036	0.00048	-0.00007	0.00002	-0.00001	0.00027	0.00002	0.00007	0.00008	0.00002	0.00043	0.00014	-0.00113	-0.00007	-0.00017	0.00050	0.00048	-0.00083	-0.00121	0.00010	-0.00004	0.00007	0.00032	0.00022	-0.00187	-0.00015	0.00007	-0.00063	0.00007	0.00001	-0.00003	0.00000	-0.00045	-0.00124	0.00023
363	-0.00253	-0.00083	0.00312	-0.00023	0.00010	0.00019	-0.00001	0.00003	0.00014	-0.00107	0.00040	-0.00012	0.00001	-0.00004	0.00011	-0.00102	0.00023	-0.00006	0.00030	-0.00048	0.00054	-0.00005	0.00002	-0.00001	0.00039	-0.00042	0.00050	0.00011	-0.00009	0.00073	0.00021	-0.00059	-0.00006	-0.00010	0.00030	0.00033	-0.00092	0.00077	-0.00007	-0.00007	0.00002	0.00010	0.00027	-0.00077	-0.00007	0.00010	0.00015	0.00028	0.00001	0.00000	-0.00000	-0.00044	-0.00046	0.00058
364	-0.00277	0.00034	0.00247	-0.00021	-0.00005	0.00014	-0.00001	0.00003	0.00015	-0.00074	0.00042	-0.00015	0.00002	-0.00003	0.00012	-0.00070	0.00044	-0.00014	0.00023	-0.00038	0.00052	-0.00003	0.00001	-0.00000	0.00029	0.00020	0.00008	0.00008	0.00006	0.00030	0.00031	-0.00014	-0.00004	-0.00007	0.00009	0.00020	-0.00101	-0.00030	0.00003	-0.00011	-0.00006	0.00021	0.00007	0.00015	0.00000	-0.00045	0.00060	0.00032	0.00001	0.00001	-0.00000	-0.00044	-0.00071	0.00072
365	-0.00252	-0.00018	0.00154	-0.00020	0.00004	0.00013	-0.00001	0.00004	0.00015	-0.00055	0.00052	-0.00021	0.00002	-0.00003	0.00012	-0.00063	0.00083	-0.00031	0.00014	-0.00008	0.00037	-0.00002	0.00001	-0.00000	0.00019	0.00050	-0.00020	0.00004	0.00018	-0.00007	0.00023	-0.00019	-0.00002	-0.00009	0.00004	0.00022	-0.00049	-0.00151	0.00014	-0.00009	-0.00017	0.00045	-0.00006	-0.00003	0.00003	-0.00072	0.00014	0.00030	0.00001	-0.00002	0.00000	-0.00029	-0.00045	0.00045
366	-0.00109	0.00049	0.00147	-0.00019	0.00019	0.00014	-0.00001	0.00004	0.00013	-0.00027	0.00024	-0.00009	0.00003	-0.00003	0.00011	-0.00035	0.00052	-0.00020	0.00014	0.00006	0.00022	-0.00001	0.00000	-0.00000	0.00034	0.00023	0.00002	0.00004	0.00007	0.00004	0.00007	-0.00009	-0.00001	-0.00006	0.00004	0.00014	-0.00015	-0.00006	0.00001	-0.00002	-0.00015	0.00054	-0.00016	-0.00033	0.00003	-0.00048	-0.00022	0.00020	0.00000	-0.00002	0.00000	-0.00001	-0.00001	0.00019
367	-0.00017	0.00062	0.00174	-0.00021	0.00007	0.00015	-0.00002	0.00002	0.00012	-0.00006	0.00010	-0.00003	0.00003	-0.00003	0.00011	0.00005	0.00028	-0.00011	0.00031	-0.00005	0.00024	-0.00001	-0.00000	0.00000	0.00041	0.00018	0.00012	0.00005	0.00003	0.00019	0.00015	0.00012	-0.00001	-0.00002	0.00001	0.00007	-0.00013	0.00061	-0.00006	-0.00004	-0.00003	0.00038	-0.00016	0.00005	0.00003	-0.00050	0.00005	0.00028	0.00001	-0.00001	-0.00000	-0.00002	-0.00077	0.00025
368	0.00088	0.00055	0.00130	-0.00023	-0.00005	0.00015	-0.00004	0.00002	0.00015	0.00012	0.00027	-0.00013	0.00003	-0.00002	0.00008	0.00046	0.00078	-0.00032	0.00044	0.00015	0.00016	0.00000	-0.00001	0.00000	0.00026	0.00039	-0.00004	0.00005	0.00012	0.00007	0.00021	-0.00006	-0.00002	-0.00001	-0.00018	0.00004	0.00027	-0.00039	0.00004	-0.00011	-0.00005	0.00015	-0.00014	0.00019	0.00004	-0.00067	0.00015	0.00048	0.00001	-0.00001	-0.00000	0.00022	-0.00075	0.00046
369	0.00243	0.00070	0.00070	-0.00026	-0.00005	0.00017	-0.00004	0.00005	0.00021	0.00048	0.00005	-0.00004	0.00004	-0.00001	0.00009	0.00084	0.00069	-0.00028	0.00031	0.00048	0.00007	0.00002	-0.00001	0.00001	0.00023	0.00071	-0.00018	0.00002	0.00018	-0.00021	0.00001	-0.00020	-0.00000	0.00003	-0.00034	-0.00008	0.00060	-0.00062	0.00006	-0.00008	-0.00019	0.00013	-0.00021	-0.00016	0.00003	-0.00047	-0.00009	0.00021	0.00000	-0.00000	-0.00000	0.00091	0.00023	0.00051
370	0.00284	-0.00207	0.00186	-0.00036	-0.00009	0.00022	-0.00005	0.00003	0.00023	0.00081	-0.00048	0.00019	0.00004	-0.00003	0.00015	0.00111	-0.00036	0.00016	0.00026	0.00018	0.00020	0.00003	-0.00002	0.00001	0.00032	0.00056	-0.00006	0.00003	0.00012	-0.00011	-0.00006	-0.00027	-0.00001	-0.00002	-0.00021	0.00001	0.00034	-0.00054	0.00005	0.00001	-0.00023	0.00036	-0.00024	-0.00058	-0.00002	-0.00035	-0.00020	-0.00004	0.00001	-0.00001	-0.00000	0.00095	0.00006	0.00053
371	0.00288	-0.00357	0.00310	-0.00042	0.00005	0.00026	-0.00007	-0.00001	0.00018	0.00087	-0.00035	0.00011	0.00003	-0.00005	0.00017	0.00139	-0.00042	0.00015	0.00060	-0.00004	0.00018	0.00004	-0.00001	0.00001	0.00033	0.00010	0.00012	0.00008	0.00007	0.00021	-0.00005	-0.00066	-0.00003	-0.00013	0.00004	0.00025	0.00039	-0.00054	0.00005	0.00004	-0.00016	0.00050	-0.00026	-0.00096	-0.00007	-0.00050	-0.00015	0.00027	0.00001	-0.00002	0.00000	0.00053	-0.00046	0.00074
372	0.00435	0.00096	0.00228	-0.00037	0.00031	0.00028	-0.00007	-0.00001	0.00017	0.00081	0.00007	-0.00009	0.00003	-0.00004	0.00012	0.00161	0.00016	-0.00012	0.00091	0.00015	0.00007	0.00003	-0.00001	0.00000	0.00039	0.00018	0.00008	0.00009	0.00008	0.00020	-0.00003	-0.00051	-0.00002	-0.00010	0.00015	0.00019	0.00097	0.00036	-0.00002	-0.00002	-0.00012	0.00049	-0.00016	-0.00054	-0.00005	-0.00047	0.00014	0.00043	0.00001	-0.00001	-0.00000	0.00073	0.00060	0.00055
373	0.00584	0.00316	0.00210	-0.00037	0.00016	0.00028	-0.00009	0.00001	0.00023	0.00093	-0.00028	0.00007	0.00002	-0.00003	0.00011	0.00172	-0.00045	0.00015	0.00087	0.00006	0.00030	0.00003	-0.00001	0.00001	0.00061	0.00026	0.00012	0.00008	0.00009	0.00009	0.00015	0.00019	-0.00000	0.00001	0.00010	-0.00004	0.00089	0.00082	-0.00006	0.00000	-0.00013	0.00048	0.00005	0.00033	0.00001	-0.00034	0.00047	0.00035	0.00001	0.00000	-0.00000	0.00127	0.00157	0.00002
374	0.00647	-0.00218	0.00361	-0.00038	-0.00003	0.00027	-0.00010	0.00002	0.00027	0.00120	-0.00080	0.00029	0.00001	-0.00004	0.00010	0.00201	-0.00120	0.00048	0.00088	-0.00021	0.00053	0.00004	-0.00002	0.00001	0.00066	-0.00008	0.00032	0.00011	0.00008	0.00018	0.00025	0.00003	-0.00002	0.00000	-0.00008	0.00002	0.00055	0.00011	-0.00001	0.00008	-0.00009	0.00043	0.00018	0.00020	0.00002	-0.00036	0.00039	0.00045	0.00001	-0.00000	-0.00000	0.00136	-0.00046	0.00025
375	0.00683	-0.00481	0.00368	-0.00030	0.00028	0.00028	-0.00007	0.00006	0.00027	0.00124	-0.00073	0.00026	0.00001	-0.00003	0.00009	0.00213	-0.00105	0.00038	0.00089	-0.00032	0.00035	0.00004	-0.00003	0.00001	0.00046	0.00003	0.00025	0.00008	0.00011	0.00009	0.00019	-0.00020	-0.00002	-0.00002	-0.00021	0.00009	0.00109	-0.00051	0.00005	0.00002	-0.00006	0.00033	0.00021	0.00014	0.00007	-0.00040	0.00036	0.00036	0.00000	-0.00001	-0.00000	0.00124	-0.00265	0.00082
376	0.00671	-0.00151	0.00275	-0.00029	0.00043	0.00029	-0.00005	0.00007	0.00023	0.00101	-0.00054	0.00019	0.00003	-0.00003	0.00012	0.00187	-0.00087	0.00029	0.00084	-0.00041	0.00025	0.00004	-0.00003	0.00001	0.00043	0.00031	0.00005	0.00003	0.00013	-0.00011	0.00023	0.00046	0.00001	0.00001	-0.00012	0.00001	0.00141	-0.00111	0.00010	-0.00006	-0.00007	0.00023	0.00014	0.00113	0.00016	-0.00039	0.00081	0.00005	0.00001	0.00001	-0.00000	0.00146	-0.00170	0.00088
377	0.00725	-0.00292	0.00384	-0.00033	-0.00009	0.00025	-0.00005	0.00001	0.00020	0.00099	-0.00076	0.00028	0.00004	-0.00003	0.00013	0.00203	-0.00143	0.00052	0.00119	-0.00070	0.00059	0.00004	-0.00003	0.00002	0.00054	-0.00016	0.00020	0.00007	0.00010	0.00008	0.00026	0.00071	0.00003	-0.00010	0.00003	0.00016	0.00103	-0.00173	0.00014	0.00001	-0.00005	0.00026	0.00011	0.00132	0.00011	-0.00036	0.00075	0.00010	0.00001	0.00002	-0.00000	0.00177	-0.00086	0.00078
378	0.00821	-0.00694	0.00534	-0.00029	-0.00045	0.00018	-0.00005	0.00000	0.00021	0.00118	-0.00130	0.00050	0.00003	-0.00002	0.00011	0.00244	-0.00217	0.00079	0.00158	-0.00078	0.00086	0.00005	-0.00005	0.00002	0.00049	-0.00063	0.00040	0.00012	-0.00001	0.00033	0.00012	0.00044	0.00003	-0.00017	0.00009	0.00029	0.00121	-0.00107	0.00010	0.00011	-0.00005	0.00053	0.00015	0.00029	-0.00000	-0.00034	-0.00029	0.00051	0.00001	0.00001	-0.00000	0.00158	-0.00095	0.00047
379	0.00786	-0.00294	0.00460	-0.00022	-0.00010	0.00015	-0.00002	0.00006	0.00020	0.00127	-0.00137	0.00055	0.00004	-0.00000	0.00009	0.00241	-0.00169	0.00063	0.00139	-0.00024	0.00072	0.00005	-0.00006	0.00003	0.00056	-0.00046	0.00039	0.00009	-0.00008	0.00025	0.00002	0.00052	0.00004	-0.00006	0.00008	0.00009	0.00136	0.00100	-0.00004	0.00008	-0.00006	0.00058	0.00005	-0.00003	0.00003	-0.00026	-0.00050	0.00073	0.00000	0.00001	-0.00000	0.00108	-0.00003	0.00016
380	0.00746	-0.00345	0.00524	-0.00012	0.00025	0.00011	0.00000	0.00012	0.00020	0.00154	-0.00209	0.00082	0.00006	-0.00002	0.00016	0.00266	-0.00346	0.00121	0.00107	-0.00120	0.00089	0.00006	-0.00007	0.00004	0.00049	0.00005	0.00020	0.00004	0.00007	0.00002	0.00013	0.00032	0.00001	0.00002	-0.00001	-0.00004	0.00073	0.00151	-0.00008	0.00009	-0.00024	0.00045	0.00008	0.00121	0.00015	-0.00038	0.00131	0.00071	0.00001	0.00001	-0.00000	0.00098	-0.00122	0.00038
381	0.00775	-0.00901	0.00539	-0.00005	0.00008	0.00005	0.00000	0.00010	0.00018	0.00159	-0.00241	0.00094	0.00006	-0.00003	0.00017	0.00279	-0.00477	0.00162	0.00111	-0.00206	0.00095	0.00006	-0.00008	0.00004	0.00016	0.00006	0.00007	-0.00004	0.00016	-0.00018	0.00013	-0.00016	-0.00001	0.00005	-0.00008	-0.00007	0.00059	0.00007	0.00000	0.00015	-0.00024	0.00044	0.00013	0.00122	0.00010	-0.00049	0.00185	0.00052	0.00001	-0.00001	-0.00000	0.00148	-0.00272	0.00055
382	0.00744	0.00218	0.00048	-0.00019	-0.00025	0.00009	0.00000	-0.00000	0.00003	0.00122	0.00050	-0.00011	0.00009	0.00009	-0.00001	0.00232	0.00212	-0.00050	0.00136	0.00126	0.00007	0.00005	-0.00004	0.00002	0.00074	-0.00129	0.00076	0.00008	-0.00005	0.00012	0.00013	0.00008	-0.00003	0.00001	-0.00012	0.00003	0.00066	0.00085	-0.00004	-0.00004	0.00047	-0.00001	-0.00029	-0.00102	-0.00008	-0.00033	-0.00063	-0.00011	0.00001	0.00002	-0.00000	0.00164	0.00020	0.00025
383	0.00947	-0.00892	0.00980	-0.00028	0.00048	0.00021	-0.00003	0.00012	0.00034	0.00240	-0.00412	0.00150	0.00010	-0.00005	0.00026	0.00389	-0.00713	0.00220	0.00143	-0.00203	0.00093	0.00010	-0.00012	0.00006	0.00016	-0.00066	0.00051	0.00014	0.00003	0.00040	0.00031	0.00057	0.00006	-0.00021	-0.00029	0.00050	0.00056	-0.00023	0.00002	0.00025	-0.00040	0.00098	0.00068	0.00220	0.00019	-0.00044	0.00177	0.00105	0.00001	-0.00001	-0.00000	0.00041	0.00095	0.00060
384	0.00740	-0.00942	0.01007	-0.00019	0.00047	0.00018	-0.00002	0.00015	0.00034	0.00225	-0.00429	0.00161	0.00009	-0.00006	0.00028	0.00356	-0.00777	0.00253	0.00106	-0.00254	0.00103	0.00009	-0.00011	0.00006	0.00010	0.00007	0.00036	0.00018	0.00021	0.00043	0.00031	0.00061	0.00007	-0.00021	-0.00031	0.00056	-0.00012	-0.00041	0.00002	0.00026	-0.00065	0.00089	0.00071	0.00333	0.00030	-0.00054	0.00268	0.00097	0.00001	-0.00002	0.00000	-0.00015	-0.00080	0.00046
385	0.00253	-0.03339	0.01694	0.00009	0.00120	0.00004	-0.00005	0.00021	0.00048	0.00207	-0.00908	0.00300	-0.00007	-0.00039	0.00047	0.00308	-0.02012	0.00556	0.00086	-0.00827	0.00210	0.00011	-0.00012	0.00006	-0.00152	0.00191	-0.00099	-0.00014	0.00033	-0.00011	-0.00010	-0.00062	0.00009	-0.00018	-0.00012	0.00028	0.00050	-0.00375	0.00021	0.00047	-0.00173	0.00198	-0.00043	0.00464	0.00056	-0.00122	0.00435	0.00235	0.00001	-0.00011	0.00000	-0.00094	-0.00174	0.00086
386																																																						